row_key,recipe_name,section,original_line,qty,unit,ingredient,note,review
96b923cc-efda-4d9c-9055-97b7fa22413c|0|0,30 Minute Bang Bang Chicken Bowls,for the bowl,,,,,,NULL_LINE re-enter
96b923cc-efda-4d9c-9055-97b7fa22413c|0|1,30 Minute Bang Bang Chicken Bowls,for the bowl,,,,,,NULL_LINE re-enter
96b923cc-efda-4d9c-9055-97b7fa22413c|0|2,30 Minute Bang Bang Chicken Bowls,for the bowl,,,,,,NULL_LINE re-enter
96b923cc-efda-4d9c-9055-97b7fa22413c|1|0,30 Minute Bang Bang Chicken Bowls,for the sauce,,,,,,NULL_LINE re-enter
96b923cc-efda-4d9c-9055-97b7fa22413c|1|1,30 Minute Bang Bang Chicken Bowls,for the sauce,,,,,,NULL_LINE re-enter
96b923cc-efda-4d9c-9055-97b7fa22413c|1|2,30 Minute Bang Bang Chicken Bowls,for the sauce,,,,,,NULL_LINE re-enter
96b923cc-efda-4d9c-9055-97b7fa22413c|1|3,30 Minute Bang Bang Chicken Bowls,for the sauce,,,,,,NULL_LINE re-enter
96b923cc-efda-4d9c-9055-97b7fa22413c|1|4,30 Minute Bang Bang Chicken Bowls,for the sauce,,,,,,NULL_LINE re-enter
96b923cc-efda-4d9c-9055-97b7fa22413c|2|0,30 Minute Bang Bang Chicken Bowls,for the chicken,,,,,,NULL_LINE re-enter
96b923cc-efda-4d9c-9055-97b7fa22413c|2|1,30 Minute Bang Bang Chicken Bowls,for the chicken,,,,,,NULL_LINE re-enter
96b923cc-efda-4d9c-9055-97b7fa22413c|2|2,30 Minute Bang Bang Chicken Bowls,for the chicken,,,,,,NULL_LINE re-enter
96b923cc-efda-4d9c-9055-97b7fa22413c|2|3,30 Minute Bang Bang Chicken Bowls,for the chicken,,,,,,NULL_LINE re-enter
96b923cc-efda-4d9c-9055-97b7fa22413c|2|4,30 Minute Bang Bang Chicken Bowls,for the chicken,,,,,,NULL_LINE re-enter
96b923cc-efda-4d9c-9055-97b7fa22413c|2|5,30 Minute Bang Bang Chicken Bowls,for the chicken,,,,,,NULL_LINE re-enter
96b923cc-efda-4d9c-9055-97b7fa22413c|2|6,30 Minute Bang Bang Chicken Bowls,for the chicken,,,,,,NULL_LINE re-enter
96b923cc-efda-4d9c-9055-97b7fa22413c|2|7,30 Minute Bang Bang Chicken Bowls,for the chicken,,,,,,NULL_LINE re-enter
e4695d2d-0e6c-4658-9609-92f4ecf97bce|0|0,4 Ingredient Date Balls,Main,,,,,,NULL_LINE re-enter
e4695d2d-0e6c-4658-9609-92f4ecf97bce|0|1,4 Ingredient Date Balls,Main,,,,,,NULL_LINE re-enter
e4695d2d-0e6c-4658-9609-92f4ecf97bce|0|2,4 Ingredient Date Balls,Main,,,,,,NULL_LINE re-enter
e4695d2d-0e6c-4658-9609-92f4ecf97bce|0|3,4 Ingredient Date Balls,Main,,,,,,NULL_LINE re-enter
e4695d2d-0e6c-4658-9609-92f4ecf97bce|0|4,4 Ingredient Date Balls,Main,,,,,,NULL_LINE re-enter
58a9c00e-bc81-45e0-85f8-0eefb93e4426|0|0,4 Ingredient Rice Cake Chocolate Bars,Main,,,,,,NULL_LINE re-enter
58a9c00e-bc81-45e0-85f8-0eefb93e4426|0|1,4 Ingredient Rice Cake Chocolate Bars,Main,,,,,,NULL_LINE re-enter
58a9c00e-bc81-45e0-85f8-0eefb93e4426|0|2,4 Ingredient Rice Cake Chocolate Bars,Main,,,,,,NULL_LINE re-enter
58a9c00e-bc81-45e0-85f8-0eefb93e4426|0|3,4 Ingredient Rice Cake Chocolate Bars,Main,,,,,,NULL_LINE re-enter
58a9c00e-bc81-45e0-85f8-0eefb93e4426|0|4,4 Ingredient Rice Cake Chocolate Bars,Main,,,,,,NULL_LINE re-enter
064f61de-5601-42ef-8c5e-0cba552801e0|0|0,Air Fryer Cinnamon Roll Oats,Oat Base,,,,,,NULL_LINE re-enter
064f61de-5601-42ef-8c5e-0cba552801e0|0|1,Air Fryer Cinnamon Roll Oats,Oat Base,,,,,,NULL_LINE re-enter
064f61de-5601-42ef-8c5e-0cba552801e0|0|2,Air Fryer Cinnamon Roll Oats,Oat Base,,,,,,NULL_LINE re-enter
064f61de-5601-42ef-8c5e-0cba552801e0|0|3,Air Fryer Cinnamon Roll Oats,Oat Base,,,,,,NULL_LINE re-enter
064f61de-5601-42ef-8c5e-0cba552801e0|0|4,Air Fryer Cinnamon Roll Oats,Oat Base,,,,,,NULL_LINE re-enter
064f61de-5601-42ef-8c5e-0cba552801e0|0|5,Air Fryer Cinnamon Roll Oats,Oat Base,,,,,,NULL_LINE re-enter
064f61de-5601-42ef-8c5e-0cba552801e0|0|6,Air Fryer Cinnamon Roll Oats,Oat Base,,,,,,NULL_LINE re-enter
064f61de-5601-42ef-8c5e-0cba552801e0|0|7,Air Fryer Cinnamon Roll Oats,Oat Base,,,,,,NULL_LINE re-enter
064f61de-5601-42ef-8c5e-0cba552801e0|0|8,Air Fryer Cinnamon Roll Oats,Oat Base,,,,,,NULL_LINE re-enter
064f61de-5601-42ef-8c5e-0cba552801e0|1|0,Air Fryer Cinnamon Roll Oats,Cinnamon Swirl,,,,,,NULL_LINE re-enter
064f61de-5601-42ef-8c5e-0cba552801e0|1|1,Air Fryer Cinnamon Roll Oats,Cinnamon Swirl,,,,,,NULL_LINE re-enter
064f61de-5601-42ef-8c5e-0cba552801e0|1|2,Air Fryer Cinnamon Roll Oats,Cinnamon Swirl,,,,,,NULL_LINE re-enter
064f61de-5601-42ef-8c5e-0cba552801e0|1|3,Air Fryer Cinnamon Roll Oats,Cinnamon Swirl,,,,,,NULL_LINE re-enter
064f61de-5601-42ef-8c5e-0cba552801e0|2|0,Air Fryer Cinnamon Roll Oats,Icing,,,,,,NULL_LINE re-enter
064f61de-5601-42ef-8c5e-0cba552801e0|2|1,Air Fryer Cinnamon Roll Oats,Icing,,,,,,NULL_LINE re-enter
81b740e7-3f00-49b2-a11e-ac637d9be5ec|0|0,Air Fryer Spring Rolls,Filling,,,,,,NULL_LINE re-enter
81b740e7-3f00-49b2-a11e-ac637d9be5ec|0|1,Air Fryer Spring Rolls,Filling,,,,,,NULL_LINE re-enter
81b740e7-3f00-49b2-a11e-ac637d9be5ec|0|2,Air Fryer Spring Rolls,Filling,,,,,,NULL_LINE re-enter
81b740e7-3f00-49b2-a11e-ac637d9be5ec|0|3,Air Fryer Spring Rolls,Filling,,,,,,NULL_LINE re-enter
81b740e7-3f00-49b2-a11e-ac637d9be5ec|0|4,Air Fryer Spring Rolls,Filling,,,,,,NULL_LINE re-enter
81b740e7-3f00-49b2-a11e-ac637d9be5ec|0|5,Air Fryer Spring Rolls,Filling,,,,,,NULL_LINE re-enter
81b740e7-3f00-49b2-a11e-ac637d9be5ec|0|6,Air Fryer Spring Rolls,Filling,,,,,,NULL_LINE re-enter
81b740e7-3f00-49b2-a11e-ac637d9be5ec|0|7,Air Fryer Spring Rolls,Filling,,,,,,NULL_LINE re-enter
81b740e7-3f00-49b2-a11e-ac637d9be5ec|0|8,Air Fryer Spring Rolls,Filling,,,,,,NULL_LINE re-enter
81b740e7-3f00-49b2-a11e-ac637d9be5ec|0|9,Air Fryer Spring Rolls,Filling,,,,,,NULL_LINE re-enter
81b740e7-3f00-49b2-a11e-ac637d9be5ec|0|10,Air Fryer Spring Rolls,Filling,,,,,,NULL_LINE re-enter
81b740e7-3f00-49b2-a11e-ac637d9be5ec|0|11,Air Fryer Spring Rolls,Filling,,,,,,NULL_LINE re-enter
81b740e7-3f00-49b2-a11e-ac637d9be5ec|1|0,Air Fryer Spring Rolls,Wrappers,,,,,,NULL_LINE re-enter
81b740e7-3f00-49b2-a11e-ac637d9be5ec|1|1,Air Fryer Spring Rolls,Wrappers,,,,,,NULL_LINE re-enter
81b740e7-3f00-49b2-a11e-ac637d9be5ec|2|0,Air Fryer Spring Rolls,Peanut Dipping Sauce,,,,,,NULL_LINE re-enter
81b740e7-3f00-49b2-a11e-ac637d9be5ec|2|1,Air Fryer Spring Rolls,Peanut Dipping Sauce,,,,,,NULL_LINE re-enter
81b740e7-3f00-49b2-a11e-ac637d9be5ec|2|2,Air Fryer Spring Rolls,Peanut Dipping Sauce,,,,,,NULL_LINE re-enter
81b740e7-3f00-49b2-a11e-ac637d9be5ec|2|3,Air Fryer Spring Rolls,Peanut Dipping Sauce,,,,,,NULL_LINE re-enter
81b740e7-3f00-49b2-a11e-ac637d9be5ec|2|4,Air Fryer Spring Rolls,Peanut Dipping Sauce,,,,,,NULL_LINE re-enter
81b740e7-3f00-49b2-a11e-ac637d9be5ec|2|5,Air Fryer Spring Rolls,Peanut Dipping Sauce,,,,,,NULL_LINE re-enter
59cc4c40-ed85-40ea-9b63-5efbceb4b04d|0|0,Apple Almond Yogurt Bowl,Main,,,,,,NULL_LINE re-enter
59cc4c40-ed85-40ea-9b63-5efbceb4b04d|0|1,Apple Almond Yogurt Bowl,Main,,,,,,NULL_LINE re-enter
59cc4c40-ed85-40ea-9b63-5efbceb4b04d|0|2,Apple Almond Yogurt Bowl,Main,,,,,,NULL_LINE re-enter
59cc4c40-ed85-40ea-9b63-5efbceb4b04d|0|3,Apple Almond Yogurt Bowl,Main,,,,,,NULL_LINE re-enter
59cc4c40-ed85-40ea-9b63-5efbceb4b04d|0|4,Apple Almond Yogurt Bowl,Main,,,,,,NULL_LINE re-enter
59cc4c40-ed85-40ea-9b63-5efbceb4b04d|0|5,Apple Almond Yogurt Bowl,Main,,,,,,NULL_LINE re-enter
bcb95ded-db59-44e4-8ee4-f6e162b94d77|0|0,Asian Chicken Salad with Cucumber and Crispy Seaweed,salad,,,,,,NULL_LINE re-enter
bcb95ded-db59-44e4-8ee4-f6e162b94d77|0|1,Asian Chicken Salad with Cucumber and Crispy Seaweed,salad,,,,,,NULL_LINE re-enter
bcb95ded-db59-44e4-8ee4-f6e162b94d77|0|2,Asian Chicken Salad with Cucumber and Crispy Seaweed,salad,,,,,,NULL_LINE re-enter
bcb95ded-db59-44e4-8ee4-f6e162b94d77|0|3,Asian Chicken Salad with Cucumber and Crispy Seaweed,salad,,,,,,NULL_LINE re-enter
bcb95ded-db59-44e4-8ee4-f6e162b94d77|0|4,Asian Chicken Salad with Cucumber and Crispy Seaweed,salad,,,,,,NULL_LINE re-enter
bcb95ded-db59-44e4-8ee4-f6e162b94d77|0|5,Asian Chicken Salad with Cucumber and Crispy Seaweed,salad,,,,,,NULL_LINE re-enter
bcb95ded-db59-44e4-8ee4-f6e162b94d77|1|0,Asian Chicken Salad with Cucumber and Crispy Seaweed,to serve,,,,,,NULL_LINE re-enter
bcb95ded-db59-44e4-8ee4-f6e162b94d77|1|1,Asian Chicken Salad with Cucumber and Crispy Seaweed,to serve,,,,,,NULL_LINE re-enter
bcb95ded-db59-44e4-8ee4-f6e162b94d77|1|2,Asian Chicken Salad with Cucumber and Crispy Seaweed,to serve,,,,,,NULL_LINE re-enter
cd77fa5d-5571-4afc-adaf-88561bc341a9|0|0,Baked Middle Eastern Chicken Tray,main,,,,,,NULL_LINE re-enter
cd77fa5d-5571-4afc-adaf-88561bc341a9|0|1,Baked Middle Eastern Chicken Tray,main,,,,,,NULL_LINE re-enter
cd77fa5d-5571-4afc-adaf-88561bc341a9|0|2,Baked Middle Eastern Chicken Tray,main,,,,,,NULL_LINE re-enter
cd77fa5d-5571-4afc-adaf-88561bc341a9|0|3,Baked Middle Eastern Chicken Tray,main,,,,,,NULL_LINE re-enter
cd77fa5d-5571-4afc-adaf-88561bc341a9|0|4,Baked Middle Eastern Chicken Tray,main,,,,,,NULL_LINE re-enter
cd77fa5d-5571-4afc-adaf-88561bc341a9|0|5,Baked Middle Eastern Chicken Tray,main,,,,,,NULL_LINE re-enter
cd77fa5d-5571-4afc-adaf-88561bc341a9|0|6,Baked Middle Eastern Chicken Tray,main,,,,,,NULL_LINE re-enter
cd77fa5d-5571-4afc-adaf-88561bc341a9|0|7,Baked Middle Eastern Chicken Tray,main,,,,,,NULL_LINE re-enter
cd77fa5d-5571-4afc-adaf-88561bc341a9|0|8,Baked Middle Eastern Chicken Tray,main,,,,,,NULL_LINE re-enter
cd77fa5d-5571-4afc-adaf-88561bc341a9|0|9,Baked Middle Eastern Chicken Tray,main,,,,,,NULL_LINE re-enter
18632440-2773-439d-87d2-6619289b03b0|0|0,Banh Cuon - Vietnamese Rice Paper Rolls,toppings,,,,,,NULL_LINE re-enter
18632440-2773-439d-87d2-6619289b03b0|0|1,Banh Cuon - Vietnamese Rice Paper Rolls,toppings,,,,,,NULL_LINE re-enter
18632440-2773-439d-87d2-6619289b03b0|0|2,Banh Cuon - Vietnamese Rice Paper Rolls,toppings,,,,,,NULL_LINE re-enter
18632440-2773-439d-87d2-6619289b03b0|1|0,Banh Cuon - Vietnamese Rice Paper Rolls,spicy fish sauce,,,,,,NULL_LINE re-enter
18632440-2773-439d-87d2-6619289b03b0|1|1,Banh Cuon - Vietnamese Rice Paper Rolls,spicy fish sauce,,,,,,NULL_LINE re-enter
18632440-2773-439d-87d2-6619289b03b0|1|2,Banh Cuon - Vietnamese Rice Paper Rolls,spicy fish sauce,,,,,,NULL_LINE re-enter
18632440-2773-439d-87d2-6619289b03b0|1|3,Banh Cuon - Vietnamese Rice Paper Rolls,spicy fish sauce,,,,,,NULL_LINE re-enter
18632440-2773-439d-87d2-6619289b03b0|1|4,Banh Cuon - Vietnamese Rice Paper Rolls,spicy fish sauce,,,,,,NULL_LINE re-enter
18632440-2773-439d-87d2-6619289b03b0|2|0,Banh Cuon - Vietnamese Rice Paper Rolls,ingredients per 1 serving,,,,,,NULL_LINE re-enter
18632440-2773-439d-87d2-6619289b03b0|2|1,Banh Cuon - Vietnamese Rice Paper Rolls,ingredients per 1 serving,,,,,,NULL_LINE re-enter
18632440-2773-439d-87d2-6619289b03b0|2|2,Banh Cuon - Vietnamese Rice Paper Rolls,ingredients per 1 serving,,,,,,NULL_LINE re-enter
18632440-2773-439d-87d2-6619289b03b0|2|3,Banh Cuon - Vietnamese Rice Paper Rolls,ingredients per 1 serving,,,,,,NULL_LINE re-enter
18632440-2773-439d-87d2-6619289b03b0|2|4,Banh Cuon - Vietnamese Rice Paper Rolls,ingredients per 1 serving,,,,,,NULL_LINE re-enter
18632440-2773-439d-87d2-6619289b03b0|2|5,Banh Cuon - Vietnamese Rice Paper Rolls,ingredients per 1 serving,,,,,,NULL_LINE re-enter
18632440-2773-439d-87d2-6619289b03b0|2|6,Banh Cuon - Vietnamese Rice Paper Rolls,ingredients per 1 serving,,,,,,NULL_LINE re-enter
18632440-2773-439d-87d2-6619289b03b0|2|7,Banh Cuon - Vietnamese Rice Paper Rolls,ingredients per 1 serving,,,,,,NULL_LINE re-enter
18632440-2773-439d-87d2-6619289b03b0|2|8,Banh Cuon - Vietnamese Rice Paper Rolls,ingredients per 1 serving,,,,,,NULL_LINE re-enter
9af1cd54-75a4-4568-857d-547940d32d20|0|0,Basic Oat Flour Pancakes,Main,,,,,,NULL_LINE re-enter
9af1cd54-75a4-4568-857d-547940d32d20|0|1,Basic Oat Flour Pancakes,Main,,,,,,NULL_LINE re-enter
9af1cd54-75a4-4568-857d-547940d32d20|0|2,Basic Oat Flour Pancakes,Main,,,,,,NULL_LINE re-enter
9af1cd54-75a4-4568-857d-547940d32d20|0|3,Basic Oat Flour Pancakes,Main,,,,,,NULL_LINE re-enter
9af1cd54-75a4-4568-857d-547940d32d20|0|4,Basic Oat Flour Pancakes,Main,,,,,,NULL_LINE re-enter
9af1cd54-75a4-4568-857d-547940d32d20|1|0,Basic Oat Flour Pancakes,Suggested Toppings,,,,,,NULL_LINE re-enter
9af1cd54-75a4-4568-857d-547940d32d20|1|1,Basic Oat Flour Pancakes,Suggested Toppings,,,,,,NULL_LINE re-enter
9af1cd54-75a4-4568-857d-547940d32d20|1|2,Basic Oat Flour Pancakes,Suggested Toppings,,,,,,NULL_LINE re-enter
9af1cd54-75a4-4568-857d-547940d32d20|1|3,Basic Oat Flour Pancakes,Suggested Toppings,,,,,,NULL_LINE re-enter
9af1cd54-75a4-4568-857d-547940d32d20|1|4,Basic Oat Flour Pancakes,Suggested Toppings,,,,,,NULL_LINE re-enter
fc79b256-4c03-4e40-bbc4-7b500a3a074c|0|0,BBQ Chicken Stuffed Sweet Potatoes,main,,,,,,NULL_LINE re-enter
fc79b256-4c03-4e40-bbc4-7b500a3a074c|0|1,BBQ Chicken Stuffed Sweet Potatoes,main,,,,,,NULL_LINE re-enter
fc79b256-4c03-4e40-bbc4-7b500a3a074c|0|2,BBQ Chicken Stuffed Sweet Potatoes,main,,,,,,NULL_LINE re-enter
fc79b256-4c03-4e40-bbc4-7b500a3a074c|0|3,BBQ Chicken Stuffed Sweet Potatoes,main,,,,,,NULL_LINE re-enter
fc79b256-4c03-4e40-bbc4-7b500a3a074c|0|4,BBQ Chicken Stuffed Sweet Potatoes,main,,,,,,NULL_LINE re-enter
fc79b256-4c03-4e40-bbc4-7b500a3a074c|0|5,BBQ Chicken Stuffed Sweet Potatoes,main,,,,,,NULL_LINE re-enter
fc79b256-4c03-4e40-bbc4-7b500a3a074c|1|0,BBQ Chicken Stuffed Sweet Potatoes,optional,,,,,,NULL_LINE re-enter
fc79b256-4c03-4e40-bbc4-7b500a3a074c|2|0,BBQ Chicken Stuffed Sweet Potatoes,for the slaw,,,,,,NULL_LINE re-enter
fc79b256-4c03-4e40-bbc4-7b500a3a074c|2|1,BBQ Chicken Stuffed Sweet Potatoes,for the slaw,,,,,,NULL_LINE re-enter
fc79b256-4c03-4e40-bbc4-7b500a3a074c|2|2,BBQ Chicken Stuffed Sweet Potatoes,for the slaw,,,,,,NULL_LINE re-enter
fc79b256-4c03-4e40-bbc4-7b500a3a074c|2|3,BBQ Chicken Stuffed Sweet Potatoes,for the slaw,,,,,,NULL_LINE re-enter
fc79b256-4c03-4e40-bbc4-7b500a3a074c|2|4,BBQ Chicken Stuffed Sweet Potatoes,for the slaw,,,,,,NULL_LINE re-enter
19843e4a-f7f1-48d8-b31b-f83b6c98288c|0|0,Blended Overnight Oats,Main,,,,,,NULL_LINE re-enter
19843e4a-f7f1-48d8-b31b-f83b6c98288c|0|1,Blended Overnight Oats,Main,,,,,,NULL_LINE re-enter
19843e4a-f7f1-48d8-b31b-f83b6c98288c|0|2,Blended Overnight Oats,Main,,,,,,NULL_LINE re-enter
19843e4a-f7f1-48d8-b31b-f83b6c98288c|0|3,Blended Overnight Oats,Main,,,,,,NULL_LINE re-enter
19843e4a-f7f1-48d8-b31b-f83b6c98288c|0|4,Blended Overnight Oats,Main,,,,,,NULL_LINE re-enter
19843e4a-f7f1-48d8-b31b-f83b6c98288c|1|0,Blended Overnight Oats,Topping,,,,,,NULL_LINE re-enter
19843e4a-f7f1-48d8-b31b-f83b6c98288c|1|1,Blended Overnight Oats,Topping,,,,,,NULL_LINE re-enter
aa39f281-4492-4113-8ef5-fd02383449d8|0|0,Blended Raspberry Protein Chia Pudding,Main,,,,,,NULL_LINE re-enter
aa39f281-4492-4113-8ef5-fd02383449d8|0|1,Blended Raspberry Protein Chia Pudding,Main,,,,,,NULL_LINE re-enter
aa39f281-4492-4113-8ef5-fd02383449d8|0|2,Blended Raspberry Protein Chia Pudding,Main,,,,,,NULL_LINE re-enter
aa39f281-4492-4113-8ef5-fd02383449d8|0|3,Blended Raspberry Protein Chia Pudding,Main,,,,,,NULL_LINE re-enter
aa39f281-4492-4113-8ef5-fd02383449d8|0|4,Blended Raspberry Protein Chia Pudding,Main,,,,,,NULL_LINE re-enter
aa39f281-4492-4113-8ef5-fd02383449d8|1|0,Blended Raspberry Protein Chia Pudding,Toppings,,,,,,NULL_LINE re-enter
aa39f281-4492-4113-8ef5-fd02383449d8|1|1,Blended Raspberry Protein Chia Pudding,Toppings,,,,,,NULL_LINE re-enter
d02e32b7-9c67-4ae7-8e45-e2693e1e8fac|0|0,Blueberry Cheesecake Yogurt Bowl,Main,,,,,,NULL_LINE re-enter
d02e32b7-9c67-4ae7-8e45-e2693e1e8fac|0|1,Blueberry Cheesecake Yogurt Bowl,Main,,,,,,NULL_LINE re-enter
d02e32b7-9c67-4ae7-8e45-e2693e1e8fac|0|2,Blueberry Cheesecake Yogurt Bowl,Main,,,,,,NULL_LINE re-enter
d02e32b7-9c67-4ae7-8e45-e2693e1e8fac|0|3,Blueberry Cheesecake Yogurt Bowl,Main,,,,,,NULL_LINE re-enter
d02e32b7-9c67-4ae7-8e45-e2693e1e8fac|0|4,Blueberry Cheesecake Yogurt Bowl,Main,,,,,,NULL_LINE re-enter
d02e32b7-9c67-4ae7-8e45-e2693e1e8fac|0|5,Blueberry Cheesecake Yogurt Bowl,Main,,,,,,NULL_LINE re-enter
83bab5f5-cc38-4059-8343-a649050d94e1|0|0,"Blueberry, Lemon and Coconut Overnight Oats",Oats,,,,,,NULL_LINE re-enter
83bab5f5-cc38-4059-8343-a649050d94e1|0|1,"Blueberry, Lemon and Coconut Overnight Oats",Oats,,,,,,NULL_LINE re-enter
83bab5f5-cc38-4059-8343-a649050d94e1|0|2,"Blueberry, Lemon and Coconut Overnight Oats",Oats,,,,,,NULL_LINE re-enter
83bab5f5-cc38-4059-8343-a649050d94e1|0|3,"Blueberry, Lemon and Coconut Overnight Oats",Oats,,,,,,NULL_LINE re-enter
83bab5f5-cc38-4059-8343-a649050d94e1|0|4,"Blueberry, Lemon and Coconut Overnight Oats",Oats,,,,,,NULL_LINE re-enter
83bab5f5-cc38-4059-8343-a649050d94e1|0|5,"Blueberry, Lemon and Coconut Overnight Oats",Oats,,,,,,NULL_LINE re-enter
83bab5f5-cc38-4059-8343-a649050d94e1|0|6,"Blueberry, Lemon and Coconut Overnight Oats",Oats,,,,,,NULL_LINE re-enter
2afeb508-4845-4b72-b6e7-090c5d60b015|0|0,Bone Broth Smothered Chicken,main,,,,,,NULL_LINE re-enter
2afeb508-4845-4b72-b6e7-090c5d60b015|0|1,Bone Broth Smothered Chicken,main,,,,,,NULL_LINE re-enter
2afeb508-4845-4b72-b6e7-090c5d60b015|0|2,Bone Broth Smothered Chicken,main,,,,,,NULL_LINE re-enter
2afeb508-4845-4b72-b6e7-090c5d60b015|0|3,Bone Broth Smothered Chicken,main,,,,,,NULL_LINE re-enter
2afeb508-4845-4b72-b6e7-090c5d60b015|0|4,Bone Broth Smothered Chicken,main,,,,,,NULL_LINE re-enter
2afeb508-4845-4b72-b6e7-090c5d60b015|0|5,Bone Broth Smothered Chicken,main,,,,,,NULL_LINE re-enter
2afeb508-4845-4b72-b6e7-090c5d60b015|0|6,Bone Broth Smothered Chicken,main,,,,,,NULL_LINE re-enter
2afeb508-4845-4b72-b6e7-090c5d60b015|0|7,Bone Broth Smothered Chicken,main,,,,,,NULL_LINE re-enter
2afeb508-4845-4b72-b6e7-090c5d60b015|0|8,Bone Broth Smothered Chicken,main,,,,,,NULL_LINE re-enter
2afeb508-4845-4b72-b6e7-090c5d60b015|0|9,Bone Broth Smothered Chicken,main,,,,,,NULL_LINE re-enter
2afeb508-4845-4b72-b6e7-090c5d60b015|0|10,Bone Broth Smothered Chicken,main,,,,,,NULL_LINE re-enter
2afeb508-4845-4b72-b6e7-090c5d60b015|0|11,Bone Broth Smothered Chicken,main,,,,,,NULL_LINE re-enter
2afeb508-4845-4b72-b6e7-090c5d60b015|0|12,Bone Broth Smothered Chicken,main,,,,,,NULL_LINE re-enter
a14481d3-f334-45a1-bcf0-155bd45eddcc|0|0,Bounty Bar Overnight Oats,Main,,,,,,NULL_LINE re-enter
a14481d3-f334-45a1-bcf0-155bd45eddcc|0|1,Bounty Bar Overnight Oats,Main,,,,,,NULL_LINE re-enter
a14481d3-f334-45a1-bcf0-155bd45eddcc|0|2,Bounty Bar Overnight Oats,Main,,,,,,NULL_LINE re-enter
a14481d3-f334-45a1-bcf0-155bd45eddcc|0|3,Bounty Bar Overnight Oats,Main,,,,,,NULL_LINE re-enter
a14481d3-f334-45a1-bcf0-155bd45eddcc|0|4,Bounty Bar Overnight Oats,Main,,,,,,NULL_LINE re-enter
a14481d3-f334-45a1-bcf0-155bd45eddcc|0|5,Bounty Bar Overnight Oats,Main,,,,,,NULL_LINE re-enter
a14481d3-f334-45a1-bcf0-155bd45eddcc|0|6,Bounty Bar Overnight Oats,Main,,,,,,NULL_LINE re-enter
6737e00f-9e82-4a1f-9404-ca28f8011662|0|0,Brothy Miso Ginger Chicken and Rice,main,,,,,,NULL_LINE re-enter
6737e00f-9e82-4a1f-9404-ca28f8011662|0|1,Brothy Miso Ginger Chicken and Rice,main,,,,,,NULL_LINE re-enter
6737e00f-9e82-4a1f-9404-ca28f8011662|0|2,Brothy Miso Ginger Chicken and Rice,main,,,,,,NULL_LINE re-enter
6737e00f-9e82-4a1f-9404-ca28f8011662|0|3,Brothy Miso Ginger Chicken and Rice,main,,,,,,NULL_LINE re-enter
6737e00f-9e82-4a1f-9404-ca28f8011662|0|4,Brothy Miso Ginger Chicken and Rice,main,,,,,,NULL_LINE re-enter
6737e00f-9e82-4a1f-9404-ca28f8011662|0|5,Brothy Miso Ginger Chicken and Rice,main,,,,,,NULL_LINE re-enter
6737e00f-9e82-4a1f-9404-ca28f8011662|0|6,Brothy Miso Ginger Chicken and Rice,main,,,,,,NULL_LINE re-enter
6737e00f-9e82-4a1f-9404-ca28f8011662|0|7,Brothy Miso Ginger Chicken and Rice,main,,,,,,NULL_LINE re-enter
6737e00f-9e82-4a1f-9404-ca28f8011662|0|8,Brothy Miso Ginger Chicken and Rice,main,,,,,,NULL_LINE re-enter
6737e00f-9e82-4a1f-9404-ca28f8011662|0|9,Brothy Miso Ginger Chicken and Rice,main,,,,,,NULL_LINE re-enter
6737e00f-9e82-4a1f-9404-ca28f8011662|0|10,Brothy Miso Ginger Chicken and Rice,main,,,,,,NULL_LINE re-enter
6737e00f-9e82-4a1f-9404-ca28f8011662|0|11,Brothy Miso Ginger Chicken and Rice,main,,,,,,NULL_LINE re-enter
6737e00f-9e82-4a1f-9404-ca28f8011662|0|12,Brothy Miso Ginger Chicken and Rice,main,,,,,,NULL_LINE re-enter
6737e00f-9e82-4a1f-9404-ca28f8011662|0|13,Brothy Miso Ginger Chicken and Rice,main,,,,,,NULL_LINE re-enter
1142e72b-e586-47ce-bbee-46f61c1b927c|0|0,Brownie Batter Overnight Oats,Base,,,,,,NULL_LINE re-enter
1142e72b-e586-47ce-bbee-46f61c1b927c|0|1,Brownie Batter Overnight Oats,Base,,,,,,NULL_LINE re-enter
1142e72b-e586-47ce-bbee-46f61c1b927c|0|2,Brownie Batter Overnight Oats,Base,,,,,,NULL_LINE re-enter
1142e72b-e586-47ce-bbee-46f61c1b927c|0|3,Brownie Batter Overnight Oats,Base,,,,,,NULL_LINE re-enter
1142e72b-e586-47ce-bbee-46f61c1b927c|0|4,Brownie Batter Overnight Oats,Base,,,,,,NULL_LINE re-enter
1142e72b-e586-47ce-bbee-46f61c1b927c|0|5,Brownie Batter Overnight Oats,Base,,,,,,NULL_LINE re-enter
1142e72b-e586-47ce-bbee-46f61c1b927c|0|6,Brownie Batter Overnight Oats,Base,,,,,,NULL_LINE re-enter
1142e72b-e586-47ce-bbee-46f61c1b927c|0|7,Brownie Batter Overnight Oats,Base,,,,,,NULL_LINE re-enter
1142e72b-e586-47ce-bbee-46f61c1b927c|1|0,Brownie Batter Overnight Oats,Topping,,,,,,NULL_LINE re-enter
33248cb6-4aa5-49b5-8bc4-82668a066495|0|0,Buffalo Chicken Wrap,to serve,,,,,,NULL_LINE re-enter
33248cb6-4aa5-49b5-8bc4-82668a066495|0|1,Buffalo Chicken Wrap,to serve,,,,,,NULL_LINE re-enter
33248cb6-4aa5-49b5-8bc4-82668a066495|0|2,Buffalo Chicken Wrap,to serve,,,,,,NULL_LINE re-enter
33248cb6-4aa5-49b5-8bc4-82668a066495|0|3,Buffalo Chicken Wrap,to serve,,,,,,NULL_LINE re-enter
33248cb6-4aa5-49b5-8bc4-82668a066495|1|0,Buffalo Chicken Wrap,chicken breast,,,,,,NULL_LINE re-enter
33248cb6-4aa5-49b5-8bc4-82668a066495|1|1,Buffalo Chicken Wrap,chicken breast,,,,,,NULL_LINE re-enter
33248cb6-4aa5-49b5-8bc4-82668a066495|1|2,Buffalo Chicken Wrap,chicken breast,,,,,,NULL_LINE re-enter
33248cb6-4aa5-49b5-8bc4-82668a066495|1|3,Buffalo Chicken Wrap,chicken breast,,,,,,NULL_LINE re-enter
33248cb6-4aa5-49b5-8bc4-82668a066495|1|4,Buffalo Chicken Wrap,chicken breast,,,,,,NULL_LINE re-enter
33248cb6-4aa5-49b5-8bc4-82668a066495|1|5,Buffalo Chicken Wrap,chicken breast,,,,,,NULL_LINE re-enter
33248cb6-4aa5-49b5-8bc4-82668a066495|1|6,Buffalo Chicken Wrap,chicken breast,,,,,,NULL_LINE re-enter
33248cb6-4aa5-49b5-8bc4-82668a066495|1|7,Buffalo Chicken Wrap,chicken breast,,,,,,NULL_LINE re-enter
33248cb6-4aa5-49b5-8bc4-82668a066495|2|0,Buffalo Chicken Wrap,homemade coleslaw,,,,,,NULL_LINE re-enter
33248cb6-4aa5-49b5-8bc4-82668a066495|2|1,Buffalo Chicken Wrap,homemade coleslaw,,,,,,NULL_LINE re-enter
33248cb6-4aa5-49b5-8bc4-82668a066495|2|2,Buffalo Chicken Wrap,homemade coleslaw,,,,,,NULL_LINE re-enter
33248cb6-4aa5-49b5-8bc4-82668a066495|2|3,Buffalo Chicken Wrap,homemade coleslaw,,,,,,NULL_LINE re-enter
33248cb6-4aa5-49b5-8bc4-82668a066495|2|4,Buffalo Chicken Wrap,homemade coleslaw,,,,,,NULL_LINE re-enter
33248cb6-4aa5-49b5-8bc4-82668a066495|2|5,Buffalo Chicken Wrap,homemade coleslaw,,,,,,NULL_LINE re-enter
33248cb6-4aa5-49b5-8bc4-82668a066495|2|6,Buffalo Chicken Wrap,homemade coleslaw,,,,,,NULL_LINE re-enter
b13ccd14-d377-4a4b-8b8b-6ae6e2aa56f1|0|0,Burger Bowl,Bowl,,,,,,NULL_LINE re-enter
b13ccd14-d377-4a4b-8b8b-6ae6e2aa56f1|0|1,Burger Bowl,Bowl,,,,,,NULL_LINE re-enter
b13ccd14-d377-4a4b-8b8b-6ae6e2aa56f1|0|2,Burger Bowl,Bowl,,,,,,NULL_LINE re-enter
b13ccd14-d377-4a4b-8b8b-6ae6e2aa56f1|0|3,Burger Bowl,Bowl,,,,,,NULL_LINE re-enter
b13ccd14-d377-4a4b-8b8b-6ae6e2aa56f1|0|4,Burger Bowl,Bowl,,,,,,NULL_LINE re-enter
b13ccd14-d377-4a4b-8b8b-6ae6e2aa56f1|0|5,Burger Bowl,Bowl,,,,,,NULL_LINE re-enter
b13ccd14-d377-4a4b-8b8b-6ae6e2aa56f1|0|6,Burger Bowl,Bowl,,,,,,NULL_LINE re-enter
b13ccd14-d377-4a4b-8b8b-6ae6e2aa56f1|0|7,Burger Bowl,Bowl,,,,,,NULL_LINE re-enter
b13ccd14-d377-4a4b-8b8b-6ae6e2aa56f1|0|8,Burger Bowl,Bowl,,,,,,NULL_LINE re-enter
b13ccd14-d377-4a4b-8b8b-6ae6e2aa56f1|0|9,Burger Bowl,Bowl,,,,,,NULL_LINE re-enter
b13ccd14-d377-4a4b-8b8b-6ae6e2aa56f1|0|10,Burger Bowl,Bowl,,,,,,NULL_LINE re-enter
b13ccd14-d377-4a4b-8b8b-6ae6e2aa56f1|0|11,Burger Bowl,Bowl,,,,,,NULL_LINE re-enter
b13ccd14-d377-4a4b-8b8b-6ae6e2aa56f1|0|12,Burger Bowl,Bowl,,,,,,NULL_LINE re-enter
9515f7db-40f4-4a2b-9eb9-403b88e323c0|0|0,Butternut Peanut Butter Protein Mug Cake,Main,,,,,,NULL_LINE re-enter
9515f7db-40f4-4a2b-9eb9-403b88e323c0|0|1,Butternut Peanut Butter Protein Mug Cake,Main,,,,,,NULL_LINE re-enter
9515f7db-40f4-4a2b-9eb9-403b88e323c0|0|2,Butternut Peanut Butter Protein Mug Cake,Main,,,,,,NULL_LINE re-enter
9515f7db-40f4-4a2b-9eb9-403b88e323c0|0|3,Butternut Peanut Butter Protein Mug Cake,Main,,,,,,NULL_LINE re-enter
9515f7db-40f4-4a2b-9eb9-403b88e323c0|0|4,Butternut Peanut Butter Protein Mug Cake,Main,,,,,,NULL_LINE re-enter
9515f7db-40f4-4a2b-9eb9-403b88e323c0|0|5,Butternut Peanut Butter Protein Mug Cake,Main,,,,,,NULL_LINE re-enter
8939b9a3-5636-4e14-ba05-c36a892ba2fd|0|0,Butternut Squash Mac and Cheese,Main,,,,,,NULL_LINE re-enter
8939b9a3-5636-4e14-ba05-c36a892ba2fd|0|1,Butternut Squash Mac and Cheese,Main,,,,,,NULL_LINE re-enter
8939b9a3-5636-4e14-ba05-c36a892ba2fd|0|2,Butternut Squash Mac and Cheese,Main,,,,,,NULL_LINE re-enter
8939b9a3-5636-4e14-ba05-c36a892ba2fd|0|3,Butternut Squash Mac and Cheese,Main,,,,,,NULL_LINE re-enter
8939b9a3-5636-4e14-ba05-c36a892ba2fd|0|4,Butternut Squash Mac and Cheese,Main,,,,,,NULL_LINE re-enter
8939b9a3-5636-4e14-ba05-c36a892ba2fd|0|5,Butternut Squash Mac and Cheese,Main,,,,,,NULL_LINE re-enter
8939b9a3-5636-4e14-ba05-c36a892ba2fd|0|6,Butternut Squash Mac and Cheese,Main,,,,,,NULL_LINE re-enter
8939b9a3-5636-4e14-ba05-c36a892ba2fd|0|7,Butternut Squash Mac and Cheese,Main,,,,,,NULL_LINE re-enter
8939b9a3-5636-4e14-ba05-c36a892ba2fd|0|8,Butternut Squash Mac and Cheese,Main,,,,,,NULL_LINE re-enter
8939b9a3-5636-4e14-ba05-c36a892ba2fd|1|0,Butternut Squash Mac and Cheese,Breadcrumb Topping,,,,,,NULL_LINE re-enter
8939b9a3-5636-4e14-ba05-c36a892ba2fd|1|1,Butternut Squash Mac and Cheese,Breadcrumb Topping,,,,,,NULL_LINE re-enter
8939b9a3-5636-4e14-ba05-c36a892ba2fd|1|2,Butternut Squash Mac and Cheese,Breadcrumb Topping,,,,,,NULL_LINE re-enter
8939b9a3-5636-4e14-ba05-c36a892ba2fd|1|3,Butternut Squash Mac and Cheese,Breadcrumb Topping,,,,,,NULL_LINE re-enter
d1ab3cbc-7d0b-4928-a7b5-9e8a77674ef1|0|0,"Café Style Jacket Potatoes with Chicken, Bacon and Sweetcorn",main,,,,,,NULL_LINE re-enter
d1ab3cbc-7d0b-4928-a7b5-9e8a77674ef1|0|1,"Café Style Jacket Potatoes with Chicken, Bacon and Sweetcorn",main,,,,,,NULL_LINE re-enter
d1ab3cbc-7d0b-4928-a7b5-9e8a77674ef1|0|2,"Café Style Jacket Potatoes with Chicken, Bacon and Sweetcorn",main,,,,,,NULL_LINE re-enter
d1ab3cbc-7d0b-4928-a7b5-9e8a77674ef1|0|3,"Café Style Jacket Potatoes with Chicken, Bacon and Sweetcorn",main,,,,,,NULL_LINE re-enter
d1ab3cbc-7d0b-4928-a7b5-9e8a77674ef1|0|4,"Café Style Jacket Potatoes with Chicken, Bacon and Sweetcorn",main,,,,,,NULL_LINE re-enter
d1ab3cbc-7d0b-4928-a7b5-9e8a77674ef1|0|5,"Café Style Jacket Potatoes with Chicken, Bacon and Sweetcorn",main,,,,,,NULL_LINE re-enter
d1ab3cbc-7d0b-4928-a7b5-9e8a77674ef1|0|6,"Café Style Jacket Potatoes with Chicken, Bacon and Sweetcorn",main,,,,,,NULL_LINE re-enter
d1ab3cbc-7d0b-4928-a7b5-9e8a77674ef1|0|7,"Café Style Jacket Potatoes with Chicken, Bacon and Sweetcorn",main,,,,,,NULL_LINE re-enter
d1ab3cbc-7d0b-4928-a7b5-9e8a77674ef1|0|8,"Café Style Jacket Potatoes with Chicken, Bacon and Sweetcorn",main,,,,,,NULL_LINE re-enter
d1ab3cbc-7d0b-4928-a7b5-9e8a77674ef1|0|9,"Café Style Jacket Potatoes with Chicken, Bacon and Sweetcorn",main,,,,,,NULL_LINE re-enter
d1ab3cbc-7d0b-4928-a7b5-9e8a77674ef1|0|10,"Café Style Jacket Potatoes with Chicken, Bacon and Sweetcorn",main,,,,,,NULL_LINE re-enter
d1ab3cbc-7d0b-4928-a7b5-9e8a77674ef1|0|11,"Café Style Jacket Potatoes with Chicken, Bacon and Sweetcorn",main,,,,,,NULL_LINE re-enter
d1ab3cbc-7d0b-4928-a7b5-9e8a77674ef1|1|0,"Café Style Jacket Potatoes with Chicken, Bacon and Sweetcorn",salad,,,,,,NULL_LINE re-enter
d1ab3cbc-7d0b-4928-a7b5-9e8a77674ef1|1|1,"Café Style Jacket Potatoes with Chicken, Bacon and Sweetcorn",salad,,,,,,NULL_LINE re-enter
d1ab3cbc-7d0b-4928-a7b5-9e8a77674ef1|1|2,"Café Style Jacket Potatoes with Chicken, Bacon and Sweetcorn",salad,,,,,,NULL_LINE re-enter
d1ab3cbc-7d0b-4928-a7b5-9e8a77674ef1|1|3,"Café Style Jacket Potatoes with Chicken, Bacon and Sweetcorn",salad,,,,,,NULL_LINE re-enter
d1ab3cbc-7d0b-4928-a7b5-9e8a77674ef1|1|4,"Café Style Jacket Potatoes with Chicken, Bacon and Sweetcorn",salad,,,,,,NULL_LINE re-enter
d1ab3cbc-7d0b-4928-a7b5-9e8a77674ef1|1|5,"Café Style Jacket Potatoes with Chicken, Bacon and Sweetcorn",salad,,,,,,NULL_LINE re-enter
eaf7702b-b8e3-40ce-b9e4-4f7f65725526|0|0,California Rolls in a Bowl,Bowl,,,,,,NULL_LINE re-enter
eaf7702b-b8e3-40ce-b9e4-4f7f65725526|0|1,California Rolls in a Bowl,Bowl,,,,,,NULL_LINE re-enter
eaf7702b-b8e3-40ce-b9e4-4f7f65725526|0|2,California Rolls in a Bowl,Bowl,,,,,,NULL_LINE re-enter
eaf7702b-b8e3-40ce-b9e4-4f7f65725526|0|3,California Rolls in a Bowl,Bowl,,,,,,NULL_LINE re-enter
eaf7702b-b8e3-40ce-b9e4-4f7f65725526|0|4,California Rolls in a Bowl,Bowl,,,,,,NULL_LINE re-enter
eaf7702b-b8e3-40ce-b9e4-4f7f65725526|0|5,California Rolls in a Bowl,Bowl,,,,,,NULL_LINE re-enter
eaf7702b-b8e3-40ce-b9e4-4f7f65725526|0|6,California Rolls in a Bowl,Bowl,,,,,,NULL_LINE re-enter
eaf7702b-b8e3-40ce-b9e4-4f7f65725526|0|7,California Rolls in a Bowl,Bowl,,,,,,NULL_LINE re-enter
eaf7702b-b8e3-40ce-b9e4-4f7f65725526|0|8,California Rolls in a Bowl,Bowl,,,,,,NULL_LINE re-enter
eaf7702b-b8e3-40ce-b9e4-4f7f65725526|0|9,California Rolls in a Bowl,Bowl,,,,,,NULL_LINE re-enter
eaf7702b-b8e3-40ce-b9e4-4f7f65725526|1|0,California Rolls in a Bowl,Dressing and Garnish,,,,,,NULL_LINE re-enter
eaf7702b-b8e3-40ce-b9e4-4f7f65725526|1|1,California Rolls in a Bowl,Dressing and Garnish,,,,,,NULL_LINE re-enter
eaf7702b-b8e3-40ce-b9e4-4f7f65725526|1|2,California Rolls in a Bowl,Dressing and Garnish,,,,,,NULL_LINE re-enter
284ec1c7-5ea1-4e78-86ad-a0d486fd8e29|0|0,Caramel Rice Cake Strawberry Treat,Main,,,,,,NULL_LINE re-enter
284ec1c7-5ea1-4e78-86ad-a0d486fd8e29|0|1,Caramel Rice Cake Strawberry Treat,Main,,,,,,NULL_LINE re-enter
284ec1c7-5ea1-4e78-86ad-a0d486fd8e29|0|2,Caramel Rice Cake Strawberry Treat,Main,,,,,,NULL_LINE re-enter
284ec1c7-5ea1-4e78-86ad-a0d486fd8e29|0|3,Caramel Rice Cake Strawberry Treat,Main,,,,,,NULL_LINE re-enter
284ec1c7-5ea1-4e78-86ad-a0d486fd8e29|0|4,Caramel Rice Cake Strawberry Treat,Main,,,,,,NULL_LINE re-enter
284ec1c7-5ea1-4e78-86ad-a0d486fd8e29|0|5,Caramel Rice Cake Strawberry Treat,Main,,,,,,NULL_LINE re-enter
5eaccfba-85aa-48b6-8eaa-9796c79b5769|0|0,Caramelised Onion Rice with Tikka Cod,Cod Marinade,,,,,,NULL_LINE re-enter
5eaccfba-85aa-48b6-8eaa-9796c79b5769|0|1,Caramelised Onion Rice with Tikka Cod,Cod Marinade,,,,,,NULL_LINE re-enter
5eaccfba-85aa-48b6-8eaa-9796c79b5769|0|2,Caramelised Onion Rice with Tikka Cod,Cod Marinade,,,,,,NULL_LINE re-enter
5eaccfba-85aa-48b6-8eaa-9796c79b5769|0|3,Caramelised Onion Rice with Tikka Cod,Cod Marinade,,,,,,NULL_LINE re-enter
5eaccfba-85aa-48b6-8eaa-9796c79b5769|0|4,Caramelised Onion Rice with Tikka Cod,Cod Marinade,,,,,,NULL_LINE re-enter
5eaccfba-85aa-48b6-8eaa-9796c79b5769|0|5,Caramelised Onion Rice with Tikka Cod,Cod Marinade,,,,,,NULL_LINE re-enter
5eaccfba-85aa-48b6-8eaa-9796c79b5769|0|6,Caramelised Onion Rice with Tikka Cod,Cod Marinade,,,,,,NULL_LINE re-enter
5eaccfba-85aa-48b6-8eaa-9796c79b5769|0|7,Caramelised Onion Rice with Tikka Cod,Cod Marinade,,,,,,NULL_LINE re-enter
5eaccfba-85aa-48b6-8eaa-9796c79b5769|1|0,Caramelised Onion Rice with Tikka Cod,Caramelised Onion Rice,,,,,,NULL_LINE re-enter
5eaccfba-85aa-48b6-8eaa-9796c79b5769|1|1,Caramelised Onion Rice with Tikka Cod,Caramelised Onion Rice,,,,,,NULL_LINE re-enter
5eaccfba-85aa-48b6-8eaa-9796c79b5769|1|2,Caramelised Onion Rice with Tikka Cod,Caramelised Onion Rice,,,,,,NULL_LINE re-enter
5eaccfba-85aa-48b6-8eaa-9796c79b5769|1|3,Caramelised Onion Rice with Tikka Cod,Caramelised Onion Rice,,,,,,NULL_LINE re-enter
5eaccfba-85aa-48b6-8eaa-9796c79b5769|1|4,Caramelised Onion Rice with Tikka Cod,Caramelised Onion Rice,,,,,,NULL_LINE re-enter
5eaccfba-85aa-48b6-8eaa-9796c79b5769|1|5,Caramelised Onion Rice with Tikka Cod,Caramelised Onion Rice,,,,,,NULL_LINE re-enter
5eaccfba-85aa-48b6-8eaa-9796c79b5769|1|6,Caramelised Onion Rice with Tikka Cod,Caramelised Onion Rice,,,,,,NULL_LINE re-enter
5eaccfba-85aa-48b6-8eaa-9796c79b5769|1|7,Caramelised Onion Rice with Tikka Cod,Caramelised Onion Rice,,,,,,NULL_LINE re-enter
5eaccfba-85aa-48b6-8eaa-9796c79b5769|2|0,Caramelised Onion Rice with Tikka Cod,Raita,,,,,,NULL_LINE re-enter
5eaccfba-85aa-48b6-8eaa-9796c79b5769|2|1,Caramelised Onion Rice with Tikka Cod,Raita,,,,,,NULL_LINE re-enter
5eaccfba-85aa-48b6-8eaa-9796c79b5769|2|2,Caramelised Onion Rice with Tikka Cod,Raita,,,,,,NULL_LINE re-enter
5eaccfba-85aa-48b6-8eaa-9796c79b5769|2|3,Caramelised Onion Rice with Tikka Cod,Raita,,,,,,NULL_LINE re-enter
5eaccfba-85aa-48b6-8eaa-9796c79b5769|2|4,Caramelised Onion Rice with Tikka Cod,Raita,,,,,,NULL_LINE re-enter
b1737060-81cc-4584-9ab6-faac1d39a632|0|0,Carrot Cake Baked Oats,Main,,,,,,NULL_LINE re-enter
b1737060-81cc-4584-9ab6-faac1d39a632|0|1,Carrot Cake Baked Oats,Main,,,,,,NULL_LINE re-enter
b1737060-81cc-4584-9ab6-faac1d39a632|0|2,Carrot Cake Baked Oats,Main,,,,,,NULL_LINE re-enter
b1737060-81cc-4584-9ab6-faac1d39a632|0|3,Carrot Cake Baked Oats,Main,,,,,,NULL_LINE re-enter
b1737060-81cc-4584-9ab6-faac1d39a632|0|4,Carrot Cake Baked Oats,Main,,,,,,NULL_LINE re-enter
b1737060-81cc-4584-9ab6-faac1d39a632|0|5,Carrot Cake Baked Oats,Main,,,,,,NULL_LINE re-enter
b1737060-81cc-4584-9ab6-faac1d39a632|0|6,Carrot Cake Baked Oats,Main,,,,,,NULL_LINE re-enter
b1737060-81cc-4584-9ab6-faac1d39a632|0|7,Carrot Cake Baked Oats,Main,,,,,,NULL_LINE re-enter
b1737060-81cc-4584-9ab6-faac1d39a632|0|8,Carrot Cake Baked Oats,Main,,,,,,NULL_LINE re-enter
b1737060-81cc-4584-9ab6-faac1d39a632|0|9,Carrot Cake Baked Oats,Main,,,,,,NULL_LINE re-enter
b1737060-81cc-4584-9ab6-faac1d39a632|0|10,Carrot Cake Baked Oats,Main,,,,,,NULL_LINE re-enter
b1737060-81cc-4584-9ab6-faac1d39a632|1|0,Carrot Cake Baked Oats,Toppings,,,,,,NULL_LINE re-enter
b1737060-81cc-4584-9ab6-faac1d39a632|1|1,Carrot Cake Baked Oats,Toppings,,,,,,NULL_LINE re-enter
d7f45a4d-7098-48b6-9cdc-e4f4aead11d7|0|0,Carrot Cake Loaf,Main,,,,,,NULL_LINE re-enter
d7f45a4d-7098-48b6-9cdc-e4f4aead11d7|0|1,Carrot Cake Loaf,Main,,,,,,NULL_LINE re-enter
d7f45a4d-7098-48b6-9cdc-e4f4aead11d7|0|2,Carrot Cake Loaf,Main,,,,,,NULL_LINE re-enter
d7f45a4d-7098-48b6-9cdc-e4f4aead11d7|0|3,Carrot Cake Loaf,Main,,,,,,NULL_LINE re-enter
d7f45a4d-7098-48b6-9cdc-e4f4aead11d7|0|4,Carrot Cake Loaf,Main,,,,,,NULL_LINE re-enter
d7f45a4d-7098-48b6-9cdc-e4f4aead11d7|0|5,Carrot Cake Loaf,Main,,,,,,NULL_LINE re-enter
d7f45a4d-7098-48b6-9cdc-e4f4aead11d7|0|6,Carrot Cake Loaf,Main,,,,,,NULL_LINE re-enter
d7f45a4d-7098-48b6-9cdc-e4f4aead11d7|0|7,Carrot Cake Loaf,Main,,,,,,NULL_LINE re-enter
d7f45a4d-7098-48b6-9cdc-e4f4aead11d7|0|8,Carrot Cake Loaf,Main,,,,,,NULL_LINE re-enter
d7f45a4d-7098-48b6-9cdc-e4f4aead11d7|0|9,Carrot Cake Loaf,Main,,,,,,NULL_LINE re-enter
d7f45a4d-7098-48b6-9cdc-e4f4aead11d7|0|10,Carrot Cake Loaf,Main,,,,,,NULL_LINE re-enter
04f128d1-e030-403b-819f-ae328c70087f|0|0,Carrot Cake Meal Prep Baked Oats,Main,200g rolled oats,200,g,Rolled Oats,,
04f128d1-e030-403b-819f-ae328c70087f|0|1,Carrot Cake Meal Prep Baked Oats,Main,2 bananas,2,,Bananas,,
04f128d1-e030-403b-819f-ae328c70087f|0|2,Carrot Cake Meal Prep Baked Oats,Main,60g soy protein,60,g,Soy Protein,,
04f128d1-e030-403b-819f-ae328c70087f|0|3,Carrot Cake Meal Prep Baked Oats,Main,420ml milk,420,ml,Milk,,
04f128d1-e030-403b-819f-ae328c70087f|0|4,Carrot Cake Meal Prep Baked Oats,Main,1.5 tsp baking powder,1.5,tsp,Baking Powder,,
04f128d1-e030-403b-819f-ae328c70087f|0|5,Carrot Cake Meal Prep Baked Oats,Main,1 tsp mixed spice,1,tsp,Mixed Spice,,
04f128d1-e030-403b-819f-ae328c70087f|0|6,Carrot Cake Meal Prep Baked Oats,Main,1 tsp cinnamon,1,tsp,Cinnamon,,
04f128d1-e030-403b-819f-ae328c70087f|0|7,Carrot Cake Meal Prep Baked Oats,Main,70g grated carrot,70,g,Carrot,grated,
04f128d1-e030-403b-819f-ae328c70087f|0|8,Carrot Cake Meal Prep Baked Oats,Main,40g raisins,40,g,Raisin,,
04f128d1-e030-403b-819f-ae328c70087f|0|9,Carrot Cake Meal Prep Baked Oats,Main,Pinch of salt,1,pinch,Salt,,
04f128d1-e030-403b-819f-ae328c70087f|1|0,Carrot Cake Meal Prep Baked Oats,Topping,150g thick yoghurt,150,g,Greek Yoghurt,,
04f128d1-e030-403b-819f-ae328c70087f|1|1,Carrot Cake Meal Prep Baked Oats,Topping,Honey to taste,,,Honey,to taste,
04f128d1-e030-403b-819f-ae328c70087f|1|2,Carrot Cake Meal Prep Baked Oats,Topping,Lemon juice to taste,,,Lemon Juice,to taste,
04f128d1-e030-403b-819f-ae328c70087f|1|3,Carrot Cake Meal Prep Baked Oats,Topping,30g walnuts,30,g,Walnut,,
6bfe7c47-00d3-4be0-803b-46cde65f4028|0|0,Carrot Cake Overnight Oats,Main,1/2 cup oats,0.5,cup,Oats,,
6bfe7c47-00d3-4be0-803b-46cde65f4028|0|1,Carrot Cake Overnight Oats,Main,1/3 cup milk,0.333,cup,Milk,,
6bfe7c47-00d3-4be0-803b-46cde65f4028|0|2,Carrot Cake Overnight Oats,Main,3-4 tbsp yogurt,3,tbsp,Plain Yoghurt,range,
6bfe7c47-00d3-4be0-803b-46cde65f4028|0|3,Carrot Cake Overnight Oats,Main,1/4 tsp cinnamon,0.25,tsp,Cinnamon,,
6bfe7c47-00d3-4be0-803b-46cde65f4028|0|4,Carrot Cake Overnight Oats,Main,A little less than 1/4 tsp nutmeg,0.25,tsp,Nutmeg,,
6bfe7c47-00d3-4be0-803b-46cde65f4028|0|5,Carrot Cake Overnight Oats,Main,1/2 tbsp chia seeds,0.5,tbsp,Chia Seed,,
6bfe7c47-00d3-4be0-803b-46cde65f4028|0|6,Carrot Cake Overnight Oats,Main,1/2 tbsp maple syrup,0.5,tbsp,Maple Syrup,,
6bfe7c47-00d3-4be0-803b-46cde65f4028|0|7,Carrot Cake Overnight Oats,Main,1/3 cup shredded carrot,0.333,cup,Carrot,shredded,
6bfe7c47-00d3-4be0-803b-46cde65f4028|0|8,Carrot Cake Overnight Oats,Main,1/4 tsp vanilla,0.25,tsp,Vanilla,,
6bfe7c47-00d3-4be0-803b-46cde65f4028|0|9,Carrot Cake Overnight Oats,Main,Pinch of salt,1,pinch,Salt,,
6bfe7c47-00d3-4be0-803b-46cde65f4028|1|0,Carrot Cake Overnight Oats,Toppings,Walnuts,,,Walnut,,
6bfe7c47-00d3-4be0-803b-46cde65f4028|1|1,Carrot Cake Overnight Oats,Toppings,Raisins or dates,,,Raisin,or dates,
02e399c0-d2ed-4200-b172-990b5735b7d9|0|0,Cauliflower Cheese Gnocchi Bake,Main,,,,,,NULL_LINE re-enter
02e399c0-d2ed-4200-b172-990b5735b7d9|0|1,Cauliflower Cheese Gnocchi Bake,Main,,,,,,NULL_LINE re-enter
02e399c0-d2ed-4200-b172-990b5735b7d9|0|2,Cauliflower Cheese Gnocchi Bake,Main,,,,,,NULL_LINE re-enter
02e399c0-d2ed-4200-b172-990b5735b7d9|0|3,Cauliflower Cheese Gnocchi Bake,Main,,,,,,NULL_LINE re-enter
02e399c0-d2ed-4200-b172-990b5735b7d9|0|4,Cauliflower Cheese Gnocchi Bake,Main,,,,,,NULL_LINE re-enter
02e399c0-d2ed-4200-b172-990b5735b7d9|0|5,Cauliflower Cheese Gnocchi Bake,Main,,,,,,NULL_LINE re-enter
02e399c0-d2ed-4200-b172-990b5735b7d9|0|6,Cauliflower Cheese Gnocchi Bake,Main,,,,,,NULL_LINE re-enter
02e399c0-d2ed-4200-b172-990b5735b7d9|0|7,Cauliflower Cheese Gnocchi Bake,Main,,,,,,NULL_LINE re-enter
02e399c0-d2ed-4200-b172-990b5735b7d9|0|8,Cauliflower Cheese Gnocchi Bake,Main,,,,,,NULL_LINE re-enter
02e399c0-d2ed-4200-b172-990b5735b7d9|0|9,Cauliflower Cheese Gnocchi Bake,Main,,,,,,NULL_LINE re-enter
02e399c0-d2ed-4200-b172-990b5735b7d9|0|10,Cauliflower Cheese Gnocchi Bake,Main,,,,,,NULL_LINE re-enter
02e399c0-d2ed-4200-b172-990b5735b7d9|0|11,Cauliflower Cheese Gnocchi Bake,Main,,,,,,NULL_LINE re-enter
2d30544e-9e6b-4a5c-a8bc-a6d70a272bc9|0|0,Char Siu Chicken,Chicken,,,,,,NULL_LINE re-enter
2d30544e-9e6b-4a5c-a8bc-a6d70a272bc9|0|1,Char Siu Chicken,Chicken,,,,,,NULL_LINE re-enter
2d30544e-9e6b-4a5c-a8bc-a6d70a272bc9|0|2,Char Siu Chicken,Chicken,,,,,,NULL_LINE re-enter
2d30544e-9e6b-4a5c-a8bc-a6d70a272bc9|0|3,Char Siu Chicken,Chicken,,,,,,NULL_LINE re-enter
2d30544e-9e6b-4a5c-a8bc-a6d70a272bc9|0|4,Char Siu Chicken,Chicken,,,,,,NULL_LINE re-enter
2d30544e-9e6b-4a5c-a8bc-a6d70a272bc9|0|5,Char Siu Chicken,Chicken,,,,,,NULL_LINE re-enter
2d30544e-9e6b-4a5c-a8bc-a6d70a272bc9|0|6,Char Siu Chicken,Chicken,,,,,,NULL_LINE re-enter
2d30544e-9e6b-4a5c-a8bc-a6d70a272bc9|0|7,Char Siu Chicken,Chicken,,,,,,NULL_LINE re-enter
2d30544e-9e6b-4a5c-a8bc-a6d70a272bc9|0|8,Char Siu Chicken,Chicken,,,,,,NULL_LINE re-enter
2d30544e-9e6b-4a5c-a8bc-a6d70a272bc9|0|9,Char Siu Chicken,Chicken,,,,,,NULL_LINE re-enter
2d30544e-9e6b-4a5c-a8bc-a6d70a272bc9|1|0,Char Siu Chicken,Rice,,,,,,NULL_LINE re-enter
2d30544e-9e6b-4a5c-a8bc-a6d70a272bc9|2|0,Char Siu Chicken,Cucumber Salad,,,,,,NULL_LINE re-enter
2d30544e-9e6b-4a5c-a8bc-a6d70a272bc9|2|1,Char Siu Chicken,Cucumber Salad,,,,,,NULL_LINE re-enter
2d30544e-9e6b-4a5c-a8bc-a6d70a272bc9|2|2,Char Siu Chicken,Cucumber Salad,,,,,,NULL_LINE re-enter
2d30544e-9e6b-4a5c-a8bc-a6d70a272bc9|2|3,Char Siu Chicken,Cucumber Salad,,,,,,NULL_LINE re-enter
2d30544e-9e6b-4a5c-a8bc-a6d70a272bc9|2|4,Char Siu Chicken,Cucumber Salad,,,,,,NULL_LINE re-enter
2d30544e-9e6b-4a5c-a8bc-a6d70a272bc9|2|5,Char Siu Chicken,Cucumber Salad,,,,,,NULL_LINE re-enter
2d30544e-9e6b-4a5c-a8bc-a6d70a272bc9|2|6,Char Siu Chicken,Cucumber Salad,,,,,,NULL_LINE re-enter
2d30544e-9e6b-4a5c-a8bc-a6d70a272bc9|2|7,Char Siu Chicken,Cucumber Salad,,,,,,NULL_LINE re-enter
2d30544e-9e6b-4a5c-a8bc-a6d70a272bc9|2|8,Char Siu Chicken,Cucumber Salad,,,,,,NULL_LINE re-enter
2d30544e-9e6b-4a5c-a8bc-a6d70a272bc9|2|9,Char Siu Chicken,Cucumber Salad,,,,,,NULL_LINE re-enter
c6cf8cc6-54c7-4515-a715-ed697353de03|0|0,Chicken & Egg Breakfast Casserole,Main,,,,,,NULL_LINE re-enter
c6cf8cc6-54c7-4515-a715-ed697353de03|0|1,Chicken & Egg Breakfast Casserole,Main,,,,,,NULL_LINE re-enter
c6cf8cc6-54c7-4515-a715-ed697353de03|0|2,Chicken & Egg Breakfast Casserole,Main,,,,,,NULL_LINE re-enter
c6cf8cc6-54c7-4515-a715-ed697353de03|0|3,Chicken & Egg Breakfast Casserole,Main,,,,,,NULL_LINE re-enter
c6cf8cc6-54c7-4515-a715-ed697353de03|0|4,Chicken & Egg Breakfast Casserole,Main,,,,,,NULL_LINE re-enter
c6cf8cc6-54c7-4515-a715-ed697353de03|0|5,Chicken & Egg Breakfast Casserole,Main,,,,,,NULL_LINE re-enter
c6cf8cc6-54c7-4515-a715-ed697353de03|0|6,Chicken & Egg Breakfast Casserole,Main,,,,,,NULL_LINE re-enter
c6cf8cc6-54c7-4515-a715-ed697353de03|0|7,Chicken & Egg Breakfast Casserole,Main,,,,,,NULL_LINE re-enter
c6cf8cc6-54c7-4515-a715-ed697353de03|0|8,Chicken & Egg Breakfast Casserole,Main,,,,,,NULL_LINE re-enter
c6cf8cc6-54c7-4515-a715-ed697353de03|0|9,Chicken & Egg Breakfast Casserole,Main,,,,,,NULL_LINE re-enter
c6cf8cc6-54c7-4515-a715-ed697353de03|0|10,Chicken & Egg Breakfast Casserole,Main,,,,,,NULL_LINE re-enter
c6cf8cc6-54c7-4515-a715-ed697353de03|0|11,Chicken & Egg Breakfast Casserole,Main,,,,,,NULL_LINE re-enter
c6cf8cc6-54c7-4515-a715-ed697353de03|0|12,Chicken & Egg Breakfast Casserole,Main,,,,,,NULL_LINE re-enter
c6cf8cc6-54c7-4515-a715-ed697353de03|0|13,Chicken & Egg Breakfast Casserole,Main,,,,,,NULL_LINE re-enter
c6cf8cc6-54c7-4515-a715-ed697353de03|0|14,Chicken & Egg Breakfast Casserole,Main,,,,,,NULL_LINE re-enter
93442c4f-672c-401d-8f1c-c8d9d3e9c9f7|0|0,Chicken and Potato Traybake,Main,,,,,,NULL_LINE re-enter
93442c4f-672c-401d-8f1c-c8d9d3e9c9f7|0|1,Chicken and Potato Traybake,Main,,,,,,NULL_LINE re-enter
93442c4f-672c-401d-8f1c-c8d9d3e9c9f7|0|2,Chicken and Potato Traybake,Main,,,,,,NULL_LINE re-enter
93442c4f-672c-401d-8f1c-c8d9d3e9c9f7|0|3,Chicken and Potato Traybake,Main,,,,,,NULL_LINE re-enter
93442c4f-672c-401d-8f1c-c8d9d3e9c9f7|0|4,Chicken and Potato Traybake,Main,,,,,,NULL_LINE re-enter
93442c4f-672c-401d-8f1c-c8d9d3e9c9f7|0|5,Chicken and Potato Traybake,Main,,,,,,NULL_LINE re-enter
93442c4f-672c-401d-8f1c-c8d9d3e9c9f7|0|6,Chicken and Potato Traybake,Main,,,,,,NULL_LINE re-enter
93442c4f-672c-401d-8f1c-c8d9d3e9c9f7|0|7,Chicken and Potato Traybake,Main,,,,,,NULL_LINE re-enter
93442c4f-672c-401d-8f1c-c8d9d3e9c9f7|0|8,Chicken and Potato Traybake,Main,,,,,,NULL_LINE re-enter
93442c4f-672c-401d-8f1c-c8d9d3e9c9f7|0|9,Chicken and Potato Traybake,Main,,,,,,NULL_LINE re-enter
93442c4f-672c-401d-8f1c-c8d9d3e9c9f7|0|10,Chicken and Potato Traybake,Main,,,,,,NULL_LINE re-enter
be78fedf-c5b3-4931-a22f-5accfba91566|0|0,Chicken Pad Thai,Chicken,"800g chicken breast, cubed",800,g,Chicken Breast,cubed,
be78fedf-c5b3-4931-a22f-5accfba91566|0|1,Chicken Pad Thai,Chicken,20g soy sauce,20,g,Soy Sauce,,
be78fedf-c5b3-4931-a22f-5accfba91566|0|2,Chicken Pad Thai,Chicken,2 tsp black pepper,2,tsp,Black Pepper,,
be78fedf-c5b3-4931-a22f-5accfba91566|0|3,Chicken Pad Thai,Chicken,2 tsp garlic powder,2,tsp,Garlic Granules,,
be78fedf-c5b3-4931-a22f-5accfba91566|0|4,Chicken Pad Thai,Chicken,1 tsp chilli flakes,1,tsp,Chilli Flakes,,
be78fedf-c5b3-4931-a22f-5accfba91566|0|5,Chicken Pad Thai,Chicken,2 tsp olive oil (for cooking),2,tsp,Olive Oil,for cooking,
be78fedf-c5b3-4931-a22f-5accfba91566|1|0,Chicken Pad Thai,Pad Thai Sauce,30g soy sauce,30,g,Soy Sauce,,
be78fedf-c5b3-4931-a22f-5accfba91566|1|1,Chicken Pad Thai,Pad Thai Sauce,40g tamarind paste,40,g,Tamarind Paste,,
be78fedf-c5b3-4931-a22f-5accfba91566|1|2,Chicken Pad Thai,Pad Thai Sauce,30g honey,30,g,Honey,,
be78fedf-c5b3-4931-a22f-5accfba91566|1|3,Chicken Pad Thai,Pad Thai Sauce,5g fish sauce,5,g,Fish Sauce,,
be78fedf-c5b3-4931-a22f-5accfba91566|1|4,Chicken Pad Thai,Pad Thai Sauce,15–20g sriracha,15,g,Sriracha,range,
be78fedf-c5b3-4931-a22f-5accfba91566|1|5,Chicken Pad Thai,Pad Thai Sauce,juice of 1–2 limes,,,Lime Juice,range,
be78fedf-c5b3-4931-a22f-5accfba91566|2|0,Chicken Pad Thai,For Cooking,"4 garlic cloves, chopped",4,,Garlic Clove,chopped,
be78fedf-c5b3-4931-a22f-5accfba91566|2|1,Chicken Pad Thai,For Cooking,"1 medium onion, chopped",1,,Yellow Onion,chopped,
be78fedf-c5b3-4931-a22f-5accfba91566|2|2,Chicken Pad Thai,For Cooking,chopped green onion,,,Green Onion,chopped,
be78fedf-c5b3-4931-a22f-5accfba91566|2|3,Chicken Pad Thai,For Cooking,3 whole eggs,3,,Egg,,
be78fedf-c5b3-4931-a22f-5accfba91566|2|4,Chicken Pad Thai,For Cooking,400g cooked rice noodles,400,g,Rice Noodles,,
be78fedf-c5b3-4931-a22f-5accfba91566|3|0,Chicken Pad Thai,To Serve,extra green onion,,,Green Onion,,
be78fedf-c5b3-4931-a22f-5accfba91566|3|1,Chicken Pad Thai,To Serve,bean sprouts,,,Bean Sprout,,
be78fedf-c5b3-4931-a22f-5accfba91566|3|2,Chicken Pad Thai,To Serve,30g crushed peanuts,30,g,Peanuts,crushed,
be78fedf-c5b3-4931-a22f-5accfba91566|3|3,Chicken Pad Thai,To Serve,chilli flakes,,,Chilli Flakes,,
be78fedf-c5b3-4931-a22f-5accfba91566|3|4,Chicken Pad Thai,To Serve,lime juice,,,Lime Juice,,
649ea0c1-0d72-48d7-a999-c782e598e4bd|0|0,Chicken Shawarma Crispy Rice Salad,salad,"5 Persian cucumbers, thinly sliced",5,,Persian Cucumber,thinly sliced,
649ea0c1-0d72-48d7-a999-c782e598e4bd|0|1,Chicken Shawarma Crispy Rice Salad,salad,"1 cup baby tomatoes, halved",1,cup,Tomatoes,halved,
649ea0c1-0d72-48d7-a999-c782e598e4bd|0|2,Chicken Shawarma Crispy Rice Salad,salad,"½ red onion, finely sliced",0.5,,Red Onion,finely sliced,
649ea0c1-0d72-48d7-a999-c782e598e4bd|0|3,Chicken Shawarma Crispy Rice Salad,salad,"3 dill pickles, chopped",3,,Dill Pickle,chopped,
649ea0c1-0d72-48d7-a999-c782e598e4bd|0|4,Chicken Shawarma Crispy Rice Salad,salad,"1 bunch mint, chopped (½ cup)",1,bunch,Mint,½ cup; chopped,
649ea0c1-0d72-48d7-a999-c782e598e4bd|1|0,Chicken Shawarma Crispy Rice Salad,chicken,"1 lb boneless skinless chicken thighs, cut into ½-inch pieces",1,lb,Chicken Thigh,cut into ½-inch pieces,
649ea0c1-0d72-48d7-a999-c782e598e4bd|1|1,Chicken Shawarma Crispy Rice Salad,chicken,2 tb olive oil,2,tbsp,Olive Oil,,
649ea0c1-0d72-48d7-a999-c782e598e4bd|1|2,Chicken Shawarma Crispy Rice Salad,chicken,2 tsp ground turmeric,2,tsp,Turmeric Powder,,
649ea0c1-0d72-48d7-a999-c782e598e4bd|1|3,Chicken Shawarma Crispy Rice Salad,chicken,2 tsp cumin,2,tsp,Cumin,,
649ea0c1-0d72-48d7-a999-c782e598e4bd|1|4,Chicken Shawarma Crispy Rice Salad,chicken,1 tsp cinnamon,1,tsp,Cinnamon,,
649ea0c1-0d72-48d7-a999-c782e598e4bd|1|5,Chicken Shawarma Crispy Rice Salad,chicken,1 tsp garlic powder,1,tsp,Garlic Granules,,
649ea0c1-0d72-48d7-a999-c782e598e4bd|1|6,Chicken Shawarma Crispy Rice Salad,chicken,½ tsp black pepper,0.5,tsp,Black Pepper,,
649ea0c1-0d72-48d7-a999-c782e598e4bd|2|0,Chicken Shawarma Crispy Rice Salad,crispy rice,"2 cups cooked rice, cooled (jasmine rice)",2,cup,Rice,jasmine rice; cooled,
649ea0c1-0d72-48d7-a999-c782e598e4bd|2|1,Chicken Shawarma Crispy Rice Salad,crispy rice,1 tb olive oil,1,tbsp,Olive Oil,,
649ea0c1-0d72-48d7-a999-c782e598e4bd|2|2,Chicken Shawarma Crispy Rice Salad,crispy rice,1 tsp paprika,1,tsp,Paprika,,
649ea0c1-0d72-48d7-a999-c782e598e4bd|2|3,Chicken Shawarma Crispy Rice Salad,crispy rice,1 tsp oregano,1,tsp,Oregano,,
649ea0c1-0d72-48d7-a999-c782e598e4bd|2|4,Chicken Shawarma Crispy Rice Salad,crispy rice,½ tsp garlic powder,0.5,tsp,Garlic Granules,,
649ea0c1-0d72-48d7-a999-c782e598e4bd|3|0,Chicken Shawarma Crispy Rice Salad,creamy lemon-tahini dressing,½ cup greek yogurt,0.5,cup,Greek Yoghurt,,
649ea0c1-0d72-48d7-a999-c782e598e4bd|3|1,Chicken Shawarma Crispy Rice Salad,creamy lemon-tahini dressing,⅓ cup tahini,0.333,cup,Tahini,,
649ea0c1-0d72-48d7-a999-c782e598e4bd|3|2,Chicken Shawarma Crispy Rice Salad,creamy lemon-tahini dressing,¼ cup olive oil,0.25,cup,Olive Oil,,
649ea0c1-0d72-48d7-a999-c782e598e4bd|3|3,Chicken Shawarma Crispy Rice Salad,creamy lemon-tahini dressing,¼ cup lemon juice (1 lemon),0.25,cup,Lemon Juice,1 lemon,
649ea0c1-0d72-48d7-a999-c782e598e4bd|3|4,Chicken Shawarma Crispy Rice Salad,creamy lemon-tahini dressing,2 cloves garlic,2,clove,Garlic,,
649ea0c1-0d72-48d7-a999-c782e598e4bd|3|5,Chicken Shawarma Crispy Rice Salad,creamy lemon-tahini dressing,1 tsp kosher salt,1,tsp,Kosher Salt,,
649ea0c1-0d72-48d7-a999-c782e598e4bd|3|6,Chicken Shawarma Crispy Rice Salad,creamy lemon-tahini dressing,"1–2 tb honey or maple syrup (optional, for sweetness)",1,tbsp,Honey,"optional, for sweetness; or maple syrup; range",
520918ae-a734-4ad1-9fed-c51e46ca82ca|0|0,Chicken Shawarma Sheet Pan Dinner,tray,"2 red onions, cut into small wedges",2,,Red Onion,cut into small wedges,
520918ae-a734-4ad1-9fed-c51e46ca82ca|0|1,Chicken Shawarma Sheet Pan Dinner,tray,1 tbsp sumac (+ extra to finish),1,tbsp,Sumac,+ extra to finish,
520918ae-a734-4ad1-9fed-c51e46ca82ca|0|2,Chicken Shawarma Sheet Pan Dinner,tray,Olive oil,,,Olive Oil,,
520918ae-a734-4ad1-9fed-c51e46ca82ca|1|0,Chicken Shawarma Sheet Pan Dinner,cucumber sauce,¾ cup plain greek yogurt,0.75,cup,Greek Yoghurt,,
520918ae-a734-4ad1-9fed-c51e46ca82ca|1|1,Chicken Shawarma Sheet Pan Dinner,cucumber sauce,"1 Persian cucumber, finely diced",1,,Persian Cucumber,finely diced,
520918ae-a734-4ad1-9fed-c51e46ca82ca|1|2,Chicken Shawarma Sheet Pan Dinner,cucumber sauce,3 tbsp finely chopped fresh dill,3,tbsp,Dill,finely chopped,
520918ae-a734-4ad1-9fed-c51e46ca82ca|1|3,Chicken Shawarma Sheet Pan Dinner,cucumber sauce,"1 small shallot, finely shredded or processed",1,,Shallot,or processed; finely shredded,
520918ae-a734-4ad1-9fed-c51e46ca82ca|1|4,Chicken Shawarma Sheet Pan Dinner,cucumber sauce,juice of ½ lemon,,,Lemon Juice,,
520918ae-a734-4ad1-9fed-c51e46ca82ca|1|5,Chicken Shawarma Sheet Pan Dinner,cucumber sauce,a couple pinches salt & pepper,,,Pinche Salt Pepper,,
520918ae-a734-4ad1-9fed-c51e46ca82ca|2|0,Chicken Shawarma Sheet Pan Dinner,chicken marinade,1.5–2 lb cubed boneless skinless chicken thighs,1.5,lb,Chicken Thigh,range; cubed,
520918ae-a734-4ad1-9fed-c51e46ca82ca|2|1,Chicken Shawarma Sheet Pan Dinner,chicken marinade,½ tbsp olive oil,0.5,tbsp,Olive Oil,,
520918ae-a734-4ad1-9fed-c51e46ca82ca|2|2,Chicken Shawarma Sheet Pan Dinner,chicken marinade,2.5 tbsp plain greek yogurt,2.5,tbsp,Greek Yoghurt,,
520918ae-a734-4ad1-9fed-c51e46ca82ca|2|3,Chicken Shawarma Sheet Pan Dinner,chicken marinade,2 tbsp tomato paste,2,tbsp,Tomato Paste,,
520918ae-a734-4ad1-9fed-c51e46ca82ca|2|4,Chicken Shawarma Sheet Pan Dinner,chicken marinade,juice of 1 large lemon,,,Lemon Juice,,
520918ae-a734-4ad1-9fed-c51e46ca82ca|2|5,Chicken Shawarma Sheet Pan Dinner,chicken marinade,6 minced garlic cloves,6,,Garlic Clove,minced,
520918ae-a734-4ad1-9fed-c51e46ca82ca|2|6,Chicken Shawarma Sheet Pan Dinner,chicken marinade,1 tbsp oregano,1,tbsp,Oregano,,
520918ae-a734-4ad1-9fed-c51e46ca82ca|2|7,Chicken Shawarma Sheet Pan Dinner,chicken marinade,1 tbsp sweet paprika,1,tbsp,Sweet Paprika,,
520918ae-a734-4ad1-9fed-c51e46ca82ca|2|8,Chicken Shawarma Sheet Pan Dinner,chicken marinade,⅓ tsp cinnamon,0.333,tsp,Cinnamon,,
520918ae-a734-4ad1-9fed-c51e46ca82ca|2|9,Chicken Shawarma Sheet Pan Dinner,chicken marinade,1 tsp cumin,1,tsp,Cumin,,
520918ae-a734-4ad1-9fed-c51e46ca82ca|2|10,Chicken Shawarma Sheet Pan Dinner,chicken marinade,a couple pinches salt + pepper,,,Pinche Salt Pepper,,
6d5344f4-65e5-4844-ae41-cffa3639cb9a|0|0,Chicken Spring Roll Bowl,Bowl,"370g (13oz) boneless, skinless chicken thighs",370,g,Chicken Thigh,13oz; skinless chicken thighs,
6d5344f4-65e5-4844-ae41-cffa3639cb9a|0|1,Chicken Spring Roll Bowl,Bowl,Salt and pepper,,,Salt,,split
6d5344f4-65e5-4844-ae41-cffa3639cb9a|0|1-2,Chicken Spring Roll Bowl,Bowl,Salt and pepper,,,Black Pepper,(split — set qty),split
6d5344f4-65e5-4844-ae41-cffa3639cb9a|0|2,Chicken Spring Roll Bowl,Bowl,100g rice vermicelli noodles (uncooked),100,g,Vermicelli Rice Noodles,uncooked,
6d5344f4-65e5-4844-ae41-cffa3639cb9a|0|3,Chicken Spring Roll Bowl,Bowl,"½–1 bunch green leaf lettuce, chopped",0.5,,Green Leaf Lettuce,chopped,
6d5344f4-65e5-4844-ae41-cffa3639cb9a|0|4,Chicken Spring Roll Bowl,Bowl,1½ cups bean sprouts,1,,Bean Sprout,,
6d5344f4-65e5-4844-ae41-cffa3639cb9a|0|5,Chicken Spring Roll Bowl,Bowl,"2 Persian cucumbers, thinly sliced",2,,Persian Cucumber,thinly sliced,
6d5344f4-65e5-4844-ae41-cffa3639cb9a|0|6,Chicken Spring Roll Bowl,Bowl,"1 large carrot, diced or julienned",1,,Carrot,or julienned; diced,
6d5344f4-65e5-4844-ae41-cffa3639cb9a|0|7,Chicken Spring Roll Bowl,Bowl,Cooking spray,,,Cooking Spray,,
6d5344f4-65e5-4844-ae41-cffa3639cb9a|1|0,Chicken Spring Roll Bowl,Peanut Sauce,½ tbsp olive oil,0.5,tbsp,Olive Oil,,
6d5344f4-65e5-4844-ae41-cffa3639cb9a|1|1,Chicken Spring Roll Bowl,Peanut Sauce,"2 garlic cloves, minced",2,,Garlic Clove,minced,
6d5344f4-65e5-4844-ae41-cffa3639cb9a|1|2,Chicken Spring Roll Bowl,Peanut Sauce,2½ tbsp hoisin sauce,2,,Hoisin Sauce,,
6d5344f4-65e5-4844-ae41-cffa3639cb9a|1|3,Chicken Spring Roll Bowl,Peanut Sauce,1½ tbsp smooth peanut butter,1,,Smooth Peanut Butter,,
6d5344f4-65e5-4844-ae41-cffa3639cb9a|1|4,Chicken Spring Roll Bowl,Peanut Sauce,60ml (¼ cup) water (adjust for thickness),60,ml,Water,¼ cup; adjust for thickness,
6d5344f4-65e5-4844-ae41-cffa3639cb9a|1|5,Chicken Spring Roll Bowl,Peanut Sauce,1 tsp sambal chilli paste,1,tsp,Sambal Chilli Paste,,
a9ce490b-fb43-4911-82be-56805de1d1bd|0|0,Chicken Tikka Masala,curry sauce,3 tbsp / 65ml vegetable oil,3,tbsp,Vegetable Oil,,
a9ce490b-fb43-4911-82be-56805de1d1bd|0|1,Chicken Tikka Masala,curry sauce,30g / 2 tbsp unsalted butter,30,g,Unsalted Butter,,
a9ce490b-fb43-4911-82be-56805de1d1bd|0|2,Chicken Tikka Masala,curry sauce,"1 onion, finely chopped",1,,Yellow Onion,finely chopped,
a9ce490b-fb43-4911-82be-56805de1d1bd|0|3,Chicken Tikka Masala,curry sauce,1 tsp salt,1,tsp,Salt,,
a9ce490b-fb43-4911-82be-56805de1d1bd|0|4,Chicken Tikka Masala,curry sauce,2 tbsp grated ginger,2,tbsp,Ginger,grated,
a9ce490b-fb43-4911-82be-56805de1d1bd|0|5,Chicken Tikka Masala,curry sauce,"6 cloves garlic, minced",6,clove,Garlic,minced,
a9ce490b-fb43-4911-82be-56805de1d1bd|0|6,Chicken Tikka Masala,curry sauce,1 tbsp paprika,1,tbsp,Paprika,,
a9ce490b-fb43-4911-82be-56805de1d1bd|0|7,Chicken Tikka Masala,curry sauce,1⅔ cups tomato passata (tomato puree),1,,Tomato Passata,tomato puree,
a9ce490b-fb43-4911-82be-56805de1d1bd|0|8,Chicken Tikka Masala,curry sauce,1⅔ cups water,1,,Water,,
a9ce490b-fb43-4911-82be-56805de1d1bd|0|9,Chicken Tikka Masala,curry sauce,½ cup cream,0.5,cup,Cream,,
a9ce490b-fb43-4911-82be-56805de1d1bd|0|10,Chicken Tikka Masala,curry sauce,1 tsp sugar,1,tsp,Sugar,,
a9ce490b-fb43-4911-82be-56805de1d1bd|0|11,Chicken Tikka Masala,curry sauce,50g / 3 tbsp extra unsalted butter,50,g,Unsalted Butter,,
a9ce490b-fb43-4911-82be-56805de1d1bd|1|0,Chicken Tikka Masala,chicken marinade,"600g / 1.2 lb chicken thigh, cut into 3cm / 2.2-inch cubes",600,g,Chicken Thigh,3cm piece; cut into / 2.2-inch cubes,
a9ce490b-fb43-4911-82be-56805de1d1bd|1|1,Chicken Tikka Masala,chicken marinade,½ cup plain yoghurt,0.5,cup,Plain Yoghurt,,
a9ce490b-fb43-4911-82be-56805de1d1bd|1|2,Chicken Tikka Masala,chicken marinade,"6 cloves garlic, minced",6,clove,Garlic,minced,
a9ce490b-fb43-4911-82be-56805de1d1bd|1|3,Chicken Tikka Masala,chicken marinade,1 tbsp grated ginger,1,tbsp,Ginger,grated,
a9ce490b-fb43-4911-82be-56805de1d1bd|1|4,Chicken Tikka Masala,chicken marinade,1 tsp garam masala,1,tsp,Garam Masala,,
a9ce490b-fb43-4911-82be-56805de1d1bd|1|5,Chicken Tikka Masala,chicken marinade,1 tsp salt,1,tsp,Salt,,
a9ce490b-fb43-4911-82be-56805de1d1bd|1|6,Chicken Tikka Masala,chicken marinade,1 tsp cumin,1,tsp,Cumin,,
a9ce490b-fb43-4911-82be-56805de1d1bd|1|7,Chicken Tikka Masala,chicken marinade,1 tsp coriander,1,tsp,Coriander,,
a9ce490b-fb43-4911-82be-56805de1d1bd|1|8,Chicken Tikka Masala,chicken marinade,1 tsp paprika,1,tsp,Paprika,,
a9ce490b-fb43-4911-82be-56805de1d1bd|1|9,Chicken Tikka Masala,chicken marinade,1 tbsp vegetable oil,1,tbsp,Vegetable Oil,,
a9ce490b-fb43-4911-82be-56805de1d1bd|1|10,Chicken Tikka Masala,chicken marinade,⅛ tsp cayenne pepper,0.125,tsp,Cayenne Pepper,,
a9ce490b-fb43-4911-82be-56805de1d1bd|1|11,Chicken Tikka Masala,chicken marinade,pinch black pepper,1,pinch,Black Pepper,,
a9ce490b-fb43-4911-82be-56805de1d1bd|1|12,Chicken Tikka Masala,chicken marinade,2 tsp lemon juice,2,tsp,Lemon Juice,,
a9ce490b-fb43-4911-82be-56805de1d1bd|2|0,Chicken Tikka Masala,curry sauce spices,2 tsp turmeric,2,tsp,Turmeric Powder,,
a9ce490b-fb43-4911-82be-56805de1d1bd|2|1,Chicken Tikka Masala,curry sauce spices,1 tbsp garam masala,1,tbsp,Garam Masala,,
a9ce490b-fb43-4911-82be-56805de1d1bd|2|2,Chicken Tikka Masala,curry sauce spices,2 tsp coriander,2,tsp,Coriander,,
a9ce490b-fb43-4911-82be-56805de1d1bd|2|3,Chicken Tikka Masala,curry sauce spices,1 tsp cumin,1,tsp,Cumin,,
a9ce490b-fb43-4911-82be-56805de1d1bd|2|4,Chicken Tikka Masala,curry sauce spices,⅛ tsp cardamon,0.125,tsp,Cardamon,,
a9ce490b-fb43-4911-82be-56805de1d1bd|2|5,Chicken Tikka Masala,curry sauce spices,⅛ tsp cayenne pepper,0.125,tsp,Cayenne Pepper,,
e7e89515-f1f3-4bcd-87d5-236149bf849f|0|0,Chile Lime Chipotle Chicken,main,2.5 lbs boneless chicken thighs,2.5,lb,Chicken Thigh,,
e7e89515-f1f3-4bcd-87d5-236149bf849f|0|1,Chile Lime Chipotle Chicken,main,a few generous pinches of salt & pepper,,,Pinche Salt Pepper,generous,
e7e89515-f1f3-4bcd-87d5-236149bf849f|0|2,Chile Lime Chipotle Chicken,main,1 tbsp paprika,1,tbsp,Paprika,,
e7e89515-f1f3-4bcd-87d5-236149bf849f|0|3,Chile Lime Chipotle Chicken,main,1 tbsp Aleppo pepper or chili flakes of choice,1,tbsp,Aleppo Pepper,or chili flakes of choice,
e7e89515-f1f3-4bcd-87d5-236149bf849f|0|4,Chile Lime Chipotle Chicken,main,1 tbsp garlic powder,1,tbsp,Garlic Granules,,
e7e89515-f1f3-4bcd-87d5-236149bf849f|0|5,Chile Lime Chipotle Chicken,main,½ tbsp chipotle powder,0.5,tbsp,Chipotle Powder,,
e7e89515-f1f3-4bcd-87d5-236149bf849f|0|6,Chile Lime Chipotle Chicken,main,½ tsp coriander,0.5,tsp,Coriander,,
e7e89515-f1f3-4bcd-87d5-236149bf849f|0|7,Chile Lime Chipotle Chicken,main,¼ tsp cayenne pepper,0.25,tsp,Cayenne Pepper,,
e7e89515-f1f3-4bcd-87d5-236149bf849f|0|8,Chile Lime Chipotle Chicken,main,2 tbsp fresh cilantro,2,tbsp,Coriander,,
e7e89515-f1f3-4bcd-87d5-236149bf849f|0|9,Chile Lime Chipotle Chicken,main,1 tbsp olive oil,1,tbsp,Olive Oil,,
e7e89515-f1f3-4bcd-87d5-236149bf849f|0|10,Chile Lime Chipotle Chicken,main,2 tbsp yogurt,2,tbsp,Plain Yoghurt,,
e7e89515-f1f3-4bcd-87d5-236149bf849f|0|11,Chile Lime Chipotle Chicken,main,juice of 1 large lime,,,Lime Juice,,
e7e89515-f1f3-4bcd-87d5-236149bf849f|0|12,Chile Lime Chipotle Chicken,main,"½ large red onion, thinly sliced",0.5,,Red Onion,thinly sliced,
68dbda75-bf09-4fcb-b7a7-24880e2d4eb6|0|0,Chili Crunch Ground Chicken Bowls,Cucumber Salad,1 tablespoon chili crunch,1,tbsp,Chili Crunch,,
68dbda75-bf09-4fcb-b7a7-24880e2d4eb6|0|1,Chili Crunch Ground Chicken Bowls,Cucumber Salad,1 tablespoon coconut aminos,1,tbsp,Coconut Aminos,,
68dbda75-bf09-4fcb-b7a7-24880e2d4eb6|0|2,Chili Crunch Ground Chicken Bowls,Cucumber Salad,1 tablespoon pure maple syrup,1,tbsp,Maple Syrup,,
68dbda75-bf09-4fcb-b7a7-24880e2d4eb6|0|3,Chili Crunch Ground Chicken Bowls,Cucumber Salad,1 tablespoon rice vinegar,1,tbsp,Rice Vinegar,,
68dbda75-bf09-4fcb-b7a7-24880e2d4eb6|0|4,Chili Crunch Ground Chicken Bowls,Cucumber Salad,1 teaspoon grated ginger root,1,tsp,Ginger,grated,
68dbda75-bf09-4fcb-b7a7-24880e2d4eb6|0|5,Chili Crunch Ground Chicken Bowls,Cucumber Salad,½ teaspoon kosher salt,0.5,tsp,Kosher Salt,,
68dbda75-bf09-4fcb-b7a7-24880e2d4eb6|0|6,Chili Crunch Ground Chicken Bowls,Cucumber Salad,1 english cucumber,1,,English Cucumber,,
68dbda75-bf09-4fcb-b7a7-24880e2d4eb6|0|7,Chili Crunch Ground Chicken Bowls,Cucumber Salad,6 green onions,6,,Green Onion,,
68dbda75-bf09-4fcb-b7a7-24880e2d4eb6|1|0,Chili Crunch Ground Chicken Bowls,Chicken Bowls,1 tablespoon olive or avocado oil,1,tbsp,Olive,or avocado oil,
68dbda75-bf09-4fcb-b7a7-24880e2d4eb6|1|1,Chili Crunch Ground Chicken Bowls,Chicken Bowls,1 pound ground chicken,1,,Chicken,,
68dbda75-bf09-4fcb-b7a7-24880e2d4eb6|1|2,Chili Crunch Ground Chicken Bowls,Chicken Bowls,⅓ cup coconut aminos,0.333,cup,Coconut Aminos,,
68dbda75-bf09-4fcb-b7a7-24880e2d4eb6|1|3,Chili Crunch Ground Chicken Bowls,Chicken Bowls,2 tablespoons chili crunch,2,tbsp,Chili Crunch,,
68dbda75-bf09-4fcb-b7a7-24880e2d4eb6|1|4,Chili Crunch Ground Chicken Bowls,Chicken Bowls,1 tablespoon pure maple syrup,1,tbsp,Maple Syrup,,
68dbda75-bf09-4fcb-b7a7-24880e2d4eb6|1|5,Chili Crunch Ground Chicken Bowls,Chicken Bowls,1 tablespoon rice vinegar,1,tbsp,Rice Vinegar,,
68dbda75-bf09-4fcb-b7a7-24880e2d4eb6|1|6,Chili Crunch Ground Chicken Bowls,Chicken Bowls,3 garlic cloves,3,,Garlic Clove,,
68dbda75-bf09-4fcb-b7a7-24880e2d4eb6|1|7,Chili Crunch Ground Chicken Bowls,Chicken Bowls,juice of 1 lime,,,Lime Juice,,
68dbda75-bf09-4fcb-b7a7-24880e2d4eb6|1|8,Chili Crunch Ground Chicken Bowls,Chicken Bowls,"3 cups cooked white rice, quinoa, or cauliflower rice",3,cup,White Rice,"or cauliflower rice; quinoa,",
19d09384-b9dd-43da-81c1-76e0235e72dd|0|0,Chili Honey Chicken Bowl,Chicken,450g (1 lb) skinless boneless chicken thighs,450,g,Chicken Thigh,1 lb,
19d09384-b9dd-43da-81c1-76e0235e72dd|0|1,Chili Honey Chicken Bowl,Chicken,¼ tsp chilli crunch oil,0.25,tsp,Chilli Crunch Oil,,
19d09384-b9dd-43da-81c1-76e0235e72dd|0|2,Chili Honey Chicken Bowl,Chicken,1 tsp raw organic honey,1,tsp,Honey,,
19d09384-b9dd-43da-81c1-76e0235e72dd|0|3,Chili Honey Chicken Bowl,Chicken,½ tsp garlic powder,0.5,tsp,Garlic Granules,,
19d09384-b9dd-43da-81c1-76e0235e72dd|0|4,Chili Honey Chicken Bowl,Chicken,1 tsp paprika,1,tsp,Paprika,,
19d09384-b9dd-43da-81c1-76e0235e72dd|0|5,Chili Honey Chicken Bowl,Chicken,1 tsp salt,1,tsp,Salt,,
19d09384-b9dd-43da-81c1-76e0235e72dd|0|6,Chili Honey Chicken Bowl,Chicken,Pinch black pepper,1,pinch,Black Pepper,,
19d09384-b9dd-43da-81c1-76e0235e72dd|0|7,Chili Honey Chicken Bowl,Chicken,1 tbsp avocado oil,1,tbsp,Avocado Oil,,
19d09384-b9dd-43da-81c1-76e0235e72dd|1|0,Chili Honey Chicken Bowl,Pineapple Salsa,"½ cup (~90g) pineapple, diced",0.5,cup,Pineapple,~90g; diced,
19d09384-b9dd-43da-81c1-76e0235e72dd|1|1,Chili Honey Chicken Bowl,Pineapple Salsa,"1 medium avocado, diced",1,,Avocado,diced,
19d09384-b9dd-43da-81c1-76e0235e72dd|1|2,Chili Honey Chicken Bowl,Pineapple Salsa,"¼ cup red onion, finely diced",0.25,cup,Red Onion,finely diced,
19d09384-b9dd-43da-81c1-76e0235e72dd|1|3,Chili Honey Chicken Bowl,Pineapple Salsa,"1 tbsp fresh coriander, chopped",1,tbsp,Coriander,chopped,
19d09384-b9dd-43da-81c1-76e0235e72dd|1|4,Chili Honey Chicken Bowl,Pineapple Salsa,Juice of 1 lime,,,Lime Juice,,
19d09384-b9dd-43da-81c1-76e0235e72dd|1|5,Chili Honey Chicken Bowl,Pineapple Salsa,"Salt and black pepper, to taste",,,Salt,to taste,split
19d09384-b9dd-43da-81c1-76e0235e72dd|1|5-2,Chili Honey Chicken Bowl,Pineapple Salsa,"Salt and black pepper, to taste",,,Black Pepper,to taste; (split — set qty),split
19d09384-b9dd-43da-81c1-76e0235e72dd|2|0,Chili Honey Chicken Bowl,Honey Chili Lime Glaze,3 tbsp raw organic honey,3,tbsp,Honey,,
19d09384-b9dd-43da-81c1-76e0235e72dd|2|1,Chili Honey Chicken Bowl,Honey Chili Lime Glaze,1 tbsp lime juice,1,tbsp,Lime Juice,,
19d09384-b9dd-43da-81c1-76e0235e72dd|2|2,Chili Honey Chicken Bowl,Honey Chili Lime Glaze,¼ tsp chilli crunch oil,0.25,tsp,Chilli Crunch Oil,,
19d09384-b9dd-43da-81c1-76e0235e72dd|3|0,Chili Honey Chicken Bowl,To Serve,Cauliflower rice or rice of choice,,,Cauliflower Rice,or rice of choice,
1b1e0e39-4bd1-4590-a79c-72ae38d8661d|0|0,Chilli Lime Shrimp and Veggie Bowl,Chilli Lime Shrimp,"1 lb jumbo wild caught pink shrimp, peeled and deveined",1,lb,Jumbo Wild Caught Pink Shrimp,peeled and deveined,
1b1e0e39-4bd1-4590-a79c-72ae38d8661d|1|0,Chilli Lime Shrimp and Veggie Bowl,Marinade,2 tbsp olive oil,2,tbsp,Olive Oil,,
1b1e0e39-4bd1-4590-a79c-72ae38d8661d|1|1,Chilli Lime Shrimp and Veggie Bowl,Marinade,¼ cup fresh lime juice,0.25,cup,Lime Juice,,
1b1e0e39-4bd1-4590-a79c-72ae38d8661d|1|2,Chilli Lime Shrimp and Veggie Bowl,Marinade,"½ tsp salt, more to taste",0.5,tsp,Salt,more to taste,
1b1e0e39-4bd1-4590-a79c-72ae38d8661d|1|3,Chilli Lime Shrimp and Veggie Bowl,Marinade,"¼ tsp freshly ground pepper, more to taste",0.25,tsp,Black Pepper,more to taste,
1b1e0e39-4bd1-4590-a79c-72ae38d8661d|1|4,Chilli Lime Shrimp and Veggie Bowl,Marinade,1.5 tbsp chili powder,1.5,tbsp,Chilli Powder,,
1b1e0e39-4bd1-4590-a79c-72ae38d8661d|1|5,Chilli Lime Shrimp and Veggie Bowl,Marinade,½ tsp smoked paprika (or regular),0.5,tsp,Smoked Paprika,or regular,
8332096f-4843-4eb5-aa69-09469b97cce1|0|0,Chilli Oil,Main,1/4 cup red chilli flakes,0.25,cup,Red Chilli Flake,,
8332096f-4843-4eb5-aa69-09469b97cce1|0|1,Chilli Oil,Main,1½ tbsp sesame seeds,1,,Sesame Seeds,,
8332096f-4843-4eb5-aa69-09469b97cce1|0|2,Chilli Oil,Main,1 tsp salt,1,tsp,Salt,,
8332096f-4843-4eb5-aa69-09469b97cce1|0|3,Chilli Oil,Main,1 tsp sugar,1,tsp,Sugar,,
8332096f-4843-4eb5-aa69-09469b97cce1|0|4,Chilli Oil,Main,1 tsp Sichuan pepper,1,tsp,Sichuan Pepper,,
8332096f-4843-4eb5-aa69-09469b97cce1|0|5,Chilli Oil,Main,1 tsp Chinese five spice,1,tsp,Chinese Five Spice,,
8332096f-4843-4eb5-aa69-09469b97cce1|0|6,Chilli Oil,Main,1/2 tsp white pepper,0.5,tsp,White Pepper,,
8332096f-4843-4eb5-aa69-09469b97cce1|0|7,Chilli Oil,Main,"500ml neutral oil (canola, veg, peanut, grapeseed etc.)",500,ml,Oil,"canola, veg, peanut, grapeseed etc.",
8356cba9-e0e8-43f1-becb-ac9771250799|0|0,Chipotle Chicken & Rice Skillet,Chicken,5 bone-in skin-on chicken thighs,5,,Bone-in Skin-on Chicken Thigh,,
8356cba9-e0e8-43f1-becb-ac9771250799|0|1,Chipotle Chicken & Rice Skillet,Chicken,1 tsp olive oil,1,tsp,Olive Oil,,
8356cba9-e0e8-43f1-becb-ac9771250799|0|2,Chipotle Chicken & Rice Skillet,Chicken,salt and cracked pepper,,,Salt,,split
8356cba9-e0e8-43f1-becb-ac9771250799|0|2-2,Chipotle Chicken & Rice Skillet,Chicken,salt and cracked pepper,,,Black Pepper,(split — set qty),split
8356cba9-e0e8-43f1-becb-ac9771250799|0|3,Chipotle Chicken & Rice Skillet,Chicken,½ tbsp chipotle powder,0.5,tbsp,Chipotle Powder,,
8356cba9-e0e8-43f1-becb-ac9771250799|0|4,Chipotle Chicken & Rice Skillet,Chicken,1 tbsp sweet paprika,1,tbsp,Sweet Paprika,,
8356cba9-e0e8-43f1-becb-ac9771250799|0|5,Chipotle Chicken & Rice Skillet,Chicken,1 tbsp garlic powder,1,tbsp,Garlic Granules,,
8356cba9-e0e8-43f1-becb-ac9771250799|0|6,Chipotle Chicken & Rice Skillet,Chicken,1 tbsp oregano or thyme,1,tbsp,Oregano,or thyme,
8356cba9-e0e8-43f1-becb-ac9771250799|1|0,Chipotle Chicken & Rice Skillet,Cucumber Salad,½ finely diced red onion,0.5,,Red Onion,finely diced,
8356cba9-e0e8-43f1-becb-ac9771250799|1|1,Chipotle Chicken & Rice Skillet,Cucumber Salad,2–3 Persian cucumbers,2,,Persian Cucumber,range,
8356cba9-e0e8-43f1-becb-ac9771250799|1|2,Chipotle Chicken & Rice Skillet,Cucumber Salad,2–3 tbsp finely diced fresh cilantro,2,tbsp,Coriander,range; finely diced,
8356cba9-e0e8-43f1-becb-ac9771250799|1|3,Chipotle Chicken & Rice Skillet,Cucumber Salad,salt,,,Salt,,
8356cba9-e0e8-43f1-becb-ac9771250799|2|0,Chipotle Chicken & Rice Skillet,Crema Sauce,3 tbsp Greek yogurt,3,tbsp,Greek Yoghurt,,
8356cba9-e0e8-43f1-becb-ac9771250799|2|1,Chipotle Chicken & Rice Skillet,Crema Sauce,3 tbsp mayo,3,tbsp,Mayonnaise,,
8356cba9-e0e8-43f1-becb-ac9771250799|2|2,Chipotle Chicken & Rice Skillet,Crema Sauce,1 clove garlic,1,clove,Garlic,,
8356cba9-e0e8-43f1-becb-ac9771250799|2|3,Chipotle Chicken & Rice Skillet,Crema Sauce,½ jalapeño,0.5,,Jalapeño,,
8356cba9-e0e8-43f1-becb-ac9771250799|2|4,Chipotle Chicken & Rice Skillet,Crema Sauce,large handful cilantro,,,Coriander,,
8356cba9-e0e8-43f1-becb-ac9771250799|2|5,Chipotle Chicken & Rice Skillet,Crema Sauce,juice of 1 large lime,,,Lime Juice,,
8356cba9-e0e8-43f1-becb-ac9771250799|2|6,Chipotle Chicken & Rice Skillet,Crema Sauce,salt and pepper,,,Salt,,split
8356cba9-e0e8-43f1-becb-ac9771250799|2|6-2,Chipotle Chicken & Rice Skillet,Crema Sauce,salt and pepper,,,Black Pepper,(split — set qty),split
8356cba9-e0e8-43f1-becb-ac9771250799|3|0,Chipotle Chicken & Rice Skillet,To Serve,rice of choice,,,Rice,,
8356cba9-e0e8-43f1-becb-ac9771250799|3|1,Chipotle Chicken & Rice Skillet,To Serve,jalapeños,,,Jalapeño,,
8356cba9-e0e8-43f1-becb-ac9771250799|3|2,Chipotle Chicken & Rice Skillet,To Serve,sliced avocado,,,Avocado,sliced,
8356cba9-e0e8-43f1-becb-ac9771250799|3|3,Chipotle Chicken & Rice Skillet,To Serve,cotija cheese crumbles,,,Cotija Cheese Crumble,,
a0eae1ba-0bc7-44cb-8df1-ce81492a889f|0|0,Chipotle Chicken Chop Bowl,,100g ground chicken breast,100,g,Chicken Breast,,
a0eae1ba-0bc7-44cb-8df1-ce81492a889f|0|1,Chipotle Chicken Chop Bowl,,chipotle taco seasoning & tomato sauce,,,Chipotle Taco Seasoning Tomato Sauce,,
a0eae1ba-0bc7-44cb-8df1-ce81492a889f|0|2,Chipotle Chicken Chop Bowl,,¼ cup corn,0.25,cup,Corn,,
a0eae1ba-0bc7-44cb-8df1-ce81492a889f|0|3,Chipotle Chicken Chop Bowl,,¼ cup black beans,0.25,cup,Black Bean,,
a0eae1ba-0bc7-44cb-8df1-ce81492a889f|0|4,Chipotle Chicken Chop Bowl,,⅓ cup rice,0.333,cup,Rice,,
a0eae1ba-0bc7-44cb-8df1-ce81492a889f|0|5,Chipotle Chicken Chop Bowl,,low fat yogurt,,,Low-fat Plain Yoghurt,,
a0eae1ba-0bc7-44cb-8df1-ce81492a889f|0|6,Chipotle Chicken Chop Bowl,,sriracha,,,Sriracha,,
a0eae1ba-0bc7-44cb-8df1-ce81492a889f|0|7,Chipotle Chicken Chop Bowl,,"cucumbers, tomatoes, onion",,,Cucumber,"tomatoes,  onion",
a0eae1ba-0bc7-44cb-8df1-ce81492a889f|0|8,Chipotle Chicken Chop Bowl,,"optional: pickled jalapeños, diced avocado, fresh coriander",,,Pickled Jalapeño,"diced avocado,  fresh coriander",
c295f89b-2d1d-451a-9a10-0869efee5675|0|0,"Choc, PB and Raspberry Overnight Oats",Oats,½ cup rolled oats,0.5,cup,Rolled Oats,,
c295f89b-2d1d-451a-9a10-0869efee5675|0|1,"Choc, PB and Raspberry Overnight Oats",Oats,1 tbsp chia seeds,1,tbsp,Chia Seed,,
c295f89b-2d1d-451a-9a10-0869efee5675|0|2,"Choc, PB and Raspberry Overnight Oats",Oats,½ serve chocolate protein powder,0.5,,Serve Chocolate Protein Powder,,
c295f89b-2d1d-451a-9a10-0869efee5675|0|3,"Choc, PB and Raspberry Overnight Oats",Oats,2 tsp cacao powder,2,tsp,Cacao Powder,,
c295f89b-2d1d-451a-9a10-0869efee5675|0|4,"Choc, PB and Raspberry Overnight Oats",Oats,1 tbsp peanut butter,1,tbsp,Peanut Butter,,
c295f89b-2d1d-451a-9a10-0869efee5675|0|5,"Choc, PB and Raspberry Overnight Oats",Oats,1 cup almond milk or milk of choice,1,cup,Almond Milk,or milk of choice,
c295f89b-2d1d-451a-9a10-0869efee5675|1|0,"Choc, PB and Raspberry Overnight Oats",To Serve,"¾ cup raspberries, fresh or frozen",0.75,cup,Raspberry,or frozen; fresh,
c295f89b-2d1d-451a-9a10-0869efee5675|1|1,"Choc, PB and Raspberry Overnight Oats",To Serve,1 tsp honey or maple syrup,1,tsp,Honey,or maple syrup,
cc223f31-324c-4bb4-9683-b00e540de242|0|0,Chocolate Baked Oats,Main,1/2 cup oats,0.5,cup,Oats,,
cc223f31-324c-4bb4-9683-b00e540de242|0|1,Chocolate Baked Oats,Main,1/2 cup milk,0.5,cup,Milk,,
cc223f31-324c-4bb4-9683-b00e540de242|0|2,Chocolate Baked Oats,Main,1 tbsp cocoa,1,tbsp,Cocoa Powder,,
cc223f31-324c-4bb4-9683-b00e540de242|0|3,Chocolate Baked Oats,Main,1/2 - 1 tbsp maple syrup,0.5,tbsp,Maple Syrup,range,
cc223f31-324c-4bb4-9683-b00e540de242|0|4,Chocolate Baked Oats,Main,1/2 tsp vanilla,0.5,tsp,Vanilla,,
cc223f31-324c-4bb4-9683-b00e540de242|0|5,Chocolate Baked Oats,Main,1/2 tsp baking powder,0.5,tsp,Baking Powder,,
cc223f31-324c-4bb4-9683-b00e540de242|0|6,Chocolate Baked Oats,Main,Pinch of salt,1,pinch,Salt,,
cc223f31-324c-4bb4-9683-b00e540de242|0|7,Chocolate Baked Oats,Main,1 scoop protein powder (optional),1,scoop,Protein Powder,optional,
cc223f31-324c-4bb4-9683-b00e540de242|1|0,Chocolate Baked Oats,Toppings,Chocolate,,,Chocolate,,
cc223f31-324c-4bb4-9683-b00e540de242|1|1,Chocolate Baked Oats,Toppings,Flakey salt,,,Flakey Salt,,
4fca3f8b-4f6c-4a62-bdc0-a8fd7a85608a|0|0,Chocolate Banana Rice Paper Pie,Main,10 rice paper sheets,10,,Rice Paper,,
4fca3f8b-4f6c-4a62-bdc0-a8fd7a85608a|0|1,Chocolate Banana Rice Paper Pie,Main,2 eggs,2,,Egg,,
4fca3f8b-4f6c-4a62-bdc0-a8fd7a85608a|0|2,Chocolate Banana Rice Paper Pie,Main,1 tbsp nut milk,1,tbsp,Alternative Milk,,
4fca3f8b-4f6c-4a62-bdc0-a8fd7a85608a|0|3,Chocolate Banana Rice Paper Pie,Main,1 tbsp coconut sugar,1,tbsp,Coconut Sugar,,
4fca3f8b-4f6c-4a62-bdc0-a8fd7a85608a|0|4,Chocolate Banana Rice Paper Pie,Main,1 tsp melted coconut oil,1,tsp,Coconut Oil,melted,
4fca3f8b-4f6c-4a62-bdc0-a8fd7a85608a|0|5,Chocolate Banana Rice Paper Pie,Main,"1.5 bananas, sliced in halves then halved again",1.5,,Bananas,sliced in halves then halved again,
4fca3f8b-4f6c-4a62-bdc0-a8fd7a85608a|0|6,Chocolate Banana Rice Paper Pie,Main,1 tsp cinnamon,1,tsp,Cinnamon,,
4fca3f8b-4f6c-4a62-bdc0-a8fd7a85608a|0|7,Chocolate Banana Rice Paper Pie,Main,2 cubes chocolate,2,,Cube Chocolate,,
4fca3f8b-4f6c-4a62-bdc0-a8fd7a85608a|0|8,Chocolate Banana Rice Paper Pie,Main,1 tbsp extra coconut sugar for dusting,1,tbsp,Coconut Sugar,,
cae0af1b-12dc-425d-af5b-3ac0c12ef54f|0|0,Chocolate Blueberry Baked Oatmeal,Main,1/2 cup oats,0.5,cup,Oats,,
cae0af1b-12dc-425d-af5b-3ac0c12ef54f|0|1,Chocolate Blueberry Baked Oatmeal,Main,1/3 cup milk,0.333,cup,Milk,,
cae0af1b-12dc-425d-af5b-3ac0c12ef54f|0|2,Chocolate Blueberry Baked Oatmeal,Main,1/2 tbsp maple syrup,0.5,tbsp,Maple Syrup,,
cae0af1b-12dc-425d-af5b-3ac0c12ef54f|0|3,Chocolate Blueberry Baked Oatmeal,Main,1/2 tbsp chia seeds,0.5,tbsp,Chia Seed,,
cae0af1b-12dc-425d-af5b-3ac0c12ef54f|0|4,Chocolate Blueberry Baked Oatmeal,Main,1/2 tbsp cocoa powder,0.5,tbsp,Cocoa Powder,,
cae0af1b-12dc-425d-af5b-3ac0c12ef54f|0|5,Chocolate Blueberry Baked Oatmeal,Main,1/2 tsp baking powder,0.5,tsp,Baking Powder,,
cae0af1b-12dc-425d-af5b-3ac0c12ef54f|0|6,Chocolate Blueberry Baked Oatmeal,Main,1/2 tsp vanilla extract,0.5,tsp,Vanilla Extract,,
cae0af1b-12dc-425d-af5b-3ac0c12ef54f|0|7,Chocolate Blueberry Baked Oatmeal,Main,Pinch of salt,1,pinch,Salt,,
cae0af1b-12dc-425d-af5b-3ac0c12ef54f|1|0,Chocolate Blueberry Baked Oatmeal,Toppings,Blueberries,,,Blueberry,,
cae0af1b-12dc-425d-af5b-3ac0c12ef54f|1|1,Chocolate Blueberry Baked Oatmeal,Toppings,Chocolate,,,Chocolate,,
1079635d-8f03-46ba-a84f-7cccd8f3ad0c|0|0,Chocolate Chia Mousse,Main,3/4 cup light coconut milk,0.75,cup,Low-fat Coconut Milk,,
1079635d-8f03-46ba-a84f-7cccd8f3ad0c|0|1,Chocolate Chia Mousse,Main,3/4 cup yogurt,0.75,cup,Plain Yoghurt,,
1079635d-8f03-46ba-a84f-7cccd8f3ad0c|0|2,Chocolate Chia Mousse,Main,1 tbsp maple syrup,1,tbsp,Maple Syrup,,
1079635d-8f03-46ba-a84f-7cccd8f3ad0c|0|3,Chocolate Chia Mousse,Main,30g chocolate protein powder,30,g,Chocolate Protein Powder,,
1079635d-8f03-46ba-a84f-7cccd8f3ad0c|0|4,Chocolate Chia Mousse,Main,1/4 cup chia seeds,0.25,cup,Chia Seed,,
a06ca86d-ed6e-4598-b338-dc4dc3ce31e1|0|0,Chocolate Chia Overnight Oats,Main,1/2 cup rolled oats,0.5,cup,Rolled Oats,,
a06ca86d-ed6e-4598-b338-dc4dc3ce31e1|0|1,Chocolate Chia Overnight Oats,Main,1/2 cup milk of choice,0.5,cup,Milk Choice,,
a06ca86d-ed6e-4598-b338-dc4dc3ce31e1|0|2,Chocolate Chia Overnight Oats,Main,1/2 cup Greek yogurt,0.5,cup,Greek Yoghurt,,
a06ca86d-ed6e-4598-b338-dc4dc3ce31e1|0|3,Chocolate Chia Overnight Oats,Main,1 scoop chocolate protein powder,1,scoop,Chocolate Protein Powder,,
a06ca86d-ed6e-4598-b338-dc4dc3ce31e1|0|4,Chocolate Chia Overnight Oats,Main,1 tbsp dark cocoa powder,1,tbsp,Dark Cocoa Powder,,
a06ca86d-ed6e-4598-b338-dc4dc3ce31e1|0|5,Chocolate Chia Overnight Oats,Main,1/2 tbsp chia seeds,0.5,tbsp,Chia Seed,,
a06ca86d-ed6e-4598-b338-dc4dc3ce31e1|0|6,Chocolate Chia Overnight Oats,Main,1-2 tsp maple syrup or honey (optional),1,tsp,Maple Syrup,optional; or honey; range,
a06ca86d-ed6e-4598-b338-dc4dc3ce31e1|0|7,Chocolate Chia Overnight Oats,Main,1/2 tsp vanilla extract (optional),0.5,tsp,Vanilla Extract,optional,
a06ca86d-ed6e-4598-b338-dc4dc3ce31e1|0|8,Chocolate Chia Overnight Oats,Main,Pinch of salt,1,pinch,Salt,,
a06ca86d-ed6e-4598-b338-dc4dc3ce31e1|1|0,Chocolate Chia Overnight Oats,Chocolate Shell,2 tbsp dark chocolate chips,2,tbsp,Dark Chocolate Chip,,
a06ca86d-ed6e-4598-b338-dc4dc3ce31e1|1|1,Chocolate Chia Overnight Oats,Chocolate Shell,1 tsp coconut oil,1,tsp,Coconut Oil,,
e32ebb7d-075a-4fae-bd35-c82abea60211|0|0,Chocolate Chip Protein Pancakes,Main,1/2 cup self rising flour,0.5,cup,Self-Raising Flour,,
e32ebb7d-075a-4fae-bd35-c82abea60211|0|1,Chocolate Chip Protein Pancakes,Main,1/2 cup oat flour,0.5,cup,Oat Flour,,
e32ebb7d-075a-4fae-bd35-c82abea60211|0|2,Chocolate Chip Protein Pancakes,Main,2 scoops protein powder,2,scoop,Protein Powder,,
e32ebb7d-075a-4fae-bd35-c82abea60211|0|3,Chocolate Chip Protein Pancakes,Main,2 tbsp baking powder,2,tbsp,Baking Powder,,
e32ebb7d-075a-4fae-bd35-c82abea60211|0|4,Chocolate Chip Protein Pancakes,Main,1 small pinch of salt,1,pinch,Salt,,
e32ebb7d-075a-4fae-bd35-c82abea60211|0|5,Chocolate Chip Protein Pancakes,Main,1 cup milk of choice,1,cup,Milk Choice,,
e32ebb7d-075a-4fae-bd35-c82abea60211|0|6,Chocolate Chip Protein Pancakes,Main,1 whole egg,1,,Egg,,
e32ebb7d-075a-4fae-bd35-c82abea60211|0|7,Chocolate Chip Protein Pancakes,Main,1 tbsp coconut oil,1,tbsp,Coconut Oil,,
e32ebb7d-075a-4fae-bd35-c82abea60211|0|8,Chocolate Chip Protein Pancakes,Main,1 tbsp vanilla,1,tbsp,Vanilla,,
e32ebb7d-075a-4fae-bd35-c82abea60211|0|9,Chocolate Chip Protein Pancakes,Main,1 serving chocolate chips,1,,Chocolate Chip,,
5e331387-bf5d-4562-a4e3-9998eb2b1b29|0|0,Chocolate Covered Pumpkin Bites,Main,1/2 cup pumpkin puree,0.5,cup,Pumpkin Puree,,
5e331387-bf5d-4562-a4e3-9998eb2b1b29|0|1,Chocolate Covered Pumpkin Bites,Main,1/4 cup peanut butter,0.25,cup,Peanut Butter,,
5e331387-bf5d-4562-a4e3-9998eb2b1b29|0|2,Chocolate Covered Pumpkin Bites,Main,1 cup vanilla Greek yogurt,1,cup,Vanilla Greek Yoghurt,,
5e331387-bf5d-4562-a4e3-9998eb2b1b29|0|3,Chocolate Covered Pumpkin Bites,Main,1/2 tsp cinnamon,0.5,tsp,Cinnamon,,
5e331387-bf5d-4562-a4e3-9998eb2b1b29|0|4,Chocolate Covered Pumpkin Bites,Main,1/2 tsp pumpkin pie spice,0.5,tsp,Pumpkin Pie Spice,,
5e331387-bf5d-4562-a4e3-9998eb2b1b29|0|5,Chocolate Covered Pumpkin Bites,Main,1/4 tsp vanilla extract,0.25,tsp,Vanilla Extract,,
5e331387-bf5d-4562-a4e3-9998eb2b1b29|0|6,Chocolate Covered Pumpkin Bites,Main,Chopped nuts (optional),,,Nuts,optional; Chopped,
5e331387-bf5d-4562-a4e3-9998eb2b1b29|0|7,Chocolate Covered Pumpkin Bites,Main,1 cup dark chocolate chips or chunks,1,cup,Dark Chocolate Chip,or chunks,
5e331387-bf5d-4562-a4e3-9998eb2b1b29|0|8,Chocolate Covered Pumpkin Bites,Main,1 tsp coconut oil,1,tsp,Coconut Oil,,
520ca615-7a9a-4d71-b00e-90d9e1481578|0|0,Chocolate Date Peanut Butter Squares,Main,15 dates,15,,Date,,
520ca615-7a9a-4d71-b00e-90d9e1481578|0|1,Chocolate Date Peanut Butter Squares,Main,1/4 cup peanut butter,0.25,cup,Peanut Butter,,
520ca615-7a9a-4d71-b00e-90d9e1481578|0|2,Chocolate Date Peanut Butter Squares,Main,4 tbsp oat flour,4,tbsp,Oat Flour,,
520ca615-7a9a-4d71-b00e-90d9e1481578|0|3,Chocolate Date Peanut Butter Squares,Main,120g chocolate,120,g,Chocolate,,
e45acef2-7654-4c47-af7d-5f6142b78baa|0|0,Chocolate Hazelnut Cookie Dough Balls,Main,3/4 cup cashew butter,0.75,cup,Cashew Butter,,
e45acef2-7654-4c47-af7d-5f6142b78baa|0|1,Chocolate Hazelnut Cookie Dough Balls,Main,3/4 cup ground hazelnuts,0.75,cup,Hazelnut,,
e45acef2-7654-4c47-af7d-5f6142b78baa|0|2,Chocolate Hazelnut Cookie Dough Balls,Main,1/3 cup oat flour,0.333,cup,Oat Flour,,
e45acef2-7654-4c47-af7d-5f6142b78baa|0|3,Chocolate Hazelnut Cookie Dough Balls,Main,1/4 cup vanilla protein powder (optional),0.25,cup,Vanilla Protein Powder,optional,
e45acef2-7654-4c47-af7d-5f6142b78baa|0|4,Chocolate Hazelnut Cookie Dough Balls,Main,1/3 cup maple syrup,0.333,cup,Maple Syrup,,
e45acef2-7654-4c47-af7d-5f6142b78baa|0|5,Chocolate Hazelnut Cookie Dough Balls,Main,1 tbsp chopped toasted hazelnuts,1,tbsp,Hazelnut,chopped toasted,
e45acef2-7654-4c47-af7d-5f6142b78baa|0|6,Chocolate Hazelnut Cookie Dough Balls,Main,Dash vanilla extract,1,dash,Vanilla Extract,,
e45acef2-7654-4c47-af7d-5f6142b78baa|0|7,Chocolate Hazelnut Cookie Dough Balls,Main,Pinch salt,1,pinch,Salt,,
e45acef2-7654-4c47-af7d-5f6142b78baa|0|8,Chocolate Hazelnut Cookie Dough Balls,Main,Chocolate chips,,,Chocolate Chip,,
e45acef2-7654-4c47-af7d-5f6142b78baa|1|0,Chocolate Hazelnut Cookie Dough Balls,Coating,100g dark chocolate,100,g,Dark Chocolate,,
e45acef2-7654-4c47-af7d-5f6142b78baa|1|1,Chocolate Hazelnut Cookie Dough Balls,Coating,More hazelnuts,,,More Hazelnut,,
ede2a32a-dc89-4b56-aca0-eda6f9642dad|0|0,Chocolate Peanut Butter Protein Cookie Dough,Main,1/2 cup nonfat plain Greek yogurt,0.5,cup,Non-fat Greek Yoghurt,,
ede2a32a-dc89-4b56-aca0-eda6f9642dad|0|1,Chocolate Peanut Butter Protein Cookie Dough,Main,2 tbsp peanut butter,2,tbsp,Peanut Butter,,
ede2a32a-dc89-4b56-aca0-eda6f9642dad|0|2,Chocolate Peanut Butter Protein Cookie Dough,Main,2 tbsp brown sugar substitute (or regular brown sugar),2,tbsp,Brown Sugar Substitute,or regular brown sugar,
ede2a32a-dc89-4b56-aca0-eda6f9642dad|0|3,Chocolate Peanut Butter Protein Cookie Dough,Main,2 scoops protein powder (chocolate peanut butter flavour),2,scoop,Protein Powder,chocolate peanut butter flavour,
ede2a32a-dc89-4b56-aca0-eda6f9642dad|0|4,Chocolate Peanut Butter Protein Cookie Dough,Main,3/4 cup almond flour,0.75,cup,Almond Flour,,
ede2a32a-dc89-4b56-aca0-eda6f9642dad|0|5,Chocolate Peanut Butter Protein Cookie Dough,Main,2 tbsp unsweetened cocoa powder,2,tbsp,Unsweetened Cocoa Powder,,
ede2a32a-dc89-4b56-aca0-eda6f9642dad|0|6,Chocolate Peanut Butter Protein Cookie Dough,Main,Dark chocolate chips,,,Dark Chocolate Chip,,
f2e1ebf2-3532-4215-873f-ac671a299421|0|0,Chocolate Protein Chia Seed Pudding,Pudding,375ml (1½ cups) water,375,ml,Water,1½ cups,
f2e1ebf2-3532-4215-873f-ac671a299421|0|1,Chocolate Protein Chia Seed Pudding,Pudding,185ml (¾ cup) Alpro high-protein soya milk,185,ml,Alpro High-protein Soya Milk,¾ cup,
f2e1ebf2-3532-4215-873f-ac671a299421|0|2,Chocolate Protein Chia Seed Pudding,Pudding,60g (½ cup) chocolate protein powder,60,g,Chocolate Protein Powder,½ cup,
f2e1ebf2-3532-4215-873f-ac671a299421|0|3,Chocolate Protein Chia Seed Pudding,Pudding,2 tbsp cocoa powder,2,tbsp,Cocoa Powder,,
f2e1ebf2-3532-4215-873f-ac671a299421|0|4,Chocolate Protein Chia Seed Pudding,Pudding,1½ tbsp coconut sugar,1,,Coconut Sugar,,
f2e1ebf2-3532-4215-873f-ac671a299421|0|5,Chocolate Protein Chia Seed Pudding,Pudding,60g (¼ cup) chia seeds,60,g,Chia Seed,¼ cup,
f2e1ebf2-3532-4215-873f-ac671a299421|1|0,Chocolate Protein Chia Seed Pudding,Suggested Toppings (per serving),1 tbsp Nush protein yoghurt,1,tbsp,Nush Protein Yoghurt,,
f2e1ebf2-3532-4215-873f-ac671a299421|1|1,Chocolate Protein Chia Seed Pudding,Suggested Toppings (per serving),½ rice cake,0.5,,Rice Cake,,
f2e1ebf2-3532-4215-873f-ac671a299421|1|2,Chocolate Protein Chia Seed Pudding,Suggested Toppings (per serving),1 tsp desiccated coconut,1,tsp,Desiccated Coconut,,
f2e1ebf2-3532-4215-873f-ac671a299421|1|3,Chocolate Protein Chia Seed Pudding,Suggested Toppings (per serving),"11g dark chocolate (70%), chopped",11,g,Dark Chocolate,70%; chopped,
f2e1ebf2-3532-4215-873f-ac671a299421|1|4,Chocolate Protein Chia Seed Pudding,Suggested Toppings (per serving),12g hazelnut butter,12,g,Hazelnut Butter,,
f2e1ebf2-3532-4215-873f-ac671a299421|1|5,Chocolate Protein Chia Seed Pudding,Suggested Toppings (per serving),40g (¼ cup) frozen raspberries,40,g,Raspberry,¼ cup,
8475dcfc-6979-4894-af32-3e4e88c58da0|0|0,Chocolate Protein Yogurt Bowl,Main,2/3 cup plain nonfat Greek yogurt,0.667,cup,Non-fat Greek Yoghurt,,
8475dcfc-6979-4894-af32-3e4e88c58da0|0|1,Chocolate Protein Yogurt Bowl,Main,1 scoop chocolate protein powder,1,scoop,Chocolate Protein Powder,,
8475dcfc-6979-4894-af32-3e4e88c58da0|0|2,Chocolate Protein Yogurt Bowl,Main,1 tbsp chocolate powdered peanut butter,1,tbsp,Chocolate Peanut Butter Powder,,
8475dcfc-6979-4894-af32-3e4e88c58da0|0|3,Chocolate Protein Yogurt Bowl,Main,1/4 cup raspberries,0.25,cup,Raspberry,,
8475dcfc-6979-4894-af32-3e4e88c58da0|0|4,Chocolate Protein Yogurt Bowl,Main,2 tsp peanut butter,2,tsp,Peanut Butter,,
8475dcfc-6979-4894-af32-3e4e88c58da0|0|5,Chocolate Protein Yogurt Bowl,Main,2 tbsp dark chocolate chips,2,tbsp,Dark Chocolate Chip,,
8475dcfc-6979-4894-af32-3e4e88c58da0|0|6,Chocolate Protein Yogurt Bowl,Main,1 tsp coconut oil,1,tsp,Coconut Oil,,
97332deb-bde9-4635-aec6-6c0f89786f84|0|0,Chocolate Raspberry Baked Protein Oats,Batter,30g rolled oats,30,g,Rolled Oats,,
97332deb-bde9-4635-aec6-6c0f89786f84|0|1,Chocolate Raspberry Baked Protein Oats,Batter,30g quinoa flakes,30,g,Quinoa Flake,,
97332deb-bde9-4635-aec6-6c0f89786f84|0|2,Chocolate Raspberry Baked Protein Oats,Batter,3 tbsp chia seeds,3,tbsp,Chia Seed,,
97332deb-bde9-4635-aec6-6c0f89786f84|0|3,Chocolate Raspberry Baked Protein Oats,Batter,2 tbsp cocoa powder,2,tbsp,Cocoa Powder,,
97332deb-bde9-4635-aec6-6c0f89786f84|0|4,Chocolate Raspberry Baked Protein Oats,Batter,"4 Medjool dates, pitted",4,,Medjool Date,pitted,
97332deb-bde9-4635-aec6-6c0f89786f84|0|5,Chocolate Raspberry Baked Protein Oats,Batter,½ tsp baking soda,0.5,tsp,Baking Soda,,
97332deb-bde9-4635-aec6-6c0f89786f84|0|6,Chocolate Raspberry Baked Protein Oats,Batter,½ tsp baking powder,0.5,tsp,Baking Powder,,
97332deb-bde9-4635-aec6-6c0f89786f84|0|7,Chocolate Raspberry Baked Protein Oats,Batter,Pinch of salt,1,pinch,Salt,,
97332deb-bde9-4635-aec6-6c0f89786f84|0|8,Chocolate Raspberry Baked Protein Oats,Batter,60g chocolate protein powder,60,g,Chocolate Protein Powder,,
97332deb-bde9-4635-aec6-6c0f89786f84|0|9,Chocolate Raspberry Baked Protein Oats,Batter,250ml (1 cup) Alpro high-protein soya milk,250,ml,Alpro High-protein Soya Milk,1 cup,
97332deb-bde9-4635-aec6-6c0f89786f84|0|10,Chocolate Raspberry Baked Protein Oats,Batter,125ml (½ cup) water,125,ml,Water,½ cup,
97332deb-bde9-4635-aec6-6c0f89786f84|1|0,Chocolate Raspberry Baked Protein Oats,Fold-ins,75g (½ cup) fresh or frozen raspberries,75,g,Raspberry,½ cup; or frozen raspberries,
97332deb-bde9-4635-aec6-6c0f89786f84|1|1,Chocolate Raspberry Baked Protein Oats,Fold-ins,"30g (¼ cup) dark chocolate (85%), roughly chopped",30,g,Dark Chocolate,¼ cup; 85%; roughly chopped,
11cddfcf-2898-41bd-b0bc-d63ee2451be1|0|0,Chocolate Rice Cake Strawberry Treat,Main,2 chocolate rice cakes (~14g),2,,Chocolate Rice Cake,~14g,
11cddfcf-2898-41bd-b0bc-d63ee2451be1|0|1,Chocolate Rice Cake Strawberry Treat,Main,2 tbsp (14g) PBfit powder mixed with a little water to form a paste,2,tbsp,Peanut Butter Powder,14g,
11cddfcf-2898-41bd-b0bc-d63ee2451be1|0|2,Chocolate Rice Cake Strawberry Treat,Main,¼ cup (38g) sliced strawberries,0.25,cup,Strawberry,38g; sliced,
11cddfcf-2898-41bd-b0bc-d63ee2451be1|0|3,Chocolate Rice Cake Strawberry Treat,Main,¼ cup (60g) Greek yoghurt (sub soya yoghurt to keep DF),0.25,cup,Greek Yoghurt,60g; sub soya yoghurt to keep DF,
11cddfcf-2898-41bd-b0bc-d63ee2451be1|0|4,Chocolate Rice Cake Strawberry Treat,Main,"2 tbsp (22g) dark chocolate (75%), chopped or melted",2,tbsp,Dark Chocolate,22g; 75%; or melted; chopped,
11cddfcf-2898-41bd-b0bc-d63ee2451be1|0|5,Chocolate Rice Cake Strawberry Treat,Main,1 tsp (5g) coconut oil,1,tsp,Coconut Oil,5g,
b06d3257-9b82-40b2-bc4c-aebf9b2ffe3e|0|0,Chocolate Strawberry Baked Oats,Main,1/2 cup oats,0.5,cup,Oats,,
b06d3257-9b82-40b2-bc4c-aebf9b2ffe3e|0|1,Chocolate Strawberry Baked Oats,Main,1/2 cup + 2 tbsp milk,0.5,cup,Milk,,
b06d3257-9b82-40b2-bc4c-aebf9b2ffe3e|0|2,Chocolate Strawberry Baked Oats,Main,1/2 tbsp chia seeds,0.5,tbsp,Chia Seed,,
b06d3257-9b82-40b2-bc4c-aebf9b2ffe3e|0|3,Chocolate Strawberry Baked Oats,Main,1 tbsp cocoa powder,1,tbsp,Cocoa Powder,,
b06d3257-9b82-40b2-bc4c-aebf9b2ffe3e|0|4,Chocolate Strawberry Baked Oats,Main,1/2 tbsp maple syrup,0.5,tbsp,Maple Syrup,,
b06d3257-9b82-40b2-bc4c-aebf9b2ffe3e|0|5,Chocolate Strawberry Baked Oats,Main,1/2 tsp vanilla extract,0.5,tsp,Vanilla Extract,,
b06d3257-9b82-40b2-bc4c-aebf9b2ffe3e|0|6,Chocolate Strawberry Baked Oats,Main,1/4 tsp baking powder,0.25,tsp,Baking Powder,,
b06d3257-9b82-40b2-bc4c-aebf9b2ffe3e|0|7,Chocolate Strawberry Baked Oats,Main,Pinch of salt,1,pinch,Salt,,
b06d3257-9b82-40b2-bc4c-aebf9b2ffe3e|0|8,Chocolate Strawberry Baked Oats,Main,1 scoop chocolate protein powder,1,scoop,Chocolate Protein Powder,,
b06d3257-9b82-40b2-bc4c-aebf9b2ffe3e|0|9,Chocolate Strawberry Baked Oats,Main,Strawberries,,,Strawberry,,
b06d3257-9b82-40b2-bc4c-aebf9b2ffe3e|1|0,Chocolate Strawberry Baked Oats,Chocolate Sauce,2 tbsp cocoa powder,2,tbsp,Cocoa Powder,,
b06d3257-9b82-40b2-bc4c-aebf9b2ffe3e|1|1,Chocolate Strawberry Baked Oats,Chocolate Sauce,2 tbsp water,2,tbsp,Water,,
b06d3257-9b82-40b2-bc4c-aebf9b2ffe3e|1|2,Chocolate Strawberry Baked Oats,Chocolate Sauce,1/2 tsp stevia,0.5,tsp,Stevia,,
b06d3257-9b82-40b2-bc4c-aebf9b2ffe3e|1|3,Chocolate Strawberry Baked Oats,Chocolate Sauce,Pinch of salt,1,pinch,Salt,,
668fe7ab-5978-4add-a603-df586b2e1a98|0|0,Chocolate Sweet Potato Mug Cake,Main,1/4 cup cooked mashed sweet potato,0.25,cup,Sweet Potato,,
668fe7ab-5978-4add-a603-df586b2e1a98|0|1,Chocolate Sweet Potato Mug Cake,Main,2 tsp cacao powder,2,tsp,Cacao Powder,,
668fe7ab-5978-4add-a603-df586b2e1a98|0|2,Chocolate Sweet Potato Mug Cake,Main,2-4 tsp maple syrup to taste,2,tsp,Maple Syrup,range; to taste,
668fe7ab-5978-4add-a603-df586b2e1a98|0|3,Chocolate Sweet Potato Mug Cake,Main,1/2 tbsp vanilla paste,0.5,tbsp,Vanilla Bean Paste,,
668fe7ab-5978-4add-a603-df586b2e1a98|0|4,Chocolate Sweet Potato Mug Cake,Main,1 tbsp cashew butter,1,tbsp,Cashew Butter,,
668fe7ab-5978-4add-a603-df586b2e1a98|0|5,Chocolate Sweet Potato Mug Cake,Main,1/4 tsp baking soda,0.25,tsp,Baking Soda,,
668fe7ab-5978-4add-a603-df586b2e1a98|0|6,Chocolate Sweet Potato Mug Cake,Main,1 egg,1,,Egg,,
668fe7ab-5978-4add-a603-df586b2e1a98|0|7,Chocolate Sweet Potato Mug Cake,Main,Dark chocolate chips for topping (optional),,,Dark Chocolate Chip Topping,optional,
9b1e94bc-4338-4b8e-be16-17cb906d72a5|0|0,Chocolate Tahini Brownies,Main,1 cup runny tahini,1,cup,Tahini,,
9b1e94bc-4338-4b8e-be16-17cb906d72a5|0|1,Chocolate Tahini Brownies,Main,2 eggs,2,,Egg,,
9b1e94bc-4338-4b8e-be16-17cb906d72a5|0|2,Chocolate Tahini Brownies,Main,1/2 cup maple syrup,0.5,cup,Maple Syrup,,
9b1e94bc-4338-4b8e-be16-17cb906d72a5|0|3,Chocolate Tahini Brownies,Main,1 tsp vanilla paste,1,tsp,Vanilla Bean Paste,,
9b1e94bc-4338-4b8e-be16-17cb906d72a5|0|4,Chocolate Tahini Brownies,Main,1/3 cup cacao powder,0.333,cup,Cacao Powder,,
9b1e94bc-4338-4b8e-be16-17cb906d72a5|0|5,Chocolate Tahini Brownies,Main,1/3 cup melted dark chocolate,0.333,cup,Dark Chocolate,melted,
9b1e94bc-4338-4b8e-be16-17cb906d72a5|0|6,Chocolate Tahini Brownies,Main,1/4 tsp sea salt,0.25,tsp,Sea Salt,,
9b1e94bc-4338-4b8e-be16-17cb906d72a5|0|7,Chocolate Tahini Brownies,Main,1.5 tsp baking powder,1.5,tsp,Baking Powder,,
b87480e0-378b-45ba-af4f-3b1a46e9af54|0|0,Chocolate Zucchini Bread,Main,1 1/3 cup almond flour,1.333,cup,Almond Flour,,
b87480e0-378b-45ba-af4f-3b1a46e9af54|0|1,Chocolate Zucchini Bread,Main,6 tbsp cacao powder,6,tbsp,Cacao Powder,,
b87480e0-378b-45ba-af4f-3b1a46e9af54|0|2,Chocolate Zucchini Bread,Main,"2 medium zucchini, peeled and shredded",2,,Zucchini,peeled and shredded,
b87480e0-378b-45ba-af4f-3b1a46e9af54|0|3,Chocolate Zucchini Bread,Main,2/3 cup dark chocolate chips,0.667,cup,Dark Chocolate Chip,,
b87480e0-378b-45ba-af4f-3b1a46e9af54|0|4,Chocolate Zucchini Bread,Main,3 eggs,3,,Egg,,
b87480e0-378b-45ba-af4f-3b1a46e9af54|0|5,Chocolate Zucchini Bread,Main,"1/4 cup coconut oil, melted and cooled",0.25,cup,Coconut Oil,melted and cooled,
b87480e0-378b-45ba-af4f-3b1a46e9af54|0|6,Chocolate Zucchini Bread,Main,1/4 cup almond butter,0.25,cup,Almond Butter,,
b87480e0-378b-45ba-af4f-3b1a46e9af54|0|7,Chocolate Zucchini Bread,Main,2/3 cup coconut sugar,0.667,cup,Coconut Sugar,,
b87480e0-378b-45ba-af4f-3b1a46e9af54|0|8,Chocolate Zucchini Bread,Main,1 tsp vanilla,1,tsp,Vanilla,,
b87480e0-378b-45ba-af4f-3b1a46e9af54|0|9,Chocolate Zucchini Bread,Main,1 tsp baking soda,1,tsp,Baking Soda,,
87eb6b29-06ce-4bff-8717-b0a7d13e60f6|0|0,Chopped Jalapeño Cheddar Chicken Salad,Main,"2 cooked chicken breasts (~240g, shredded)",2,,Chicken Breast,"~240g, shredded",
87eb6b29-06ce-4bff-8717-b0a7d13e60f6|0|1,Chopped Jalapeño Cheddar Chicken Salad,Main,"3 heaped tbsp thick Greek yoghurt, 0% or full fat (sub soya yoghurt to keep DF)",3,tbsp,Greek Yoghurt,heaped; sub soya yoghurt to keep DF; or full fat; 0%,
87eb6b29-06ce-4bff-8717-b0a7d13e60f6|0|2,Chopped Jalapeño Cheddar Chicken Salad,Main,"50g smoked cheddar, grated (sub dairy-free cheddar e.g. Violife to keep DF)",50,g,Smoked Cheddar,sub dairy-free cheddar e.g. Violife to keep DF; grated,
87eb6b29-06ce-4bff-8717-b0a7d13e60f6|0|3,Chopped Jalapeño Cheddar Chicken Salad,Main,1–2 tbsp diced jalapeños from a jar,1,tbsp,Pickled Jalapeño,range; diced,
87eb6b29-06ce-4bff-8717-b0a7d13e60f6|0|4,Chopped Jalapeño Cheddar Chicken Salad,Main,1 tbsp brine from jalapeño jar,1,tbsp,Pickled Jalapeño Brine,,
87eb6b29-06ce-4bff-8717-b0a7d13e60f6|0|5,Chopped Jalapeño Cheddar Chicken Salad,Main,"½ red onion, finely diced",0.5,,Red Onion,finely diced,
87eb6b29-06ce-4bff-8717-b0a7d13e60f6|0|6,Chopped Jalapeño Cheddar Chicken Salad,Main,"2 large tomatoes, deseeded and diced",2,,Tomatoes,deseeded and diced,
87eb6b29-06ce-4bff-8717-b0a7d13e60f6|0|7,Chopped Jalapeño Cheddar Chicken Salad,Main,"1 green pepper, diced",1,,Green Pepper,diced,
87eb6b29-06ce-4bff-8717-b0a7d13e60f6|0|8,Chopped Jalapeño Cheddar Chicken Salad,Main,"2 tbsp fresh coriander, chopped (or parsley)",2,tbsp,Coriander,or parsley; chopped,
87eb6b29-06ce-4bff-8717-b0a7d13e60f6|0|9,Chopped Jalapeño Cheddar Chicken Salad,Main,1–2 tsp runny honey,1,tsp,Honey,range,
87eb6b29-06ce-4bff-8717-b0a7d13e60f6|0|10,Chopped Jalapeño Cheddar Chicken Salad,Main,½ tsp garlic granules,0.5,tsp,Garlic Granules,,
87eb6b29-06ce-4bff-8717-b0a7d13e60f6|1|0,Chopped Jalapeño Cheddar Chicken Salad,To Serve,"GF wraps, sandwiches, or as a salad topper",,,Gluten-free Wrap,"or as a salad topper; sandwiches,",
87eb6b29-06ce-4bff-8717-b0a7d13e60f6|1|1,Chopped Jalapeño Cheddar Chicken Salad,To Serve,"Salt, to season just before serving",,,Salt,to season just before serving,
9dc56722-74a5-4fec-93a9-58aedf1e2e9a|0|0,Cinnamon Buckwheat Smoothie,Main,3/4 cup milk of choice,0.75,cup,Milk Choice,,
9dc56722-74a5-4fec-93a9-58aedf1e2e9a|0|1,Cinnamon Buckwheat Smoothie,Main,1/4 cup buckwheat (soaked overnight in 1/2 cup water + 1/2 tbsp apple cider vinegar),0.25,cup,Buckwheat Flour,soaked overnight in 1/2 cup water + 1/2 tbsp apple cider vinegar,
9dc56722-74a5-4fec-93a9-58aedf1e2e9a|0|2,Cinnamon Buckwheat Smoothie,Main,1 frozen ripe banana,1,,Banana,,
9dc56722-74a5-4fec-93a9-58aedf1e2e9a|0|3,Cinnamon Buckwheat Smoothie,Main,1 tsp vanilla extract,1,tsp,Vanilla Extract,,
9dc56722-74a5-4fec-93a9-58aedf1e2e9a|0|4,Cinnamon Buckwheat Smoothie,Main,1 scoop grass-fed collagen,1,scoop,Gras-fed Collagen,,
9dc56722-74a5-4fec-93a9-58aedf1e2e9a|0|5,Cinnamon Buckwheat Smoothie,Main,1/2 tsp cinnamon,0.5,tsp,Cinnamon,,
9dc56722-74a5-4fec-93a9-58aedf1e2e9a|0|6,Cinnamon Buckwheat Smoothie,Main,1 tbsp almond butter,1,tbsp,Almond Butter,,
60244d3e-80be-4565-958d-30135c7addb7|0|0,Cinnamon Roll Baked Oats,Oat Base,2 cups oat flour,2,cup,Oat Flour,,
60244d3e-80be-4565-958d-30135c7addb7|0|1,Cinnamon Roll Baked Oats,Oat Base,1 tbsp cinnamon,1,tbsp,Cinnamon,,
60244d3e-80be-4565-958d-30135c7addb7|0|2,Cinnamon Roll Baked Oats,Oat Base,1 tbsp baking powder,1,tbsp,Baking Powder,,
60244d3e-80be-4565-958d-30135c7addb7|0|3,Cinnamon Roll Baked Oats,Oat Base,1 tsp salt,1,tsp,Salt,,
60244d3e-80be-4565-958d-30135c7addb7|0|4,Cinnamon Roll Baked Oats,Oat Base,1 tsp vanilla,1,tsp,Vanilla,,
60244d3e-80be-4565-958d-30135c7addb7|0|5,Cinnamon Roll Baked Oats,Oat Base,2 tbsp coconut oil,2,tbsp,Coconut Oil,,
60244d3e-80be-4565-958d-30135c7addb7|0|6,Cinnamon Roll Baked Oats,Oat Base,1/4 cup maple syrup,0.25,cup,Maple Syrup,,
60244d3e-80be-4565-958d-30135c7addb7|0|7,Cinnamon Roll Baked Oats,Oat Base,1/4 cup almond butter,0.25,cup,Almond Butter,,
60244d3e-80be-4565-958d-30135c7addb7|1|0,Cinnamon Roll Baked Oats,Cinnamon Filling,2 tbsp cinnamon,2,tbsp,Cinnamon,,
60244d3e-80be-4565-958d-30135c7addb7|1|1,Cinnamon Roll Baked Oats,Cinnamon Filling,1/2 tsp salt,0.5,tsp,Salt,,
60244d3e-80be-4565-958d-30135c7addb7|1|2,Cinnamon Roll Baked Oats,Cinnamon Filling,1/4 cup maple syrup,0.25,cup,Maple Syrup,,
60244d3e-80be-4565-958d-30135c7addb7|1|3,Cinnamon Roll Baked Oats,Cinnamon Filling,1/4 cup almond butter,0.25,cup,Almond Butter,,
60244d3e-80be-4565-958d-30135c7addb7|1|4,Cinnamon Roll Baked Oats,Cinnamon Filling,1 tbsp coconut oil,1,tbsp,Coconut Oil,,
60244d3e-80be-4565-958d-30135c7addb7|2|0,Cinnamon Roll Baked Oats,Greek Yogurt Maple Glaze,1 cup plain Greek yogurt,1,cup,Greek Yoghurt,,
60244d3e-80be-4565-958d-30135c7addb7|2|1,Cinnamon Roll Baked Oats,Greek Yogurt Maple Glaze,2 tbsp maple syrup,2,tbsp,Maple Syrup,,
8bec8086-2517-4f46-904b-2c7d731f2d91|0|0,Cinnamon Roll Date Cake,Cake,"12 medjool dates, pitted",12,,Medjool Date,pitted,
8bec8086-2517-4f46-904b-2c7d731f2d91|0|1,Cinnamon Roll Date Cake,Cake,1 cup (220g) boiling water,1,cup,Boiling Water,220g,
8bec8086-2517-4f46-904b-2c7d731f2d91|0|2,Cinnamon Roll Date Cake,Cake,3 large eggs,3,,Egg,,
8bec8086-2517-4f46-904b-2c7d731f2d91|0|3,Cinnamon Roll Date Cake,Cake,1/2 cup (150g) maple syrup,0.5,cup,Maple Syrup,150g,
8bec8086-2517-4f46-904b-2c7d731f2d91|0|4,Cinnamon Roll Date Cake,Cake,1 tsp (5g) vanilla extract,1,tsp,Vanilla Extract,5g,
8bec8086-2517-4f46-904b-2c7d731f2d91|0|5,Cinnamon Roll Date Cake,Cake,1/4 cup (50g) olive oil,0.25,cup,Olive Oil,50g,
8bec8086-2517-4f46-904b-2c7d731f2d91|0|6,Cinnamon Roll Date Cake,Cake,1 cup (170g) gluten free all purpose flour substitute,1,cup,Gluten-free Plain Flour,170g,
8bec8086-2517-4f46-904b-2c7d731f2d91|0|7,Cinnamon Roll Date Cake,Cake,1 tsp (4g) baking powder,1,tsp,Baking Powder,4g,
8bec8086-2517-4f46-904b-2c7d731f2d91|0|8,Cinnamon Roll Date Cake,Cake,1/2 tsp (3g) baking soda,0.5,tsp,Baking Soda,3g,
8bec8086-2517-4f46-904b-2c7d731f2d91|0|9,Cinnamon Roll Date Cake,Cake,1/2 tsp (3g) salt,0.5,tsp,Salt,3g,
8bec8086-2517-4f46-904b-2c7d731f2d91|0|10,Cinnamon Roll Date Cake,Cake,1 tsp (2g) cinnamon,1,tsp,Cinnamon,2g,
8bec8086-2517-4f46-904b-2c7d731f2d91|1|0,Cinnamon Roll Date Cake,Cinnamon Topping,2 tsp (4g) cinnamon,2,tsp,Cinnamon,4g,
8bec8086-2517-4f46-904b-2c7d731f2d91|1|1,Cinnamon Roll Date Cake,Cinnamon Topping,1/2 cup (105g) coconut or cane sugar,0.5,cup,Coconut,105g; or cane sugar,
8bec8086-2517-4f46-904b-2c7d731f2d91|1|2,Cinnamon Roll Date Cake,Cinnamon Topping,"2 tbsp (24g) coconut oil, melted",2,tbsp,Coconut Oil,24g; melted,
8bec8086-2517-4f46-904b-2c7d731f2d91|2|0,Cinnamon Roll Date Cake,Glaze,1 cup (170g) powdered sugar,1,cup,Powdered Sugar,170g,
8bec8086-2517-4f46-904b-2c7d731f2d91|2|1,Cinnamon Roll Date Cake,Glaze,3 tbsp (40g) dairy free milk of choice,3,tbsp,Dairy Free Milk Choice,40g,
8bec8086-2517-4f46-904b-2c7d731f2d91|2|2,Cinnamon Roll Date Cake,Glaze,1/4 tsp (1g) vanilla extract,0.25,tsp,Vanilla Extract,1g,
889b108c-1ded-4270-98ae-b2df3344deba|0|0,Coconut Prawn Curry,Prawns,"1kg prawns, peeled and deveined",1,kg,Prawn,peeled and deveined,
889b108c-1ded-4270-98ae-b2df3344deba|0|1,Coconut Prawn Curry,Prawns,1 tsp garam masala,1,tsp,Garam Masala,,
889b108c-1ded-4270-98ae-b2df3344deba|0|2,Coconut Prawn Curry,Prawns,½ tsp ground cumin,0.5,tsp,Cumin,,
889b108c-1ded-4270-98ae-b2df3344deba|0|3,Coconut Prawn Curry,Prawns,1 tsp curry powder,1,tsp,Curry Powder,,
889b108c-1ded-4270-98ae-b2df3344deba|0|4,Coconut Prawn Curry,Prawns,¼ tsp red chilli powder,0.25,tsp,Chili Powder,,
889b108c-1ded-4270-98ae-b2df3344deba|0|5,Coconut Prawn Curry,Prawns,Pinch of salt,1,pinch,Salt,,
889b108c-1ded-4270-98ae-b2df3344deba|0|6,Coconut Prawn Curry,Prawns,"Vegetable oil, to cook",,,Vegetable Oil,to cook,
889b108c-1ded-4270-98ae-b2df3344deba|1|0,Coconut Prawn Curry,Curry Sauce,1 tbsp butter,1,tbsp,Butter,,
889b108c-1ded-4270-98ae-b2df3344deba|1|1,Coconut Prawn Curry,Curry Sauce,"1 onion, finely chopped",1,,Yellow Onion,finely chopped,
889b108c-1ded-4270-98ae-b2df3344deba|1|2,Coconut Prawn Curry,Curry Sauce,1 tbsp minced garlic,1,tbsp,Garlic,minced,
889b108c-1ded-4270-98ae-b2df3344deba|1|3,Coconut Prawn Curry,Curry Sauce,2 tsp minced ginger,2,tsp,Ginger,minced,
889b108c-1ded-4270-98ae-b2df3344deba|1|4,Coconut Prawn Curry,Curry Sauce,1½ tsp garam masala,1,,Garam Masala,,
889b108c-1ded-4270-98ae-b2df3344deba|1|5,Coconut Prawn Curry,Curry Sauce,1½ tsp ground cumin,1,,Cumin,,
889b108c-1ded-4270-98ae-b2df3344deba|1|6,Coconut Prawn Curry,Curry Sauce,1 tsp curry powder,1,tsp,Curry Powder,,
889b108c-1ded-4270-98ae-b2df3344deba|1|7,Coconut Prawn Curry,Curry Sauce,400g crushed tomatoes,400,g,Tomatoes,crushed,
889b108c-1ded-4270-98ae-b2df3344deba|1|8,Coconut Prawn Curry,Curry Sauce,1 tsp red chilli powder,1,tsp,Chili Powder,,
889b108c-1ded-4270-98ae-b2df3344deba|1|9,Coconut Prawn Curry,Curry Sauce,"Salt, to taste",,,Salt,to taste,
889b108c-1ded-4270-98ae-b2df3344deba|1|10,Coconut Prawn Curry,Curry Sauce,1½ tsp brown sugar,1,,Brown Sugar,,
889b108c-1ded-4270-98ae-b2df3344deba|1|11,Coconut Prawn Curry,Curry Sauce,250ml coconut milk,250,ml,Coconut Milk,,
a9e726a3-df78-47f3-ac4b-878a92a1ddb4|0|0,Coffee Protein Ice Cream Affogato,Main,1 cup Greek yogurt,1,cup,Greek Yoghurt,,
a9e726a3-df78-47f3-ac4b-878a92a1ddb4|0|1,Coffee Protein Ice Cream Affogato,Main,1.25 scoops butter coffee protein powder,1.25,scoop,Butter,,split
a9e726a3-df78-47f3-ac4b-878a92a1ddb4|0|1-2,Coffee Protein Ice Cream Affogato,Main,1.25 scoops butter coffee protein powder,,,Coffee,(split — set qty),split
a9e726a3-df78-47f3-ac4b-878a92a1ddb4|0|1-3,Coffee Protein Ice Cream Affogato,Main,1.25 scoops butter coffee protein powder,,,Protein Powder,(split — set qty),split
a9e726a3-df78-47f3-ac4b-878a92a1ddb4|0|2,Coffee Protein Ice Cream Affogato,Main,1-2 shots chilled espresso,1,,Chilled Espresso,range,
a9e726a3-df78-47f3-ac4b-878a92a1ddb4|0|3,Coffee Protein Ice Cream Affogato,Main,4 oz almond milk,4,oz,Almond Milk,,
a9e726a3-df78-47f3-ac4b-878a92a1ddb4|0|4,Coffee Protein Ice Cream Affogato,Main,1/2 tsp vanilla,0.5,tsp,Vanilla,,
a9e726a3-df78-47f3-ac4b-878a92a1ddb4|0|5,Coffee Protein Ice Cream Affogato,Main,3 tbsp powdered monk fruit sweetener,3,tbsp,Powdered Monkfruit Sweetener,,
a9e726a3-df78-47f3-ac4b-878a92a1ddb4|0|6,Coffee Protein Ice Cream Affogato,Main,Pinch of salt,1,pinch,Salt,,
5d343647-bd62-4409-a77e-9c03bb04b8bb|0|0,Cookie Dough Caramel Bars,Base,1 cup oat flour,1,cup,Oat Flour,,
5d343647-bd62-4409-a77e-9c03bb04b8bb|0|1,Cookie Dough Caramel Bars,Base,1 cup ground almonds,1,cup,Almond,,
5d343647-bd62-4409-a77e-9c03bb04b8bb|0|2,Cookie Dough Caramel Bars,Base,4 tbsp coconut oil,4,tbsp,Coconut Oil,,
5d343647-bd62-4409-a77e-9c03bb04b8bb|0|3,Cookie Dough Caramel Bars,Base,3 tbsp maple syrup,3,tbsp,Maple Syrup,,
5d343647-bd62-4409-a77e-9c03bb04b8bb|0|4,Cookie Dough Caramel Bars,Base,Pinch salt,1,pinch,Salt,,
5d343647-bd62-4409-a77e-9c03bb04b8bb|0|5,Cookie Dough Caramel Bars,Base,Pinch cinnamon,1,pinch,Cinnamon,,
5d343647-bd62-4409-a77e-9c03bb04b8bb|0|6,Cookie Dough Caramel Bars,Base,Chocolate chips,,,Chocolate Chip,,
5d343647-bd62-4409-a77e-9c03bb04b8bb|1|0,Cookie Dough Caramel Bars,Peanut Butter Date Caramel,1 cup soaked and drained dates,1,cup,Soaked And Drained Date,,
5d343647-bd62-4409-a77e-9c03bb04b8bb|1|1,Cookie Dough Caramel Bars,Peanut Butter Date Caramel,1 tbsp peanut butter,1,tbsp,Peanut Butter,,
5d343647-bd62-4409-a77e-9c03bb04b8bb|1|2,Cookie Dough Caramel Bars,Peanut Butter Date Caramel,2 tsp coconut oil,2,tsp,Coconut Oil,,
5d343647-bd62-4409-a77e-9c03bb04b8bb|1|3,Cookie Dough Caramel Bars,Peanut Butter Date Caramel,3 tbsp maple syrup,3,tbsp,Maple Syrup,,
5d343647-bd62-4409-a77e-9c03bb04b8bb|1|4,Cookie Dough Caramel Bars,Peanut Butter Date Caramel,Pinch salt,1,pinch,Salt,,
5d343647-bd62-4409-a77e-9c03bb04b8bb|2|0,Cookie Dough Caramel Bars,Topping,80g melted dark chocolate,80,g,Dark Chocolate,melted,
5d343647-bd62-4409-a77e-9c03bb04b8bb|2|1,Cookie Dough Caramel Bars,Topping,Chopped peanuts,,,Peanuts,Chopped,
7e022252-7afd-45dd-b5e0-f766fbbce3ce|0|0,Copycat Nando's Peri Peri Chicken Burgers,Peri Peri Sauce / Marinade,"1–3 birds eye red chilies (1=mild, 3=medium spicy)",1,,Bird Eye Chilli,"1=mild, 3=medium spicy; range",
7e022252-7afd-45dd-b5e0-f766fbbce3ce|0|1,Copycat Nando's Peri Peri Chicken Burgers,Peri Peri Sauce / Marinade,"1 medium red capsicum/bell pepper, roughly cut",1,,Red Capsicum,roughly cut,
7e022252-7afd-45dd-b5e0-f766fbbce3ce|0|2,Copycat Nando's Peri Peri Chicken Burgers,Peri Peri Sauce / Marinade,"5 garlic cloves, peeled",5,,Garlic Clove,peeled,
7e022252-7afd-45dd-b5e0-f766fbbce3ce|0|3,Copycat Nando's Peri Peri Chicken Burgers,Peri Peri Sauce / Marinade,3 tbsp vegetable or canola oil,3,tbsp,Vegetable,or canola oil,
7e022252-7afd-45dd-b5e0-f766fbbce3ce|0|4,Copycat Nando's Peri Peri Chicken Burgers,Peri Peri Sauce / Marinade,4 tbsp malt vinegar (sub red wine vinegar),4,tbsp,Malt Vinegar,sub red wine vinegar,
7e022252-7afd-45dd-b5e0-f766fbbce3ce|0|5,Copycat Nando's Peri Peri Chicken Burgers,Peri Peri Sauce / Marinade,2 tbsp smoked paprika,2,tbsp,Smoked Paprika,,
7e022252-7afd-45dd-b5e0-f766fbbce3ce|0|6,Copycat Nando's Peri Peri Chicken Burgers,Peri Peri Sauce / Marinade,1 tbsp dried oregano,1,tbsp,Oregano,,
7e022252-7afd-45dd-b5e0-f766fbbce3ce|0|7,Copycat Nando's Peri Peri Chicken Burgers,Peri Peri Sauce / Marinade,2 tsp onion powder,2,tsp,Onion Powder,,
7e022252-7afd-45dd-b5e0-f766fbbce3ce|0|8,Copycat Nando's Peri Peri Chicken Burgers,Peri Peri Sauce / Marinade,1½ tsp white sugar,1,,White Sugar,,
7e022252-7afd-45dd-b5e0-f766fbbce3ce|0|9,Copycat Nando's Peri Peri Chicken Burgers,Peri Peri Sauce / Marinade,1½ tsp cooking/kosher salt,1,,Cooking,,
7e022252-7afd-45dd-b5e0-f766fbbce3ce|0|10,Copycat Nando's Peri Peri Chicken Burgers,Peri Peri Sauce / Marinade,3 drops red food colouring (optional),3,,Drop Red Food Colouring,optional,
7e022252-7afd-45dd-b5e0-f766fbbce3ce|1|0,Copycat Nando's Peri Peri Chicken Burgers,Perinaise,3 tbsp Peri Peri Sauce (above),3,tbsp,Peri Peri Sauce,above,
7e022252-7afd-45dd-b5e0-f766fbbce3ce|1|1,Copycat Nando's Peri Peri Chicken Burgers,Perinaise,½ cup whole egg mayonnaise,0.5,cup,Mayonnaise,,
7e022252-7afd-45dd-b5e0-f766fbbce3ce|1|2,Copycat Nando's Peri Peri Chicken Burgers,Perinaise,¼ cup sour cream or yoghurt,0.25,cup,Sour Cream,or yoghurt,
7e022252-7afd-45dd-b5e0-f766fbbce3ce|2|0,Copycat Nando's Peri Peri Chicken Burgers,Burgers,"4 chicken breasts or thigh fillets, boneless skinless",4,,Chicken Breast,"or thigh fillets, boneless skinless",
7e022252-7afd-45dd-b5e0-f766fbbce3ce|2|1,Copycat Nando's Peri Peri Chicken Burgers,Burgers,2 tbsp olive oil,2,tbsp,Olive Oil,,
7e022252-7afd-45dd-b5e0-f766fbbce3ce|2|2,Copycat Nando's Peri Peri Chicken Burgers,Burgers,"4 soft rolls, split and lightly toasted",4,,White Roll,split and lightly toasted,
7e022252-7afd-45dd-b5e0-f766fbbce3ce|2|3,Copycat Nando's Peri Peri Chicken Burgers,Burgers,"2 tomatoes, sliced",2,,Tomatoes,sliced,
7e022252-7afd-45dd-b5e0-f766fbbce3ce|2|4,Copycat Nando's Peri Peri Chicken Burgers,Burgers,lettuce of choice,,,Lettuce,,
74a31c2a-a81c-4c7a-9ab0-b75a17d11f7e|0|0,Cosmic Brownie Overnight Oats,Main,1/3 cup oats,0.333,cup,Oats,,
74a31c2a-a81c-4c7a-9ab0-b75a17d11f7e|0|1,Cosmic Brownie Overnight Oats,Main,2 tbsp chia seeds,2,tbsp,Chia Seed,,
74a31c2a-a81c-4c7a-9ab0-b75a17d11f7e|0|2,Cosmic Brownie Overnight Oats,Main,1/2 cup plain Greek yogurt,0.5,cup,Greek Yoghurt,,
74a31c2a-a81c-4c7a-9ab0-b75a17d11f7e|0|3,Cosmic Brownie Overnight Oats,Main,1 cup milk or plant-based milk,1,cup,Milk,or plant-based milk,
74a31c2a-a81c-4c7a-9ab0-b75a17d11f7e|0|4,Cosmic Brownie Overnight Oats,Main,2 tbsp cocoa powder,2,tbsp,Cocoa Powder,,
74a31c2a-a81c-4c7a-9ab0-b75a17d11f7e|0|5,Cosmic Brownie Overnight Oats,Main,1 tsp maple syrup,1,tsp,Maple Syrup,,
74a31c2a-a81c-4c7a-9ab0-b75a17d11f7e|0|6,Cosmic Brownie Overnight Oats,Main,1/2 tsp vanilla,0.5,tsp,Vanilla,,
74a31c2a-a81c-4c7a-9ab0-b75a17d11f7e|0|7,Cosmic Brownie Overnight Oats,Main,1-2 tbsp chocolate chips,1,tbsp,Chocolate Chip,range,
74a31c2a-a81c-4c7a-9ab0-b75a17d11f7e|0|8,Cosmic Brownie Overnight Oats,Main,1 tbsp peanut butter,1,tbsp,Peanut Butter,,
74a31c2a-a81c-4c7a-9ab0-b75a17d11f7e|0|9,Cosmic Brownie Overnight Oats,Main,Optional: 1/4 cup chocolate plant-based protein powder,0.25,cup,Chocolate Plant-based Protein Powder,,
2baefb39-a511-4366-940a-ac201af32c7a|0|0,Cottage Cheese Pancakes,Main,4 eggs,4,,Egg,,
2baefb39-a511-4366-940a-ac201af32c7a|0|1,Cottage Cheese Pancakes,Main,1 1/2 cups cottage cheese,1.5,cup,Cottage Cheese,,
2baefb39-a511-4366-940a-ac201af32c7a|0|2,Cottage Cheese Pancakes,Main,2 tbsp maple syrup,2,tbsp,Maple Syrup,,
2baefb39-a511-4366-940a-ac201af32c7a|0|3,Cottage Cheese Pancakes,Main,1 tsp vanilla extract,1,tsp,Vanilla Extract,,
2baefb39-a511-4366-940a-ac201af32c7a|0|4,Cottage Cheese Pancakes,Main,3/4 cup rolled oats or oat flour,0.75,cup,Rolled Oats,or oat flour,
2baefb39-a511-4366-940a-ac201af32c7a|0|5,Cottage Cheese Pancakes,Main,1/2 tbsp baking powder,0.5,tbsp,Baking Powder,,
2baefb39-a511-4366-940a-ac201af32c7a|0|6,Cottage Cheese Pancakes,Main,Pinch of salt,1,pinch,Salt,,
2baefb39-a511-4366-940a-ac201af32c7a|0|7,Cottage Cheese Pancakes,Main,Sliced bananas or blueberries for filling,,,Bananas,or blueberries for filling; Sliced,
82ca465d-0b5c-42f6-af86-63393a888b38|0|0,Creamy Cucumber Avocado Broccoli Salad,Smashed Broccoli,680g (1.5 lbs) broccoli florets,680,g,Broccoli Floret,1.5 lbs,
82ca465d-0b5c-42f6-af86-63393a888b38|0|1,Creamy Cucumber Avocado Broccoli Salad,Smashed Broccoli,4 tbsp avocado oil,4,tbsp,Avocado Oil,,
82ca465d-0b5c-42f6-af86-63393a888b38|0|2,Creamy Cucumber Avocado Broccoli Salad,Smashed Broccoli,½ tsp dried oregano,0.5,tsp,Oregano,,
82ca465d-0b5c-42f6-af86-63393a888b38|0|3,Creamy Cucumber Avocado Broccoli Salad,Smashed Broccoli,1 tsp chile lime seasoning,1,tsp,Chile Lime Seasoning,,
82ca465d-0b5c-42f6-af86-63393a888b38|0|4,Creamy Cucumber Avocado Broccoli Salad,Smashed Broccoli,1 tsp smoked paprika,1,tsp,Smoked Paprika,,
82ca465d-0b5c-42f6-af86-63393a888b38|0|5,Creamy Cucumber Avocado Broccoli Salad,Smashed Broccoli,Salt to taste,,,Salt,to taste,
82ca465d-0b5c-42f6-af86-63393a888b38|1|0,Creamy Cucumber Avocado Broccoli Salad,Salad,"4–5 Persian cucumbers (~400g), thinly sliced",4,,Persian Cucumber,~400g; range; thinly sliced,
82ca465d-0b5c-42f6-af86-63393a888b38|1|1,Creamy Cucumber Avocado Broccoli Salad,Salad,"1 avocado (~150g), cubed",1,,Avocado,~150g; cubed,
82ca465d-0b5c-42f6-af86-63393a888b38|1|2,Creamy Cucumber Avocado Broccoli Salad,Salad,"Large handful fresh mint, finely chopped",,,Mint,finely chopped,
82ca465d-0b5c-42f6-af86-63393a888b38|1|3,Creamy Cucumber Avocado Broccoli Salad,Salad,"Large handful chives or 2 spring onions, finely chopped",,,Chives,"or 2 spring onions, finely chopped",
82ca465d-0b5c-42f6-af86-63393a888b38|1|4,Creamy Cucumber Avocado Broccoli Salad,Salad,2 tbsp roasted walnuts or pistachios,2,tbsp,Walnut,or pistachios,
82ca465d-0b5c-42f6-af86-63393a888b38|2|0,Creamy Cucumber Avocado Broccoli Salad,Creamy Dressing,2 tbsp mayonnaise,2,tbsp,Mayonnaise,,
82ca465d-0b5c-42f6-af86-63393a888b38|2|1,Creamy Cucumber Avocado Broccoli Salad,Creamy Dressing,2 tbsp Greek yoghurt (sub soya yoghurt to keep DF),2,tbsp,Greek Yoghurt,sub soya yoghurt to keep DF,
82ca465d-0b5c-42f6-af86-63393a888b38|2|2,Creamy Cucumber Avocado Broccoli Salad,Creamy Dressing,1 tbsp Dijon mustard,1,tbsp,Dijon Mustard,,
82ca465d-0b5c-42f6-af86-63393a888b38|2|3,Creamy Cucumber Avocado Broccoli Salad,Creamy Dressing,Zest of 1 lime,,,Lime Zest,,
82ca465d-0b5c-42f6-af86-63393a888b38|2|4,Creamy Cucumber Avocado Broccoli Salad,Creamy Dressing,Juice of 2 limes,,,Lime Juice,,
82ca465d-0b5c-42f6-af86-63393a888b38|2|5,Creamy Cucumber Avocado Broccoli Salad,Creamy Dressing,"1–2 garlic cloves, minced",1,,Garlic Clove,range; minced,
82ca465d-0b5c-42f6-af86-63393a888b38|2|6,Creamy Cucumber Avocado Broccoli Salad,Creamy Dressing,Generous pinch of salt,1,pinch,Salt,generous,
5c54547f-01f9-4def-b576-96196cc7aaec|0|0,Creamy Mango and Coconut Cod Curry,Main,2 tbsp Thai red curry paste,2,tbsp,Thai Red Curry Paste,,
5c54547f-01f9-4def-b576-96196cc7aaec|0|1,Creamy Mango and Coconut Cod Curry,Main,1 chicken stock cube,1,,Chicken Stock Cube,,
5c54547f-01f9-4def-b576-96196cc7aaec|0|2,Creamy Mango and Coconut Cod Curry,Main,1 tsp chopped garlic,1,tsp,Garlic,chopped,
5c54547f-01f9-4def-b576-96196cc7aaec|0|3,Creamy Mango and Coconut Cod Curry,Main,"3 spring onions, diced",3,,Spring Onion,diced,
5c54547f-01f9-4def-b576-96196cc7aaec|0|4,Creamy Mango and Coconut Cod Curry,Main,1 red pepper,1,,Red Bell Pepper,,
5c54547f-01f9-4def-b576-96196cc7aaec|0|5,Creamy Mango and Coconut Cod Curry,Main,Handful of spinach,1,handful,Spinach,,
5c54547f-01f9-4def-b576-96196cc7aaec|0|6,Creamy Mango and Coconut Cod Curry,Main,1 tin coconut milk (light or regular),1,tin,Coconut Milk,light or regular,
5c54547f-01f9-4def-b576-96196cc7aaec|0|7,Creamy Mango and Coconut Cod Curry,Main,200g fresh mango (pre-blended or whole; can use frozen),200,g,Mango,pre-blended or whole; can use frozen,
5c54547f-01f9-4def-b576-96196cc7aaec|0|8,Creamy Mango and Coconut Cod Curry,Main,Soy sauce & fish sauce,,,Soy Sauce Fish Sauce,,
5c54547f-01f9-4def-b576-96196cc7aaec|0|9,Creamy Mango and Coconut Cod Curry,Main,2 cod fillets (or any fish),2,,Cod,or any fish; fillets,
5c54547f-01f9-4def-b576-96196cc7aaec|0|10,Creamy Mango and Coconut Cod Curry,Main,1 lime,1,,Lime,,
f8921341-90bc-4f37-a6c4-caf2f8e5afb3|0|0,Creamy Peanut Miso Ramen,Broth,1 tbsp vegetable oil,1,tbsp,Vegetable Oil,,
f8921341-90bc-4f37-a6c4-caf2f8e5afb3|0|1,Creamy Peanut Miso Ramen,Broth,1 tbsp chilli crisp,1,tbsp,Chilli Crisp,,
f8921341-90bc-4f37-a6c4-caf2f8e5afb3|0|2,Creamy Peanut Miso Ramen,Broth,"4 garlic cloves, grated",4,,Garlic Clove,grated,
f8921341-90bc-4f37-a6c4-caf2f8e5afb3|0|3,Creamy Peanut Miso Ramen,Broth,"5cm (2in) fresh ginger, grated",,,Ginger,2in; 5cm piece; grated,
f8921341-90bc-4f37-a6c4-caf2f8e5afb3|0|4,Creamy Peanut Miso Ramen,Broth,Zest and juice of 1 lime,,,Zest And Juice Lime,,
f8921341-90bc-4f37-a6c4-caf2f8e5afb3|0|5,Creamy Peanut Miso Ramen,Broth,"6 spring onions, whites and greens separated",6,,Spring Onion,whites and greens separated,
f8921341-90bc-4f37-a6c4-caf2f8e5afb3|0|6,Creamy Peanut Miso Ramen,Broth,2 tbsp miso paste,2,tbsp,Miso Paste,,
f8921341-90bc-4f37-a6c4-caf2f8e5afb3|0|7,Creamy Peanut Miso Ramen,Broth,2 tbsp maple syrup,2,tbsp,Maple Syrup,,
f8921341-90bc-4f37-a6c4-caf2f8e5afb3|0|8,Creamy Peanut Miso Ramen,Broth,1 tbsp rice vinegar,1,tbsp,Rice Vinegar,,
f8921341-90bc-4f37-a6c4-caf2f8e5afb3|0|9,Creamy Peanut Miso Ramen,Broth,3 tbsp smooth peanut butter,3,tbsp,Smooth Peanut Butter,,
f8921341-90bc-4f37-a6c4-caf2f8e5afb3|0|10,Creamy Peanut Miso Ramen,Broth,3 tbsp runny tahini,3,tbsp,Tahini,,
f8921341-90bc-4f37-a6c4-caf2f8e5afb3|0|11,Creamy Peanut Miso Ramen,Broth,400ml coconut milk,400,ml,Coconut Milk,,
f8921341-90bc-4f37-a6c4-caf2f8e5afb3|0|12,Creamy Peanut Miso Ramen,Broth,750ml vegetable stock,750,ml,Vegetable Stock,,
f8921341-90bc-4f37-a6c4-caf2f8e5afb3|0|13,Creamy Peanut Miso Ramen,Broth,2 tbsp soy sauce,2,tbsp,Soy Sauce,,
f8921341-90bc-4f37-a6c4-caf2f8e5afb3|0|14,Creamy Peanut Miso Ramen,Broth,1 tsp vegan fish sauce,1,tsp,Vegan Fish Sauce,,
f8921341-90bc-4f37-a6c4-caf2f8e5afb3|0|15,Creamy Peanut Miso Ramen,Broth,"Salt, pepper, and a pinch of sugar",,,Salt,"pepper,  and a pinch of sugar",
f8921341-90bc-4f37-a6c4-caf2f8e5afb3|0|16,Creamy Peanut Miso Ramen,Broth,4 × 100g packets ramen noodles — use GF rice noodles,4,,Rice Noodles,,
f8921341-90bc-4f37-a6c4-caf2f8e5afb3|1|0,Creamy Peanut Miso Ramen,Smoky Tofu Crumbles,2 tbsp vegetable oil,2,tbsp,Vegetable Oil,,
f8921341-90bc-4f37-a6c4-caf2f8e5afb3|1|1,Creamy Peanut Miso Ramen,Smoky Tofu Crumbles,"1 × 225g block smoked firm tofu, crumbled",1,,Block Smoked Firm Tofu,crumbled,
f8921341-90bc-4f37-a6c4-caf2f8e5afb3|1|2,Creamy Peanut Miso Ramen,Smoky Tofu Crumbles,1 tbsp soy sauce,1,tbsp,Soy Sauce,,
f8921341-90bc-4f37-a6c4-caf2f8e5afb3|1|3,Creamy Peanut Miso Ramen,Smoky Tofu Crumbles,1 tsp smoked paprika,1,tsp,Smoked Paprika,,
f8921341-90bc-4f37-a6c4-caf2f8e5afb3|1|4,Creamy Peanut Miso Ramen,Smoky Tofu Crumbles,1 tsp liquid smoke (optional),1,tsp,Liquid Smoke,optional,
f8921341-90bc-4f37-a6c4-caf2f8e5afb3|1|5,Creamy Peanut Miso Ramen,Smoky Tofu Crumbles,1 tsp chilli oil,1,tsp,Chilli Oil,,
f8921341-90bc-4f37-a6c4-caf2f8e5afb3|2|0,Creamy Peanut Miso Ramen,Garnish,Chilli crisp,,,Chilli Crisp,,
f8921341-90bc-4f37-a6c4-caf2f8e5afb3|2|1,Creamy Peanut Miso Ramen,Garnish,Black sesame seeds,,,Black Sesame Seed,,
f8921341-90bc-4f37-a6c4-caf2f8e5afb3|2|2,Creamy Peanut Miso Ramen,Garnish,Toasted sesame oil,,,Sesame Oil,Toasted,
f8921341-90bc-4f37-a6c4-caf2f8e5afb3|2|3,Creamy Peanut Miso Ramen,Garnish,Fresh coriander leaves,,,Coriander,,
55f71d81-f12f-457a-bd8b-d2f3624524da|0|0,Creamy Thai Coconut Chicken Meatballs,Meatballs,500g lean chicken mince,500,g,Lean Chicken Mince,,
55f71d81-f12f-457a-bd8b-d2f3624524da|0|1,Creamy Thai Coconut Chicken Meatballs,Meatballs,"1 small courgette, grated",1,,Courgette,grated,
55f71d81-f12f-457a-bd8b-d2f3624524da|0|2,Creamy Thai Coconut Chicken Meatballs,Meatballs,"½ red chilli, diced",0.5,,Red Chilli,diced,
55f71d81-f12f-457a-bd8b-d2f3624524da|0|3,Creamy Thai Coconut Chicken Meatballs,Meatballs,1 heaped tsp ginger and garlic paste,1,tsp,Ginger Paste,heaped,split
55f71d81-f12f-457a-bd8b-d2f3624524da|0|3-2,Creamy Thai Coconut Chicken Meatballs,Meatballs,1 heaped tsp ginger and garlic paste,,,Garlic Paste,heaped; (split — set qty),split
55f71d81-f12f-457a-bd8b-d2f3624524da|0|4,Creamy Thai Coconut Chicken Meatballs,Meatballs,2 tbsp chopped fresh coriander,2,tbsp,Coriander,chopped,
55f71d81-f12f-457a-bd8b-d2f3624524da|0|5,Creamy Thai Coconut Chicken Meatballs,Meatballs,"2 spring onions, finely chopped",2,,Spring Onion,finely chopped,
55f71d81-f12f-457a-bd8b-d2f3624524da|0|6,Creamy Thai Coconut Chicken Meatballs,Meatballs,1 medium egg,1,,Egg,,
55f71d81-f12f-457a-bd8b-d2f3624524da|0|7,Creamy Thai Coconut Chicken Meatballs,Meatballs,2 tbsp light soy sauce,2,tbsp,Light Soy Sauce,,
55f71d81-f12f-457a-bd8b-d2f3624524da|0|8,Creamy Thai Coconut Chicken Meatballs,Meatballs,zest of 1 lime,,,Lime Zest,,
55f71d81-f12f-457a-bd8b-d2f3624524da|0|9,Creamy Thai Coconut Chicken Meatballs,Meatballs,salt and pepper,,,Salt,,split
55f71d81-f12f-457a-bd8b-d2f3624524da|0|9-2,Creamy Thai Coconut Chicken Meatballs,Meatballs,salt and pepper,,,Black Pepper,(split — set qty),split
55f71d81-f12f-457a-bd8b-d2f3624524da|1|0,Creamy Thai Coconut Chicken Meatballs,Sauce,2 tbsp Thai red curry paste,2,tbsp,Thai Red Curry Paste,,
55f71d81-f12f-457a-bd8b-d2f3624524da|1|1,Creamy Thai Coconut Chicken Meatballs,Sauce,1 tin coconut milk (light or full fat),1,tin,Coconut Milk,light or full fat,
55f71d81-f12f-457a-bd8b-d2f3624524da|1|2,Creamy Thai Coconut Chicken Meatballs,Sauce,"1 spring onion, diced",1,,Spring Onion,diced,
55f71d81-f12f-457a-bd8b-d2f3624524da|1|3,Creamy Thai Coconut Chicken Meatballs,Sauce,1 tsp ginger and garlic paste,1,tsp,Ginger Paste,,split
55f71d81-f12f-457a-bd8b-d2f3624524da|1|3-2,Creamy Thai Coconut Chicken Meatballs,Sauce,1 tsp ginger and garlic paste,,,Garlic Paste,(split — set qty),split
55f71d81-f12f-457a-bd8b-d2f3624524da|1|4,Creamy Thai Coconut Chicken Meatballs,Sauce,"1 red pepper, thinly sliced",1,,Red Bell Pepper,thinly sliced,
55f71d81-f12f-457a-bd8b-d2f3624524da|1|5,Creamy Thai Coconut Chicken Meatballs,Sauce,½ chicken stock cube,0.5,,Chicken Stock Cube,,
55f71d81-f12f-457a-bd8b-d2f3624524da|1|6,Creamy Thai Coconut Chicken Meatballs,Sauce,1 tbsp soy sauce,1,tbsp,Soy Sauce,,
55f71d81-f12f-457a-bd8b-d2f3624524da|1|7,Creamy Thai Coconut Chicken Meatballs,Sauce,1 tsp honey,1,tsp,Honey,,
55f71d81-f12f-457a-bd8b-d2f3624524da|1|8,Creamy Thai Coconut Chicken Meatballs,Sauce,juice of ½ lime,,,Lime Juice,,
55f71d81-f12f-457a-bd8b-d2f3624524da|2|0,Creamy Thai Coconut Chicken Meatballs,To Serve,rice,,,Rice,,
55f71d81-f12f-457a-bd8b-d2f3624524da|2|1,Creamy Thai Coconut Chicken Meatballs,To Serve,broccoli,,,Broccoli,,
4d4f791d-6fdd-44d8-95ca-3ec51a80cdce|0|0,Crispy Bang Bang Chicken,Chicken,150g chicken,150,g,Chicken,,
4d4f791d-6fdd-44d8-95ca-3ec51a80cdce|0|1,Crispy Bang Bang Chicken,Chicken,25g cornflour,25,g,Cornstarch,,
4d4f791d-6fdd-44d8-95ca-3ec51a80cdce|0|2,Crispy Bang Bang Chicken,Chicken,1 egg,1,,Egg,,
4d4f791d-6fdd-44d8-95ca-3ec51a80cdce|0|3,Crispy Bang Bang Chicken,Chicken,spring onion to garnish,,,Spring Onion,to garnish,
4d4f791d-6fdd-44d8-95ca-3ec51a80cdce|0|4,Crispy Bang Bang Chicken,Chicken,sesame seeds to garnish,,,Sesame Seeds,to garnish,
4d4f791d-6fdd-44d8-95ca-3ec51a80cdce|0|5,Crispy Bang Bang Chicken,Chicken,15g sriracha mayo,15,g,Sriracha Mayonnaise,,
4d4f791d-6fdd-44d8-95ca-3ec51a80cdce|0|6,Crispy Bang Bang Chicken,Chicken,10g sweet chilli sauce,10,g,Sweet Chilli Sauce,,
4d4f791d-6fdd-44d8-95ca-3ec51a80cdce|1|0,Crispy Bang Bang Chicken,Bang Bang Sauce,30g sweet chilli sauce,30,g,Sweet Chilli Sauce,,
4d4f791d-6fdd-44d8-95ca-3ec51a80cdce|1|1,Crispy Bang Bang Chicken,Bang Bang Sauce,lemon juice,,,Lemon Juice,,
4d4f791d-6fdd-44d8-95ca-3ec51a80cdce|1|2,Crispy Bang Bang Chicken,Bang Bang Sauce,1 tbsp soy sauce,1,tbsp,Soy Sauce,,
4d4f791d-6fdd-44d8-95ca-3ec51a80cdce|1|3,Crispy Bang Bang Chicken,Bang Bang Sauce,5g honey,5,g,Honey,,
4d4f791d-6fdd-44d8-95ca-3ec51a80cdce|1|4,Crispy Bang Bang Chicken,Bang Bang Sauce,"salt, pepper",,,Salt,pepper,
4d4f791d-6fdd-44d8-95ca-3ec51a80cdce|1|5,Crispy Bang Bang Chicken,Bang Bang Sauce,5g sriracha,5,g,Sriracha,,
4fedab5c-239d-4099-a8fe-013b4e2ff70f|0|0,Crispy Chicken Dumplings,Filling,280g (10oz) raw ground chicken,280,g,Chicken,10oz,
4fedab5c-239d-4099-a8fe-013b4e2ff70f|0|1,Crispy Chicken Dumplings,Filling,"1 spring onion, finely chopped",1,,Spring Onion,finely chopped,
4fedab5c-239d-4099-a8fe-013b4e2ff70f|0|2,Crispy Chicken Dumplings,Filling,2 tbsp oyster sauce (check GF),2,tbsp,Oyster Sauce,check GF,
4fedab5c-239d-4099-a8fe-013b4e2ff70f|0|3,Crispy Chicken Dumplings,Filling,1 tbsp soy sauce,1,tbsp,Soy Sauce,,
4fedab5c-239d-4099-a8fe-013b4e2ff70f|0|4,Crispy Chicken Dumplings,Filling,3 tsp minced garlic,3,tsp,Garlic,minced,
4fedab5c-239d-4099-a8fe-013b4e2ff70f|0|5,Crispy Chicken Dumplings,Filling,1 tbsp cornflour,1,tbsp,Cornstarch,,
4fedab5c-239d-4099-a8fe-013b4e2ff70f|0|6,Crispy Chicken Dumplings,Filling,½ tsp white pepper,0.5,tsp,White Pepper,,
4fedab5c-239d-4099-a8fe-013b4e2ff70f|0|7,Crispy Chicken Dumplings,Filling,½ tsp black pepper,0.5,tsp,Black Pepper,,
4fedab5c-239d-4099-a8fe-013b4e2ff70f|0|8,Crispy Chicken Dumplings,Filling,"Salt, to taste",,,Salt,to taste,
4fedab5c-239d-4099-a8fe-013b4e2ff70f|1|0,Crispy Chicken Dumplings,Wrappers,12 sheets rice paper,12,sheet,Rice Paper,,
4fedab5c-239d-4099-a8fe-013b4e2ff70f|1|1,Crispy Chicken Dumplings,Wrappers,Cooking oil spray,,,Cooking Oil Spray,,
4fedab5c-239d-4099-a8fe-013b4e2ff70f|2|0,Crispy Chicken Dumplings,Dipping Sauce,2 tbsp soy sauce,2,tbsp,Soy Sauce,,
4fedab5c-239d-4099-a8fe-013b4e2ff70f|2|1,Crispy Chicken Dumplings,Dipping Sauce,1 tsp chilli oil,1,tsp,Chilli Oil,,
4fedab5c-239d-4099-a8fe-013b4e2ff70f|2|2,Crispy Chicken Dumplings,Dipping Sauce,½ tsp sesame oil,0.5,tsp,Sesame Oil,,
4fedab5c-239d-4099-a8fe-013b4e2ff70f|2|3,Crispy Chicken Dumplings,Dipping Sauce,½ tsp sesame seeds,0.5,tsp,Sesame Seeds,,
4fedab5c-239d-4099-a8fe-013b4e2ff70f|2|4,Crispy Chicken Dumplings,Dipping Sauce,1 tbsp water,1,tbsp,Water,,
81dd4306-72d3-4ed5-9a03-c6ba9a8fb7ce|0|0,Crispy Chicken Rice Paper Dumplings,Dumplings,250g chicken mince,250,g,Chicken Mince,,
81dd4306-72d3-4ed5-9a03-c6ba9a8fb7ce|0|1,Crispy Chicken Rice Paper Dumplings,Dumplings,"2 spring onions, diced",2,,Spring Onion,diced,
81dd4306-72d3-4ed5-9a03-c6ba9a8fb7ce|0|2,Crispy Chicken Rice Paper Dumplings,Dumplings,"1 garlic clove, finely chopped",1,,Garlic Clove,finely chopped,
81dd4306-72d3-4ed5-9a03-c6ba9a8fb7ce|0|3,Crispy Chicken Rice Paper Dumplings,Dumplings,"10g ginger, finely chopped",10,g,Ginger,finely chopped,
81dd4306-72d3-4ed5-9a03-c6ba9a8fb7ce|0|4,Crispy Chicken Rice Paper Dumplings,Dumplings,"small bunch coriander, finely chopped",,,Coriander,finely chopped,
81dd4306-72d3-4ed5-9a03-c6ba9a8fb7ce|0|5,Crispy Chicken Rice Paper Dumplings,Dumplings,"1 red chilli, seeds removed, finely chopped",1,,Red Chilli,"seeds removed,  finely chopped",
81dd4306-72d3-4ed5-9a03-c6ba9a8fb7ce|0|6,Crispy Chicken Rice Paper Dumplings,Dumplings,2 tsp soy sauce,2,tsp,Soy Sauce,,
81dd4306-72d3-4ed5-9a03-c6ba9a8fb7ce|0|7,Crispy Chicken Rice Paper Dumplings,Dumplings,1 tsp honey,1,tsp,Honey,,
81dd4306-72d3-4ed5-9a03-c6ba9a8fb7ce|0|8,Crispy Chicken Rice Paper Dumplings,Dumplings,1 tsp oyster sauce,1,tsp,Oyster Sauce,,
81dd4306-72d3-4ed5-9a03-c6ba9a8fb7ce|0|9,Crispy Chicken Rice Paper Dumplings,Dumplings,1 tsp sesame oil,1,tsp,Sesame Oil,,
81dd4306-72d3-4ed5-9a03-c6ba9a8fb7ce|0|10,Crispy Chicken Rice Paper Dumplings,Dumplings,6 rice paper rolls,6,,Rice Paper,,
81dd4306-72d3-4ed5-9a03-c6ba9a8fb7ce|0|11,Crispy Chicken Rice Paper Dumplings,Dumplings,black and white sesame seeds for coating,,,Black And White Sesame Seed Coating,,
81dd4306-72d3-4ed5-9a03-c6ba9a8fb7ce|1|0,Crispy Chicken Rice Paper Dumplings,Peanut Sauce,1 tbsp peanut butter,1,tbsp,Peanut Butter,,
81dd4306-72d3-4ed5-9a03-c6ba9a8fb7ce|1|1,Crispy Chicken Rice Paper Dumplings,Peanut Sauce,1 tbsp honey,1,tbsp,Honey,,
81dd4306-72d3-4ed5-9a03-c6ba9a8fb7ce|1|2,Crispy Chicken Rice Paper Dumplings,Peanut Sauce,1 tbsp soy sauce,1,tbsp,Soy Sauce,,
81dd4306-72d3-4ed5-9a03-c6ba9a8fb7ce|1|3,Crispy Chicken Rice Paper Dumplings,Peanut Sauce,juice of ½ lime,,,Lime Juice,,
81dd4306-72d3-4ed5-9a03-c6ba9a8fb7ce|1|4,Crispy Chicken Rice Paper Dumplings,Peanut Sauce,2 tbsp coconut milk,2,tbsp,Coconut Milk,,
81dd4306-72d3-4ed5-9a03-c6ba9a8fb7ce|1|5,Crispy Chicken Rice Paper Dumplings,Peanut Sauce,1–2 tsp sriracha,1,tsp,Sriracha,range,
9432601e-8eb2-45a5-a15d-3e418bd425aa|0|0,Crispy Chilli Beef Protein Bowls,Main,500g high quality lean beef mince,500,g,High Quality Lean Beef Mince,,
9432601e-8eb2-45a5-a15d-3e418bd425aa|0|1,Crispy Chilli Beef Protein Bowls,Main,1 large red pepper or 2 small,1,,Red Bell Pepper,or 2 small,
9432601e-8eb2-45a5-a15d-3e418bd425aa|0|2,Crispy Chilli Beef Protein Bowls,Main,4 spring onions,4,,Spring Onion,,
9432601e-8eb2-45a5-a15d-3e418bd425aa|0|3,Crispy Chilli Beef Protein Bowls,Main,2 cloves of garlic,2,clove,Garlic,,
9432601e-8eb2-45a5-a15d-3e418bd425aa|0|4,Crispy Chilli Beef Protein Bowls,Main,1/2 red chilli,0.5,,Red Chilli,,
9432601e-8eb2-45a5-a15d-3e418bd425aa|0|5,Crispy Chilli Beef Protein Bowls,Main,"2 carrots, julienned",2,,Carrot,julienned,
9432601e-8eb2-45a5-a15d-3e418bd425aa|0|6,Crispy Chilli Beef Protein Bowls,Main,1 cucumber,1,,Cucumber,,
9432601e-8eb2-45a5-a15d-3e418bd425aa|0|7,Crispy Chilli Beef Protein Bowls,Main,Handful radishes,1,handful,Radish,,
9432601e-8eb2-45a5-a15d-3e418bd425aa|0|8,Crispy Chilli Beef Protein Bowls,Main,Sesame seeds,,,Sesame Seeds,,
9432601e-8eb2-45a5-a15d-3e418bd425aa|0|9,Crispy Chilli Beef Protein Bowls,Main,1 avocado,1,,Avocado,,
9432601e-8eb2-45a5-a15d-3e418bd425aa|0|10,Crispy Chilli Beef Protein Bowls,Main,Rice to serve (precooked),,,Rice,precooked; to serve,
9432601e-8eb2-45a5-a15d-3e418bd425aa|0|11,Crispy Chilli Beef Protein Bowls,Main,1/2 beef stock cube,0.5,,Beef Stock Cube,,
9432601e-8eb2-45a5-a15d-3e418bd425aa|1|0,Crispy Chilli Beef Protein Bowls,Sauce,3 tbsp sweet chilli sauce,3,tbsp,Sweet Chilli Sauce,,
9432601e-8eb2-45a5-a15d-3e418bd425aa|1|1,Crispy Chilli Beef Protein Bowls,Sauce,3 tbsp low-sugar tomato ketchup,3,tbsp,Low-sugar Tomato Ketchup,,
9432601e-8eb2-45a5-a15d-3e418bd425aa|1|2,Crispy Chilli Beef Protein Bowls,Sauce,4 tbsp rice vinegar,4,tbsp,Rice Vinegar,,
9432601e-8eb2-45a5-a15d-3e418bd425aa|1|3,Crispy Chilli Beef Protein Bowls,Sauce,1 heaped tsp honey,1,tsp,Honey,heaped,
9432601e-8eb2-45a5-a15d-3e418bd425aa|1|4,Crispy Chilli Beef Protein Bowls,Sauce,2 tbsp dark soy sauce,2,tbsp,Dark Soy Sauce,,
9432601e-8eb2-45a5-a15d-3e418bd425aa|1|5,Crispy Chilli Beef Protein Bowls,Sauce,1 tbsp toasted sesame oil,1,tbsp,Sesame Oil,toasted,
9432601e-8eb2-45a5-a15d-3e418bd425aa|1|6,Crispy Chilli Beef Protein Bowls,Sauce,1 tsp ginger puree,1,tsp,Ginger Puree,,
9432601e-8eb2-45a5-a15d-3e418bd425aa|1|7,Crispy Chilli Beef Protein Bowls,Sauce,1 heaped tsp corn flour,1,tsp,Cornstarch,heaped,
9432601e-8eb2-45a5-a15d-3e418bd425aa|1|8,Crispy Chilli Beef Protein Bowls,Sauce,1/2 tsp Chinese 5 spice,0.5,tsp,Chinese Spice,,
667b7f8b-99e9-45e4-836b-c0cfa3e7074f|0|0,Crispy Gluten Free Shrimp Dumplings,Shrimp Balls,"7oz shrimp, peeled & deveined",7,oz,Shrimp,peeled & deveined,
667b7f8b-99e9-45e4-836b-c0cfa3e7074f|0|1,Crispy Gluten Free Shrimp Dumplings,Shrimp Balls,½ tsp salt,0.5,tsp,Salt,,
667b7f8b-99e9-45e4-836b-c0cfa3e7074f|0|2,Crispy Gluten Free Shrimp Dumplings,Shrimp Balls,¼ tsp black pepper,0.25,tsp,Black Pepper,,
667b7f8b-99e9-45e4-836b-c0cfa3e7074f|0|3,Crispy Gluten Free Shrimp Dumplings,Shrimp Balls,1 garlic clove,1,,Garlic Clove,,
667b7f8b-99e9-45e4-836b-c0cfa3e7074f|0|4,Crispy Gluten Free Shrimp Dumplings,Shrimp Balls,1 small knob of ginger,1,knob,Ginger,,
667b7f8b-99e9-45e4-836b-c0cfa3e7074f|0|5,Crispy Gluten Free Shrimp Dumplings,Shrimp Balls,2 green onions,2,,Green Onion,,
667b7f8b-99e9-45e4-836b-c0cfa3e7074f|1|0,Crispy Gluten Free Shrimp Dumplings,Dipping Sauce,¼ cup gluten free soy sauce,0.25,cup,Gluten-free Soy Sauce,,
667b7f8b-99e9-45e4-836b-c0cfa3e7074f|1|1,Crispy Gluten Free Shrimp Dumplings,Dipping Sauce,2 tbsp gluten free hoisin sauce,2,tbsp,Gluten-free Hoisin Sauce,,
667b7f8b-99e9-45e4-836b-c0cfa3e7074f|1|2,Crispy Gluten Free Shrimp Dumplings,Dipping Sauce,1 tbsp water,1,tbsp,Water,,
667b7f8b-99e9-45e4-836b-c0cfa3e7074f|1|3,Crispy Gluten Free Shrimp Dumplings,Dipping Sauce,2 tsp rice vinegar,2,tsp,Rice Vinegar,,
667b7f8b-99e9-45e4-836b-c0cfa3e7074f|1|4,Crispy Gluten Free Shrimp Dumplings,Dipping Sauce,1 tsp sriracha (or chili oil),1,tsp,Sriracha,or chili oil,
667b7f8b-99e9-45e4-836b-c0cfa3e7074f|1|5,Crispy Gluten Free Shrimp Dumplings,Dipping Sauce,½ tsp maple syrup (or sugar),0.5,tsp,Maple Syrup,or sugar,
667b7f8b-99e9-45e4-836b-c0cfa3e7074f|1|6,Crispy Gluten Free Shrimp Dumplings,Dipping Sauce,"1 clove garlic, minced",1,clove,Garlic,minced,
667b7f8b-99e9-45e4-836b-c0cfa3e7074f|1|7,Crispy Gluten Free Shrimp Dumplings,Dipping Sauce,"1 tsp green onions, chopped",1,tsp,Green Onion,chopped,
667b7f8b-99e9-45e4-836b-c0cfa3e7074f|1|8,Crispy Gluten Free Shrimp Dumplings,Dipping Sauce,¼ tsp minced fresh ginger,0.25,tsp,Ginger,minced,
667b7f8b-99e9-45e4-836b-c0cfa3e7074f|1|9,Crispy Gluten Free Shrimp Dumplings,Dipping Sauce,½ tsp toasted sesame oil,0.5,tsp,Sesame Oil,toasted,
667b7f8b-99e9-45e4-836b-c0cfa3e7074f|2|0,Crispy Gluten Free Shrimp Dumplings,Wrapper,Cold water,,,Cold Water,,
667b7f8b-99e9-45e4-836b-c0cfa3e7074f|2|1,Crispy Gluten Free Shrimp Dumplings,Wrapper,Glutinous rice flour,,,Glutinous Rice Flour,,
667b7f8b-99e9-45e4-836b-c0cfa3e7074f|3|0,Crispy Gluten Free Shrimp Dumplings,To Cook,1/3 cup water,0.333,cup,Water,,
667b7f8b-99e9-45e4-836b-c0cfa3e7074f|3|1,Crispy Gluten Free Shrimp Dumplings,To Cook,Oil,,,Oil,,
4af6effe-0f0c-4988-b635-487084bc10d4|0|0,Crispy Quinoa Edamame Salad,Salad,1 cup (100g) cooked edamame,1,cup,Edamame,100g,
4af6effe-0f0c-4988-b635-487084bc10d4|0|1,Crispy Quinoa Edamame Salad,Salad,"1 cup (80g) green cabbage, finely chopped",1,cup,Green Cabbage,80g; finely chopped,
4af6effe-0f0c-4988-b635-487084bc10d4|0|2,Crispy Quinoa Edamame Salad,Salad,"1 medium cucumber (~150g), diced",1,,Cucumber,~150g; diced,
4af6effe-0f0c-4988-b635-487084bc10d4|0|3,Crispy Quinoa Edamame Salad,Salad,"1 avocado (~150g), diced",1,,Avocado,~150g; diced,
4af6effe-0f0c-4988-b635-487084bc10d4|0|4,Crispy Quinoa Edamame Salad,Salad,"3 scallions, thinly sliced",3,,Scallion,thinly sliced,
4af6effe-0f0c-4988-b635-487084bc10d4|0|5,Crispy Quinoa Edamame Salad,Salad,2 cups cooked quinoa (~200g),2,cup,Quinoa,~200g,
4af6effe-0f0c-4988-b635-487084bc10d4|1|0,Crispy Quinoa Edamame Salad,Crispy Quinoa Marinade,2 tbsp soy sauce,2,tbsp,Soy Sauce,,
4af6effe-0f0c-4988-b635-487084bc10d4|1|1,Crispy Quinoa Edamame Salad,Crispy Quinoa Marinade,1 tbsp chilli garlic paste,1,tbsp,Chilli Garlic Paste,,
4af6effe-0f0c-4988-b635-487084bc10d4|2|0,Crispy Quinoa Edamame Salad,Dressing,2 tbsp coconut aminos,2,tbsp,Coconut Aminos,,
4af6effe-0f0c-4988-b635-487084bc10d4|2|1,Crispy Quinoa Edamame Salad,Dressing,1 tbsp soy sauce,1,tbsp,Soy Sauce,,
4af6effe-0f0c-4988-b635-487084bc10d4|2|2,Crispy Quinoa Edamame Salad,Dressing,1 tsp toasted sesame oil,1,tsp,Sesame Oil,toasted,
4af6effe-0f0c-4988-b635-487084bc10d4|2|3,Crispy Quinoa Edamame Salad,Dressing,1 tbsp peanut butter or tahini,1,tbsp,Peanut Butter,or tahini,
4af6effe-0f0c-4988-b635-487084bc10d4|2|4,Crispy Quinoa Edamame Salad,Dressing,1 tbsp water,1,tbsp,Water,,
4af6effe-0f0c-4988-b635-487084bc10d4|2|5,Crispy Quinoa Edamame Salad,Dressing,¼ tsp garlic powder,0.25,tsp,Garlic Granules,,
4af6effe-0f0c-4988-b635-487084bc10d4|2|6,Crispy Quinoa Edamame Salad,Dressing,¼ tsp ground ginger,0.25,tsp,Ginger,,
4af6effe-0f0c-4988-b635-487084bc10d4|2|7,Crispy Quinoa Edamame Salad,Dressing,2 tbsp rice vinegar,2,tbsp,Rice Vinegar,,
c94d4f05-f4aa-40c5-a4e4-27e646f7fb0c|0|0,Crispy Rice and Chicken Salad,Salad,200g cooked sushi rice (cold),200,g,Sushi Rice,cold,
c94d4f05-f4aa-40c5-a4e4-27e646f7fb0c|0|1,Crispy Rice and Chicken Salad,Salad,300g skin-on chicken thighs,300,g,Skin-on Chicken Thigh,,
c94d4f05-f4aa-40c5-a4e4-27e646f7fb0c|0|2,Crispy Rice and Chicken Salad,Salad,200g cherry tomatoes,200,g,Cherry Tomatoes,,
c94d4f05-f4aa-40c5-a4e4-27e646f7fb0c|0|3,Crispy Rice and Chicken Salad,Salad,1 carrot,1,,Carrot,,
c94d4f05-f4aa-40c5-a4e4-27e646f7fb0c|0|4,Crispy Rice and Chicken Salad,Salad,1 cucumber,1,,Cucumber,,
c94d4f05-f4aa-40c5-a4e4-27e646f7fb0c|0|5,Crispy Rice and Chicken Salad,Salad,2 eggs,2,,Egg,,
c94d4f05-f4aa-40c5-a4e4-27e646f7fb0c|0|6,Crispy Rice and Chicken Salad,Salad,3 spring onions,3,,Spring Onion,,
c94d4f05-f4aa-40c5-a4e4-27e646f7fb0c|0|7,Crispy Rice and Chicken Salad,Salad,1 shallot,1,,Shallot,,
c94d4f05-f4aa-40c5-a4e4-27e646f7fb0c|0|8,Crispy Rice and Chicken Salad,Salad,20g coriander,20,g,Coriander,,
c94d4f05-f4aa-40c5-a4e4-27e646f7fb0c|1|0,Crispy Rice and Chicken Salad,Dressing,juice of 2 limes,,,Lime Juice,,
c94d4f05-f4aa-40c5-a4e4-27e646f7fb0c|1|1,Crispy Rice and Chicken Salad,Dressing,2 tbsp fish sauce,2,tbsp,Fish Sauce,,
c94d4f05-f4aa-40c5-a4e4-27e646f7fb0c|1|2,Crispy Rice and Chicken Salad,Dressing,1 tbsp soy sauce,1,tbsp,Soy Sauce,,
c94d4f05-f4aa-40c5-a4e4-27e646f7fb0c|1|3,Crispy Rice and Chicken Salad,Dressing,1 tbsp rice vinegar,1,tbsp,Rice Vinegar,,
c94d4f05-f4aa-40c5-a4e4-27e646f7fb0c|1|4,Crispy Rice and Chicken Salad,Dressing,1 tbsp gochugaru,1,tbsp,Gochugaru,,
c94d4f05-f4aa-40c5-a4e4-27e646f7fb0c|1|5,Crispy Rice and Chicken Salad,Dressing,1 tbsp sugar,1,tbsp,Sugar,,
d0a8c1f7-c537-44f2-90af-a8f1808ff2bb|0|0,Crispy Rice Paper Spring Rolls Without Frying,Egg Soak,2 eggs,2,,Egg,,
d0a8c1f7-c537-44f2-90af-a8f1808ff2bb|0|1,Crispy Rice Paper Spring Rolls Without Frying,Egg Soak,8 tbsp water,8,tbsp,Water,,
d0a8c1f7-c537-44f2-90af-a8f1808ff2bb|0|2,Crispy Rice Paper Spring Rolls Without Frying,Egg Soak,2 tbsp soy sauce,2,tbsp,Soy Sauce,,
d0a8c1f7-c537-44f2-90af-a8f1808ff2bb|1|0,Crispy Rice Paper Spring Rolls Without Frying,Rice Paper,24 rice paper sheets (2 per roll),24,,Rice Paper,2 per roll,
d0a8c1f7-c537-44f2-90af-a8f1808ff2bb|2|0,Crispy Rice Paper Spring Rolls Without Frying,Filling,"½ carrot, shredded",0.5,,Carrot,shredded,
d0a8c1f7-c537-44f2-90af-a8f1808ff2bb|2|1,Crispy Rice Paper Spring Rolls Without Frying,Filling,"½ cabbage, thinly sliced",0.5,,White Cabbage,thinly sliced,
d0a8c1f7-c537-44f2-90af-a8f1808ff2bb|2|2,Crispy Rice Paper Spring Rolls Without Frying,Filling,"8–10 shiitake mushrooms, thinly sliced",8,,Shiitake Mushroom,range; thinly sliced,
d0a8c1f7-c537-44f2-90af-a8f1808ff2bb|2|3,Crispy Rice Paper Spring Rolls Without Frying,Filling,"2 green onions, chopped",2,,Green Onion,chopped,
d0a8c1f7-c537-44f2-90af-a8f1808ff2bb|2|4,Crispy Rice Paper Spring Rolls Without Frying,Filling,"2 packs vermicelli noodles, soaked until soft, drained & cut",2,pack,Vermicelli Rice Noodles,"soaked until soft,  drained & cut",
d0a8c1f7-c537-44f2-90af-a8f1808ff2bb|2|5,Crispy Rice Paper Spring Rolls Without Frying,Filling,1 tbsp gluten-free soy sauce,1,tbsp,Gluten-free Soy Sauce,,
d0a8c1f7-c537-44f2-90af-a8f1808ff2bb|2|6,Crispy Rice Paper Spring Rolls Without Frying,Filling,3 tbsp gluten-free oyster sauce,3,tbsp,Gluten-free Oyster Sauce,,
d0a8c1f7-c537-44f2-90af-a8f1808ff2bb|2|7,Crispy Rice Paper Spring Rolls Without Frying,Filling,2 tsp white pepper,2,tsp,White Pepper,,
d0a8c1f7-c537-44f2-90af-a8f1808ff2bb|3|0,Crispy Rice Paper Spring Rolls Without Frying,Dipping Sauce,¼ cup gluten-free soy sauce,0.25,cup,Gluten-free Soy Sauce,,
d0a8c1f7-c537-44f2-90af-a8f1808ff2bb|3|1,Crispy Rice Paper Spring Rolls Without Frying,Dipping Sauce,2 tbsp gluten-free hoisin sauce,2,tbsp,Gluten-free Hoisin Sauce,,
d0a8c1f7-c537-44f2-90af-a8f1808ff2bb|3|2,Crispy Rice Paper Spring Rolls Without Frying,Dipping Sauce,1 tbsp water,1,tbsp,Water,,
d0a8c1f7-c537-44f2-90af-a8f1808ff2bb|3|3,Crispy Rice Paper Spring Rolls Without Frying,Dipping Sauce,"1 clove garlic, minced",1,clove,Garlic,minced,
d0a8c1f7-c537-44f2-90af-a8f1808ff2bb|3|4,Crispy Rice Paper Spring Rolls Without Frying,Dipping Sauce,"1 tsp green onions, chopped",1,tsp,Green Onion,chopped,
d0a8c1f7-c537-44f2-90af-a8f1808ff2bb|3|5,Crispy Rice Paper Spring Rolls Without Frying,Dipping Sauce,½ tsp toasted sesame oil,0.5,tsp,Sesame Oil,toasted,
d0a8c1f7-c537-44f2-90af-a8f1808ff2bb|3|6,Crispy Rice Paper Spring Rolls Without Frying,Dipping Sauce,½ tsp maple syrup,0.5,tsp,Maple Syrup,,
d0a8c1f7-c537-44f2-90af-a8f1808ff2bb|3|7,Crispy Rice Paper Spring Rolls Without Frying,Dipping Sauce,1 tsp rice vinegar,1,tsp,Rice Vinegar,,
d0a8c1f7-c537-44f2-90af-a8f1808ff2bb|3|8,Crispy Rice Paper Spring Rolls Without Frying,Dipping Sauce,"¼ tsp fresh ginger, minced",0.25,tsp,Ginger,minced,
3740ce6b-8bed-4183-adb4-eb07b446c8e1|0|0,Crispy Rice Salad with Miso Tofu,Crispy Rice & Tofu,4 tbsp tamari,4,tbsp,Tamari,,
3740ce6b-8bed-4183-adb4-eb07b446c8e1|0|1,Crispy Rice Salad with Miso Tofu,Crispy Rice & Tofu,2 tbsp white miso paste,2,tbsp,White Miso Paste,,
3740ce6b-8bed-4183-adb4-eb07b446c8e1|0|2,Crispy Rice Salad with Miso Tofu,Crispy Rice & Tofu,2 tbsp maple syrup,2,tbsp,Maple Syrup,,
3740ce6b-8bed-4183-adb4-eb07b446c8e1|0|3,Crispy Rice Salad with Miso Tofu,Crispy Rice & Tofu,2 tbsp sesame oil (or olive oil),2,tbsp,Sesame Oil,or olive oil,
3740ce6b-8bed-4183-adb4-eb07b446c8e1|0|4,Crispy Rice Salad with Miso Tofu,Crispy Rice & Tofu,2 servings cooked rice (about 250g),2,,Rice,about 250g,
3740ce6b-8bed-4183-adb4-eb07b446c8e1|0|5,Crispy Rice Salad with Miso Tofu,Crispy Rice & Tofu,"1 x firm block tofu (about 280g), cut into 1cm cubes",1,,Firm Block Tofu,about 280g; 1cm piece; cut into cubes,
3740ce6b-8bed-4183-adb4-eb07b446c8e1|1|0,Crispy Rice Salad with Miso Tofu,Toppings,2 handfuls kale (about 100g),2,handful,Kale,about 100g,
3740ce6b-8bed-4183-adb4-eb07b446c8e1|1|1,Crispy Rice Salad with Miso Tofu,Toppings,"2 limes, juiced",2,,Lime,juiced,
3740ce6b-8bed-4183-adb4-eb07b446c8e1|1|2,Crispy Rice Salad with Miso Tofu,Toppings,"Small handful spring onions (about 50g), thinly sliced",,,Spring Onion,about 50g; thinly sliced,
3740ce6b-8bed-4183-adb4-eb07b446c8e1|1|3,Crispy Rice Salad with Miso Tofu,Toppings,"1 avocado, thinly sliced",1,,Avocado,thinly sliced,
3740ce6b-8bed-4183-adb4-eb07b446c8e1|1|4,Crispy Rice Salad with Miso Tofu,Toppings,"1 large carrot, coarsely grated/julienned",1,,Carrot,coarsely grated/julienned,
3740ce6b-8bed-4183-adb4-eb07b446c8e1|1|5,Crispy Rice Salad with Miso Tofu,Toppings,"Handful of radish (about 100g), thinly sliced",1,handful,Radish,about 100g; thinly sliced,
3740ce6b-8bed-4183-adb4-eb07b446c8e1|1|6,Crispy Rice Salad with Miso Tofu,Toppings,Handful of sesame seeds (about 50g),1,handful,Sesame Seeds,about 50g,
3740ce6b-8bed-4183-adb4-eb07b446c8e1|1|7,Crispy Rice Salad with Miso Tofu,Toppings,Pinch of chilli flakes,1,pinch,Chilli Flakes,,
c6f50e3d-b0dc-4de6-baeb-68563c658eab|0|0,Crispy Rice Tuna Salad,Crispy Rice,"2 cups jasmine rice, cooked and cooled",2,cup,Jasmine Rice,cooked and cooled,
c6f50e3d-b0dc-4de6-baeb-68563c658eab|0|1,Crispy Rice Tuna Salad,Crispy Rice,Sriracha to taste,,,Sriracha,to taste,
c6f50e3d-b0dc-4de6-baeb-68563c658eab|0|2,Crispy Rice Tuna Salad,Crispy Rice,3 tsp soy sauce,3,tsp,Soy Sauce,,
c6f50e3d-b0dc-4de6-baeb-68563c658eab|0|3,Crispy Rice Tuna Salad,Crispy Rice,1 tbsp sesame oil,1,tbsp,Sesame Oil,,
c6f50e3d-b0dc-4de6-baeb-68563c658eab|1|0,Crispy Rice Tuna Salad,Tuna Salad,1 can tuna,1,can,Tuna,,
c6f50e3d-b0dc-4de6-baeb-68563c658eab|1|1,Crispy Rice Tuna Salad,Tuna Salad,Mayo and/or Greek yogurt,,,Mayonnaise,or Greek yogurt,
c6f50e3d-b0dc-4de6-baeb-68563c658eab|1|2,Crispy Rice Tuna Salad,Tuna Salad,Smoked paprika,,,Smoked Paprika,,
c6f50e3d-b0dc-4de6-baeb-68563c658eab|1|3,Crispy Rice Tuna Salad,Tuna Salad,Pinch of sugar,1,pinch,Sugar,,
c6f50e3d-b0dc-4de6-baeb-68563c658eab|1|4,Crispy Rice Tuna Salad,Tuna Salad,Salt and sriracha,,,Salt,,split
c6f50e3d-b0dc-4de6-baeb-68563c658eab|1|4-2,Crispy Rice Tuna Salad,Tuna Salad,Salt and sriracha,,,Sriracha,(split — set qty),split
c6f50e3d-b0dc-4de6-baeb-68563c658eab|2|0,Crispy Rice Tuna Salad,Toppings,½ avocado,0.5,,Avocado,,
c6f50e3d-b0dc-4de6-baeb-68563c658eab|2|1,Crispy Rice Tuna Salad,Toppings,1 mini cucumber,1,,Cucumber,,
c6f50e3d-b0dc-4de6-baeb-68563c658eab|2|2,Crispy Rice Tuna Salad,Toppings,Everything bagel seasoning,,,Everything Bagel Seasoning,,
c6f50e3d-b0dc-4de6-baeb-68563c658eab|2|3,Crispy Rice Tuna Salad,Toppings,Sriracha,,,Sriracha,,
c6f50e3d-b0dc-4de6-baeb-68563c658eab|2|4,Crispy Rice Tuna Salad,Toppings,Green onion,,,Green Onion,,
48bdb0a3-4e51-49dc-8d67-a230db597833|0|0,Crispy Rosemary Chicken with Apple Beetroot & Horseradish Slaw,Crispy Chicken,2 chicken breasts,2,,Chicken Breast,,
48bdb0a3-4e51-49dc-8d67-a230db597833|0|1,Crispy Rosemary Chicken with Apple Beetroot & Horseradish Slaw,Crispy Chicken,fresh or panko breadcrumbs (approx 100g),,,Breadcrumbs,approx 100g; or panko breadcrumbs,
48bdb0a3-4e51-49dc-8d67-a230db597833|0|2,Crispy Rosemary Chicken with Apple Beetroot & Horseradish Slaw,Crispy Chicken,½ tsp dried rosemary,0.5,tsp,Rosemary,,
48bdb0a3-4e51-49dc-8d67-a230db597833|0|3,Crispy Rosemary Chicken with Apple Beetroot & Horseradish Slaw,Crispy Chicken,½ tsp garlic granules,0.5,tsp,Garlic Granules,,
48bdb0a3-4e51-49dc-8d67-a230db597833|0|4,Crispy Rosemary Chicken with Apple Beetroot & Horseradish Slaw,Crispy Chicken,1 heaped tsp smoked paprika,1,tsp,Smoked Paprika,heaped,
48bdb0a3-4e51-49dc-8d67-a230db597833|0|5,Crispy Rosemary Chicken with Apple Beetroot & Horseradish Slaw,Crispy Chicken,salt and pepper,,,Salt,,split
48bdb0a3-4e51-49dc-8d67-a230db597833|0|5-2,Crispy Rosemary Chicken with Apple Beetroot & Horseradish Slaw,Crispy Chicken,salt and pepper,,,Black Pepper,(split — set qty),split
48bdb0a3-4e51-49dc-8d67-a230db597833|0|6,Crispy Rosemary Chicken with Apple Beetroot & Horseradish Slaw,Crispy Chicken,1 medium egg,1,,Egg,,
48bdb0a3-4e51-49dc-8d67-a230db597833|0|7,Crispy Rosemary Chicken with Apple Beetroot & Horseradish Slaw,Crispy Chicken,4 tbsp plain flour,4,tbsp,Plain Flour,,
48bdb0a3-4e51-49dc-8d67-a230db597833|1|0,Crispy Rosemary Chicken with Apple Beetroot & Horseradish Slaw,Slaw,¼ red cabbage,0.25,,Purple Cabbage,,
48bdb0a3-4e51-49dc-8d67-a230db597833|1|1,Crispy Rosemary Chicken with Apple Beetroot & Horseradish Slaw,Slaw,¼ white cabbage,0.25,,White Cabbage,,
48bdb0a3-4e51-49dc-8d67-a230db597833|1|2,Crispy Rosemary Chicken with Apple Beetroot & Horseradish Slaw,Slaw,"1 medium raw beetroot, peeled",1,,Beetroot,peeled,
48bdb0a3-4e51-49dc-8d67-a230db597833|1|3,Crispy Rosemary Chicken with Apple Beetroot & Horseradish Slaw,Slaw,1 large red apple,1,,Red Apple,,
48bdb0a3-4e51-49dc-8d67-a230db597833|1|4,Crispy Rosemary Chicken with Apple Beetroot & Horseradish Slaw,Slaw,2 large spring onions,2,,Spring Onion,,
48bdb0a3-4e51-49dc-8d67-a230db597833|1|5,Crispy Rosemary Chicken with Apple Beetroot & Horseradish Slaw,Slaw,2 tbsp Greek yoghurt,2,tbsp,Greek Yoghurt,,
48bdb0a3-4e51-49dc-8d67-a230db597833|1|6,Crispy Rosemary Chicken with Apple Beetroot & Horseradish Slaw,Slaw,horseradish to taste (approx 2 heaped tsp),,,Horseradish,approx 2 heaped tsp; to taste,
48bdb0a3-4e51-49dc-8d67-a230db597833|1|7,Crispy Rosemary Chicken with Apple Beetroot & Horseradish Slaw,Slaw,1 tsp honey,1,tsp,Honey,,
48bdb0a3-4e51-49dc-8d67-a230db597833|1|8,Crispy Rosemary Chicken with Apple Beetroot & Horseradish Slaw,Slaw,1 tsp Dijon mustard,1,tsp,Dijon Mustard,,
48bdb0a3-4e51-49dc-8d67-a230db597833|1|9,Crispy Rosemary Chicken with Apple Beetroot & Horseradish Slaw,Slaw,1 tbsp white wine or apple cider vinegar,1,tbsp,White Wine,or apple cider vinegar,
48bdb0a3-4e51-49dc-8d67-a230db597833|1|10,Crispy Rosemary Chicken with Apple Beetroot & Horseradish Slaw,Slaw,optional: 1 tbsp nutritional yeast,1,tbsp,Nutritional Yeast,,
48bdb0a3-4e51-49dc-8d67-a230db597833|2|0,Crispy Rosemary Chicken with Apple Beetroot & Horseradish Slaw,To Serve,60g feta,60,g,Feta,,
48bdb0a3-4e51-49dc-8d67-a230db597833|2|1,Crispy Rosemary Chicken with Apple Beetroot & Horseradish Slaw,To Serve,fresh parsley,,,Parsley,,
e2721eaf-a656-45a6-a666-055cef140fa1|0|0,Crispy Tempeh Rice and Cucumber Salad,Salad,200g tempeh,200,g,Tempeh,,
e2721eaf-a656-45a6-a666-055cef140fa1|0|1,Crispy Tempeh Rice and Cucumber Salad,Salad,"250g cooked jasmine rice, cold",250,g,Jasmine Rice,cold,
e2721eaf-a656-45a6-a666-055cef140fa1|0|2,Crispy Tempeh Rice and Cucumber Salad,Salad,1 tbsp light soy sauce,1,tbsp,Light Soy Sauce,,
e2721eaf-a656-45a6-a666-055cef140fa1|0|3,Crispy Tempeh Rice and Cucumber Salad,Salad,1 tbsp maple syrup,1,tbsp,Maple Syrup,,
e2721eaf-a656-45a6-a666-055cef140fa1|0|4,Crispy Tempeh Rice and Cucumber Salad,Salad,1 tbsp sesame oil,1,tbsp,Sesame Oil,,
e2721eaf-a656-45a6-a666-055cef140fa1|0|5,Crispy Tempeh Rice and Cucumber Salad,Salad,1 cucumber,1,,Cucumber,,
e2721eaf-a656-45a6-a666-055cef140fa1|0|6,Crispy Tempeh Rice and Cucumber Salad,Salad,1 red chilli,1,,Red Chilli,,
e2721eaf-a656-45a6-a666-055cef140fa1|0|7,Crispy Tempeh Rice and Cucumber Salad,Salad,Handful of mint & coriander,1,handful,Mint Coriander,,
e2721eaf-a656-45a6-a666-055cef140fa1|0|8,Crispy Tempeh Rice and Cucumber Salad,Salad,50g roasted peanuts,50,g,Peanuts,,
e2721eaf-a656-45a6-a666-055cef140fa1|1|0,Crispy Tempeh Rice and Cucumber Salad,Dressing,4 tbsp plant-based mayo,4,tbsp,Plant-based Mayonnaise,,
e2721eaf-a656-45a6-a666-055cef140fa1|1|1,Crispy Tempeh Rice and Cucumber Salad,Dressing,1 tbsp soy sauce,1,tbsp,Soy Sauce,,
e2721eaf-a656-45a6-a666-055cef140fa1|1|2,Crispy Tempeh Rice and Cucumber Salad,Dressing,Juice of 1 lime,,,Lime Juice,,
e2721eaf-a656-45a6-a666-055cef140fa1|1|3,Crispy Tempeh Rice and Cucumber Salad,Dressing,1 tbsp maple syrup,1,tbsp,Maple Syrup,,
e2721eaf-a656-45a6-a666-055cef140fa1|1|4,Crispy Tempeh Rice and Cucumber Salad,Dressing,2 tsp chilli crisp,2,tsp,Chilli Crisp,,
e2721eaf-a656-45a6-a666-055cef140fa1|2|0,Crispy Tempeh Rice and Cucumber Salad,Garnish,Extra peanuts,,,Peanuts,,
e2721eaf-a656-45a6-a666-055cef140fa1|2|1,Crispy Tempeh Rice and Cucumber Salad,Garnish,More fresh herbs,,,Mixed Herb,,
e2721eaf-a656-45a6-a666-055cef140fa1|2|2,Crispy Tempeh Rice and Cucumber Salad,Garnish,Lime wedges,,,Lime Wedge,,
cb74fd67-6e8b-4577-bfed-66c3a1185ff5|0|0,Dak Gomtang (Korean Chicken Soup),Soup,"450g (1 lb) whole chicken legs, bone-in and skin-on",450,g,Chicken Leg,1 lb; bone-in and skin-on,
cb74fd67-6e8b-4577-bfed-66c3a1185ff5|0|1,Dak Gomtang (Korean Chicken Soup),Soup,5 garlic cloves,5,,Garlic Clove,,
cb74fd67-6e8b-4577-bfed-66c3a1185ff5|0|2,Dak Gomtang (Korean Chicken Soup),Soup,3 slices fresh ginger,3,slice,Ginger,,
cb74fd67-6e8b-4577-bfed-66c3a1185ff5|0|3,Dak Gomtang (Korean Chicken Soup),Soup,"½ medium onion, roughly chopped",0.5,,Yellow Onion,roughly chopped,
cb74fd67-6e8b-4577-bfed-66c3a1185ff5|0|4,Dak Gomtang (Korean Chicken Soup),Soup,"5 spring onions, chopped",5,,Spring Onion,chopped,
cb74fd67-6e8b-4577-bfed-66c3a1185ff5|0|5,Dak Gomtang (Korean Chicken Soup),Soup,½ tsp whole peppercorns,0.5,tsp,Peppercorn,,
cb74fd67-6e8b-4577-bfed-66c3a1185ff5|0|6,Dak Gomtang (Korean Chicken Soup),Soup,Salt and pepper,,,Salt,,split
cb74fd67-6e8b-4577-bfed-66c3a1185ff5|0|6-2,Dak Gomtang (Korean Chicken Soup),Soup,Salt and pepper,,,Black Pepper,(split — set qty),split
cb74fd67-6e8b-4577-bfed-66c3a1185ff5|0|7,Dak Gomtang (Korean Chicken Soup),Soup,Enough water to cover the chicken (approx. 1.5 litres),,,Enough Water Cover Chicken,approx. 1.5 litres,
cb74fd67-6e8b-4577-bfed-66c3a1185ff5|1|0,Dak Gomtang (Korean Chicken Soup),Dipping Sauce,"1 tbsp jalapeño, finely diced",1,tbsp,Jalapeño,finely diced,
cb74fd67-6e8b-4577-bfed-66c3a1185ff5|1|1,Dak Gomtang (Korean Chicken Soup),Dipping Sauce,5 tbsp soy sauce,5,tbsp,Soy Sauce,,
cb74fd67-6e8b-4577-bfed-66c3a1185ff5|1|2,Dak Gomtang (Korean Chicken Soup),Dipping Sauce,1 tbsp honey,1,tbsp,Honey,,
cb74fd67-6e8b-4577-bfed-66c3a1185ff5|1|3,Dak Gomtang (Korean Chicken Soup),Dipping Sauce,2 tbsp water,2,tbsp,Water,,
cb74fd67-6e8b-4577-bfed-66c3a1185ff5|2|0,Dak Gomtang (Korean Chicken Soup),To Serve,1½ cups cooked rice,1,,Rice,,
cb74fd67-6e8b-4577-bfed-66c3a1185ff5|2|1,Dak Gomtang (Korean Chicken Soup),To Serve,"Diced spring onion, for garnish",,,Spring Onion,Diced; for garnish,
e61a8a7e-11ef-4881-ab40-27701b3d309c|0|0,Date Me Greek Yogurt Bowl,Main,200g 0% fat Greek yogurt or protein yogurt,200,g,Fat Greek Yoghurt,or protein yogurt,
e61a8a7e-11ef-4881-ab40-27701b3d309c|0|1,Date Me Greek Yogurt Bowl,Main,2 medjool dates,2,,Medjool Date,,
e61a8a7e-11ef-4881-ab40-27701b3d309c|0|2,Date Me Greek Yogurt Bowl,Main,1/2 tsp extra virgin olive oil,0.5,tsp,Extra Virgin Olive Oil,,
e61a8a7e-11ef-4881-ab40-27701b3d309c|0|3,Date Me Greek Yogurt Bowl,Main,Pinch of flaky salt,1,pinch,Flakey Salt,,
78e63c41-9cd4-4d74-ac78-0632bd2cce5c|0|0,Date Tahini Bites with Sunflower Sesame Crust,Main,2 cups sunflower and sesame seed blend,2,cup,Sunflower Seeds,,split
78e63c41-9cd4-4d74-ac78-0632bd2cce5c|0|0-2,Date Tahini Bites with Sunflower Sesame Crust,Main,2 cups sunflower and sesame seed blend,,,Sesame Seeds,(split — set qty),split
78e63c41-9cd4-4d74-ac78-0632bd2cce5c|0|1,Date Tahini Bites with Sunflower Sesame Crust,Main,"12 medjool dates, pitted",12,,Medjool Date,pitted,
78e63c41-9cd4-4d74-ac78-0632bd2cce5c|0|2,Date Tahini Bites with Sunflower Sesame Crust,Main,2-3 medjool dates (for binding),2,,Medjool Date,for binding; range,
78e63c41-9cd4-4d74-ac78-0632bd2cce5c|0|3,Date Tahini Bites with Sunflower Sesame Crust,Main,1/3 cup tahini,0.333,cup,Tahini,,
78e63c41-9cd4-4d74-ac78-0632bd2cce5c|0|4,Date Tahini Bites with Sunflower Sesame Crust,Main,1 tsp vanilla,1,tsp,Vanilla,,
78e63c41-9cd4-4d74-ac78-0632bd2cce5c|0|5,Date Tahini Bites with Sunflower Sesame Crust,Main,Flakey sea salt,,,Flakey Sea Salt,,
78e63c41-9cd4-4d74-ac78-0632bd2cce5c|0|6,Date Tahini Bites with Sunflower Sesame Crust,Main,Bee pollen,,,Bee Pollen,,
78e63c41-9cd4-4d74-ac78-0632bd2cce5c|0|7,Date Tahini Bites with Sunflower Sesame Crust,Main,1/4 cup chocolate chips melted with 1 tsp coconut oil,0.25,cup,Chocolate Chip With Coconut Oil,,
bca524d9-5853-4370-9d53-f6f837611c98|0|0,Double Choc Fudge Cookie,Main,60g 0% Greek yoghurt,60,g,Greek Yoghurt,,
bca524d9-5853-4370-9d53-f6f837611c98|0|1,Double Choc Fudge Cookie,Main,40g protein powder,40,g,Protein Powder,,
bca524d9-5853-4370-9d53-f6f837611c98|0|2,Double Choc Fudge Cookie,Main,10g cocoa powder,10,g,Cocoa Powder,,
bca524d9-5853-4370-9d53-f6f837611c98|0|3,Double Choc Fudge Cookie,Main,3 rice cakes,3,,Rice Cake,,
bca524d9-5853-4370-9d53-f6f837611c98|0|4,Double Choc Fudge Cookie,Main,10g chocolate chips,10,g,Chocolate Chip,,
d6d7f6df-6148-41fd-997e-9d9870bab66a|0|0,Double Roast Chicken with Chicken Fat Rice,Roast Chicken,2 whole chickens,2,,Chicken,,
d6d7f6df-6148-41fd-997e-9d9870bab66a|0|1,Double Roast Chicken with Chicken Fat Rice,Roast Chicken,Olive oil,,,Olive Oil,,
d6d7f6df-6148-41fd-997e-9d9870bab66a|0|2,Double Roast Chicken with Chicken Fat Rice,Roast Chicken,Salt,,,Salt,,
d6d7f6df-6148-41fd-997e-9d9870bab66a|1|0,Double Roast Chicken with Chicken Fat Rice,Chicken Fat Rice,250g jasmine rice,250,g,Jasmine Rice,,
d6d7f6df-6148-41fd-997e-9d9870bab66a|1|1,Double Roast Chicken with Chicken Fat Rice,Chicken Fat Rice,300ml water,300,ml,Water,,
d6d7f6df-6148-41fd-997e-9d9870bab66a|1|2,Double Roast Chicken with Chicken Fat Rice,Chicken Fat Rice,Chicken jus (collected from roasting tray),,,Chicken Jus,collected from roasting tray,
d6d7f6df-6148-41fd-997e-9d9870bab66a|1|3,Double Roast Chicken with Chicken Fat Rice,Chicken Fat Rice,"Salt, to taste",,,Salt,to taste,
d6d7f6df-6148-41fd-997e-9d9870bab66a|2|0,Double Roast Chicken with Chicken Fat Rice,Salad,"Cucumber, sliced",,,Cucumber,sliced,
d6d7f6df-6148-41fd-997e-9d9870bab66a|2|1,Double Roast Chicken with Chicken Fat Rice,Salad,Fresh coriander,,,Coriander,,
d6d7f6df-6148-41fd-997e-9d9870bab66a|2|2,Double Roast Chicken with Chicken Fat Rice,Salad,"Spring onion, sliced",,,Spring Onion,sliced,
d6d7f6df-6148-41fd-997e-9d9870bab66a|3|0,Double Roast Chicken with Chicken Fat Rice,Thai Chilli Dipping Sauce,2 shallots,2,,Shallot,,
d6d7f6df-6148-41fd-997e-9d9870bab66a|3|1,Double Roast Chicken with Chicken Fat Rice,Thai Chilli Dipping Sauce,1–3 Thai chillies (adjust to heat preference),1,,Thai Chillie,adjust to heat preference; range,
d6d7f6df-6148-41fd-997e-9d9870bab66a|3|2,Double Roast Chicken with Chicken Fat Rice,Thai Chilli Dipping Sauce,1 long red chilli,1,,Long Red Chilli,,
d6d7f6df-6148-41fd-997e-9d9870bab66a|3|3,Double Roast Chicken with Chicken Fat Rice,Thai Chilli Dipping Sauce,2 garlic cloves,2,,Garlic Clove,,
d6d7f6df-6148-41fd-997e-9d9870bab66a|3|4,Double Roast Chicken with Chicken Fat Rice,Thai Chilli Dipping Sauce,Coriander stalks,,,Coriander Stalk,,
d6d7f6df-6148-41fd-997e-9d9870bab66a|3|5,Double Roast Chicken with Chicken Fat Rice,Thai Chilli Dipping Sauce,4 tbsp fish sauce,4,tbsp,Fish Sauce,,
d6d7f6df-6148-41fd-997e-9d9870bab66a|3|6,Double Roast Chicken with Chicken Fat Rice,Thai Chilli Dipping Sauce,1 tbsp sugar,1,tbsp,Sugar,,
d6d7f6df-6148-41fd-997e-9d9870bab66a|3|7,Double Roast Chicken with Chicken Fat Rice,Thai Chilli Dipping Sauce,"Lime juice, to taste",,,Lime Juice,to taste,
d6d7f6df-6148-41fd-997e-9d9870bab66a|3|8,Double Roast Chicken with Chicken Fat Rice,Thai Chilli Dipping Sauce,"Toasted rice, ground (key ingredient — toast raw rice in a dry pan until golden, then grind)",,,Rice,"key ingredient — toast raw rice in a dry pan until golden, then grind; Toasted; ground",
60029cd9-1b3c-4768-8038-acce64fb2c6b|0|0,Easy Chicken Traybake,main,2 chicken legs,2,,Chicken Leg,,
60029cd9-1b3c-4768-8038-acce64fb2c6b|0|1,Easy Chicken Traybake,main,3–4 chicken thighs,3,,Chicken Thigh,range,
60029cd9-1b3c-4768-8038-acce64fb2c6b|0|2,Easy Chicken Traybake,main,3 tbsp Flora Salted (or butter),3,tbsp,Flora Salted,or butter,
60029cd9-1b3c-4768-8038-acce64fb2c6b|0|3,Easy Chicken Traybake,main,500g baby potatoes,500,g,Brown Potatoes,,
60029cd9-1b3c-4768-8038-acce64fb2c6b|0|4,Easy Chicken Traybake,main,1 large white onion,1,,White Onion,,
60029cd9-1b3c-4768-8038-acce64fb2c6b|0|5,Easy Chicken Traybake,main,2 lemons,2,,Lemon,,
60029cd9-1b3c-4768-8038-acce64fb2c6b|0|6,Easy Chicken Traybake,main,2 bay leaves,2,,Bay Leaves,,
60029cd9-1b3c-4768-8038-acce64fb2c6b|0|7,Easy Chicken Traybake,main,200ml chicken stock,200,ml,Chicken Stock,,
60029cd9-1b3c-4768-8038-acce64fb2c6b|0|8,Easy Chicken Traybake,main,3 tbsp chopped parsley,3,tbsp,Parsley,chopped,
60029cd9-1b3c-4768-8038-acce64fb2c6b|0|9,Easy Chicken Traybake,main,Tender stem broccoli to serve,,,Tenderstem Broccoli,to serve,
60029cd9-1b3c-4768-8038-acce64fb2c6b|0|10,Easy Chicken Traybake,main,"Olive oil, salt and pepper",,,Olive Oil,salt and pepper,
e0fcf458-e19a-49f7-995e-2a95019a0efe|0|0,Easy Chipotle Chicken & Corn Salsa,Chicken,1.36kg (3 lb) boneless chicken thighs,1.36,kg,Chicken Thigh,3 lb,
e0fcf458-e19a-49f7-995e-2a95019a0efe|0|1,Easy Chipotle Chicken & Corn Salsa,Chicken,Salt and pepper,,,Salt,,split
e0fcf458-e19a-49f7-995e-2a95019a0efe|0|1-2,Easy Chipotle Chicken & Corn Salsa,Chicken,Salt and pepper,,,Black Pepper,(split — set qty),split
e0fcf458-e19a-49f7-995e-2a95019a0efe|0|2,Easy Chipotle Chicken & Corn Salsa,Chicken,2 packets taco seasoning (check GF brand),2,packet,Taco Seasoning,check GF brand,
e0fcf458-e19a-49f7-995e-2a95019a0efe|0|3,Easy Chipotle Chicken & Corn Salsa,Chicken,1 tbsp olive oil,1,tbsp,Olive Oil,,
e0fcf458-e19a-49f7-995e-2a95019a0efe|0|4,Easy Chipotle Chicken & Corn Salsa,Chicken,2 tbsp adobo sauce (from a tin of chipotle peppers),2,tbsp,Adobo Sauce,from a tin of chipotle peppers,
e0fcf458-e19a-49f7-995e-2a95019a0efe|0|5,Easy Chipotle Chicken & Corn Salsa,Chicken,Juice of 2 small limes,,,Lime Juice,,
e0fcf458-e19a-49f7-995e-2a95019a0efe|0|6,Easy Chipotle Chicken & Corn Salsa,Chicken,"1 medium red onion, thinly sliced",1,,Red Onion,thinly sliced,
e0fcf458-e19a-49f7-995e-2a95019a0efe|1|0,Easy Chipotle Chicken & Corn Salsa,Corn Salsa,2 cups (~300g) sweetcorn,2,cup,Sweetcorn,~300g,
e0fcf458-e19a-49f7-995e-2a95019a0efe|1|1,Easy Chipotle Chicken & Corn Salsa,Corn Salsa,"½ medium red onion, finely diced",0.5,,Red Onion,finely diced,
e0fcf458-e19a-49f7-995e-2a95019a0efe|1|2,Easy Chipotle Chicken & Corn Salsa,Corn Salsa,"1 jalapeño, finely diced",1,,Jalapeño,finely diced,
e0fcf458-e19a-49f7-995e-2a95019a0efe|1|3,Easy Chipotle Chicken & Corn Salsa,Corn Salsa,"Large handful fresh coriander, chopped",,,Coriander,chopped,
e0fcf458-e19a-49f7-995e-2a95019a0efe|1|4,Easy Chipotle Chicken & Corn Salsa,Corn Salsa,Juice of 1 lime,,,Lime Juice,,
e0fcf458-e19a-49f7-995e-2a95019a0efe|1|5,Easy Chipotle Chicken & Corn Salsa,Corn Salsa,"Salt, to taste",,,Salt,to taste,
e0fcf458-e19a-49f7-995e-2a95019a0efe|2|0,Easy Chipotle Chicken & Corn Salsa,Chipotle Sauce,4 tbsp plain yoghurt (sub soya yoghurt to keep DF),4,tbsp,Plain Yoghurt,sub soya yoghurt to keep DF,
e0fcf458-e19a-49f7-995e-2a95019a0efe|2|1,Easy Chipotle Chicken & Corn Salsa,Chipotle Sauce,2 tbsp mayonnaise,2,tbsp,Mayonnaise,,
e0fcf458-e19a-49f7-995e-2a95019a0efe|2|2,Easy Chipotle Chicken & Corn Salsa,Chipotle Sauce,Juice of 1 large lime,,,Lime Juice,,
e0fcf458-e19a-49f7-995e-2a95019a0efe|2|3,Easy Chipotle Chicken & Corn Salsa,Chipotle Sauce,½ tbsp onion powder,0.5,tbsp,Onion Powder,,
e0fcf458-e19a-49f7-995e-2a95019a0efe|2|4,Easy Chipotle Chicken & Corn Salsa,Chipotle Sauce,1 tsp chipotle powder,1,tsp,Chipotle Powder,,
e0fcf458-e19a-49f7-995e-2a95019a0efe|2|5,Easy Chipotle Chicken & Corn Salsa,Chipotle Sauce,"Salt, to taste",,,Salt,to taste,
901fd531-38c9-4985-9aa3-90918c0e7d40|0|0,Easy Curry Noodles with Crispy Beef,Curry Broth,1 tbsp vegetable oil,1,tbsp,Vegetable Oil,,
901fd531-38c9-4985-9aa3-90918c0e7d40|0|1,Easy Curry Noodles with Crispy Beef,Curry Broth,"2.5cm (1in) fresh ginger, finely chopped",,,Ginger,1in; 2.5cm piece; finely chopped,
901fd531-38c9-4985-9aa3-90918c0e7d40|0|2,Easy Curry Noodles with Crispy Beef,Curry Broth,"3 garlic cloves, minced",3,,Garlic Clove,minced,
901fd531-38c9-4985-9aa3-90918c0e7d40|0|3,Easy Curry Noodles with Crispy Beef,Curry Broth,1 tsp ground cumin,1,tsp,Cumin,,
901fd531-38c9-4985-9aa3-90918c0e7d40|0|4,Easy Curry Noodles with Crispy Beef,Curry Broth,1 tsp ground turmeric,1,tsp,Turmeric Powder,,
901fd531-38c9-4985-9aa3-90918c0e7d40|0|5,Easy Curry Noodles with Crispy Beef,Curry Broth,1 tsp mild chilli powder,1,tsp,Mild Chilli Powder,,
901fd531-38c9-4985-9aa3-90918c0e7d40|0|6,Easy Curry Noodles with Crispy Beef,Curry Broth,1 tbsp tomato paste,1,tbsp,Tomato Paste,,
901fd531-38c9-4985-9aa3-90918c0e7d40|0|7,Easy Curry Noodles with Crispy Beef,Curry Broth,400ml coconut milk,400,ml,Coconut Milk,,
901fd531-38c9-4985-9aa3-90918c0e7d40|0|8,Easy Curry Noodles with Crispy Beef,Curry Broth,200ml chicken stock (add more if needed),200,ml,Chicken Stock,add more if needed,
901fd531-38c9-4985-9aa3-90918c0e7d40|0|9,Easy Curry Noodles with Crispy Beef,Curry Broth,"Salt, pepper, and a pinch of sugar",,,Salt,"pepper,  and a pinch of sugar",
901fd531-38c9-4985-9aa3-90918c0e7d40|1|0,Easy Curry Noodles with Crispy Beef,Noodles,150–200g ramen noodles (approx. 2 packets — use GF rice noodles to keep GF),150,g,Ramen Noodles,approx. 2 packets — use GF rice noodles to keep GF; range,
901fd531-38c9-4985-9aa3-90918c0e7d40|2|0,Easy Curry Noodles with Crispy Beef,Crispy Beef,200g beef mince (20% fat),200,g,Beef Mince,20% fat,
901fd531-38c9-4985-9aa3-90918c0e7d40|2|1,Easy Curry Noodles with Crispy Beef,Crispy Beef,1 tsp cumin seeds,1,tsp,Cumin Seed,,
901fd531-38c9-4985-9aa3-90918c0e7d40|2|2,Easy Curry Noodles with Crispy Beef,Crispy Beef,Salt and pepper,,,Salt,,split
901fd531-38c9-4985-9aa3-90918c0e7d40|2|2-2,Easy Curry Noodles with Crispy Beef,Crispy Beef,Salt and pepper,,,Black Pepper,(split — set qty),split
901fd531-38c9-4985-9aa3-90918c0e7d40|3|0,Easy Curry Noodles with Crispy Beef,Garnish,"2 pak choi, halved and microwaved 2 min in water, then drained",2,,Pak Choi,"halved and microwaved 2 min in water,  then drained",
901fd531-38c9-4985-9aa3-90918c0e7d40|3|1,Easy Curry Noodles with Crispy Beef,Garnish,"2 spring onions, finely sliced",2,,Spring Onion,finely sliced,
901fd531-38c9-4985-9aa3-90918c0e7d40|3|2,Easy Curry Noodles with Crispy Beef,Garnish,1 tbsp chilli oil (optional),1,tbsp,Chilli Oil,optional,
901fd531-38c9-4985-9aa3-90918c0e7d40|3|3,Easy Curry Noodles with Crispy Beef,Garnish,1 tsp sesame seeds (optional),1,tsp,Sesame Seeds,optional,
c7c17013-a35c-4ad1-a385-2ea68e2409f1|0|0,Easy Poke Salad Bowl,Bowl,1 cup (150g) cooked rice (any variety),1,cup,Rice,150g; any variety,
c7c17013-a35c-4ad1-a385-2ea68e2409f1|0|1,Easy Poke Salad Bowl,Bowl,"100g sashimi-grade tuna, diced (or canned tuna, salmon, chickpeas, or tofu)",100,g,Sashimi-grade Tuna,"or canned tuna, salmon, chickpeas, or tofu; diced",
c7c17013-a35c-4ad1-a385-2ea68e2409f1|0|2,Easy Poke Salad Bowl,Bowl,"¼ avocado (~37g), diced",0.25,,Avocado,~37g; diced,
c7c17013-a35c-4ad1-a385-2ea68e2409f1|0|3,Easy Poke Salad Bowl,Bowl,"1 small carrot (~60g), julienned",1,,Carrot,~60g; julienned,
c7c17013-a35c-4ad1-a385-2ea68e2409f1|0|4,Easy Poke Salad Bowl,Bowl,⅓ cup (55g) cooked edamame,0.333,cup,Edamame,55g,
c7c17013-a35c-4ad1-a385-2ea68e2409f1|0|5,Easy Poke Salad Bowl,Bowl,"40g cooked beetroot, diced (canned is fine)",40,g,Beetroot,canned is fine; diced,
c7c17013-a35c-4ad1-a385-2ea68e2409f1|0|6,Easy Poke Salad Bowl,Bowl,"½ medium cucumber (~75g), diced",0.5,,Cucumber,~75g; diced,
c7c17013-a35c-4ad1-a385-2ea68e2409f1|0|7,Easy Poke Salad Bowl,Bowl,1 tsp pickled ginger,1,tsp,Pickled Ginger,,
c7c17013-a35c-4ad1-a385-2ea68e2409f1|1|0,Easy Poke Salad Bowl,Dressing and Toppings,1 tbsp Kewpie mayo,1,tbsp,Kewpie Mayonnaise,,
c7c17013-a35c-4ad1-a385-2ea68e2409f1|1|1,Easy Poke Salad Bowl,Dressing and Toppings,1 tsp sriracha,1,tsp,Sriracha,,
c7c17013-a35c-4ad1-a385-2ea68e2409f1|1|2,Easy Poke Salad Bowl,Dressing and Toppings,1 tsp sesame seeds,1,tsp,Sesame Seeds,,
c7c17013-a35c-4ad1-a385-2ea68e2409f1|1|3,Easy Poke Salad Bowl,Dressing and Toppings,1 tbsp seaweed salad (~10g),1,tbsp,Seaweed Salad,~10g,
fe9d8ce6-f103-4387-97e8-22d0688a2e69|0|0,Easy Tuna Salad Mix,Main,1x 425g can tuna,1,,Tuna,,
fe9d8ce6-f103-4387-97e8-22d0688a2e69|0|1,Easy Tuna Salad Mix,Main,"2 cucumbers, finely diced",2,,Cucumber,finely diced,
fe9d8ce6-f103-4387-97e8-22d0688a2e69|0|2,Easy Tuna Salad Mix,Main,"1 small red onion, finely diced",1,,Red Onion,finely diced,
fe9d8ce6-f103-4387-97e8-22d0688a2e69|0|3,Easy Tuna Salad Mix,Main,"3 celery stalks, finely diced",3,,Celery,finely diced,
fe9d8ce6-f103-4387-97e8-22d0688a2e69|0|4,Easy Tuna Salad Mix,Main,"1½ cups fresh parsley, roughly chopped",1,,Parsley,roughly chopped,
fe9d8ce6-f103-4387-97e8-22d0688a2e69|0|5,Easy Tuna Salad Mix,Main,Juice of 1 large lemon,,,Lemon Juice,,
fe9d8ce6-f103-4387-97e8-22d0688a2e69|0|6,Easy Tuna Salad Mix,Main,Kewpie mayo,,,Kewpie Mayonnaise,,
fe9d8ce6-f103-4387-97e8-22d0688a2e69|0|7,Easy Tuna Salad Mix,Main,Pinch of salt,1,pinch,Salt,,
fe9d8ce6-f103-4387-97e8-22d0688a2e69|0|8,Easy Tuna Salad Mix,Main,"Corn chips or bread rolls, to serve",,,Corn Chip,"or bread rolls, to serve",
127ec2c0-4048-4471-9b4b-b1db043eee7e|0|0,Egg White Protein Oats,base_single,30g rolled oats,30,g,Rolled Oats,,
127ec2c0-4048-4471-9b4b-b1db043eee7e|0|1,Egg White Protein Oats,base_single,250ml water,250,ml,Water,,
127ec2c0-4048-4471-9b4b-b1db043eee7e|0|2,Egg White Protein Oats,base_single,Pinch of salt,1,pinch,Salt,,
127ec2c0-4048-4471-9b4b-b1db043eee7e|0|3,Egg White Protein Oats,base_single,150g liquid egg whites,150,g,Liquid Egg White,,
127ec2c0-4048-4471-9b4b-b1db043eee7e|0|4,Egg White Protein Oats,base_single,"20g Medjool date, puréed (about 1 small date)",20,g,Medjool Date,about 1 small date; puréed,
127ec2c0-4048-4471-9b4b-b1db043eee7e|0|5,Egg White Protein Oats,base_single,1 tsp vanilla extract,1,tsp,Vanilla Extract,,
127ec2c0-4048-4471-9b4b-b1db043eee7e|0|6,Egg White Protein Oats,base_single,Dash of almond extract,1,dash,Almond Extract,,
127ec2c0-4048-4471-9b4b-b1db043eee7e|0|7,Egg White Protein Oats,base_single,1½ tbsp (10g) milled flaxseeds,1,,Milled Flaxseed,10g,
127ec2c0-4048-4471-9b4b-b1db043eee7e|1|0,Egg White Protein Oats,batch_base_4,45g rolled oats + 45g quinoa flakes,45,g,Rolled Oats,,
127ec2c0-4048-4471-9b4b-b1db043eee7e|1|1,Egg White Protein Oats,batch_base_4,750–900ml water,750,ml,Water,range,
127ec2c0-4048-4471-9b4b-b1db043eee7e|1|2,Egg White Protein Oats,batch_base_4,5g salt,5,g,Salt,,
127ec2c0-4048-4471-9b4b-b1db043eee7e|1|3,Egg White Protein Oats,batch_base_4,450g liquid egg whites,450,g,Liquid Egg White,,
127ec2c0-4048-4471-9b4b-b1db043eee7e|1|4,Egg White Protein Oats,batch_base_4,"4 Medjool dates (approx. 80g), puréed",4,,Medjool Date,approx. 80g; puréed,
127ec2c0-4048-4471-9b4b-b1db043eee7e|1|5,Egg White Protein Oats,batch_base_4,1 tsp vanilla extract,1,tsp,Vanilla Extract,,
127ec2c0-4048-4471-9b4b-b1db043eee7e|1|6,Egg White Protein Oats,batch_base_4,Dash of almond extract,1,dash,Almond Extract,,
127ec2c0-4048-4471-9b4b-b1db043eee7e|1|7,Egg White Protein Oats,batch_base_4,3 tbsp milled flaxseeds,3,tbsp,Milled Flaxseed,,
25c6ef9d-dff4-4687-bb96-666bee149188|0|0,Fiery Chilli Prawn Linguine,Main,1 tsp olive oil,1,tsp,Olive Oil,,
25c6ef9d-dff4-4687-bb96-666bee149188|0|1,Fiery Chilli Prawn Linguine,Main,"2–3 garlic cloves, finely chopped",2,,Garlic Clove,range; finely chopped,
25c6ef9d-dff4-4687-bb96-666bee149188|0|2,Fiery Chilli Prawn Linguine,Main,"300g raw prawns, peeled and deveined",300,g,Prawn,peeled and deveined,
25c6ef9d-dff4-4687-bb96-666bee149188|0|3,Fiery Chilli Prawn Linguine,Main,509g jar tomato roasted garlic pasta sauce (choose lowest-ingredient brand available),509,g,Tomato Garlic Pasta Sauce,choose lowest-ingredient brand available,
25c6ef9d-dff4-4687-bb96-666bee149188|0|4,Fiery Chilli Prawn Linguine,Main,1 tbsp soy sauce (check GF),1,tbsp,Soy Sauce,check GF,
25c6ef9d-dff4-4687-bb96-666bee149188|0|5,Fiery Chilli Prawn Linguine,Main,1 tsp sugar,1,tsp,Sugar,,
25c6ef9d-dff4-4687-bb96-666bee149188|0|6,Fiery Chilli Prawn Linguine,Main,"Salt and pepper, to taste",,,Salt,to taste,split
25c6ef9d-dff4-4687-bb96-666bee149188|0|6-2,Fiery Chilli Prawn Linguine,Main,"Salt and pepper, to taste",,,Black Pepper,to taste; (split — set qty),split
25c6ef9d-dff4-4687-bb96-666bee149188|0|7,Fiery Chilli Prawn Linguine,Main,300g linguine or pasta (use GF pasta or rice noodles to keep GF),300,g,Linguine,use GF pasta or rice noodles to keep GF; or pasta,
25c6ef9d-dff4-4687-bb96-666bee149188|0|8,Fiery Chilli Prawn Linguine,Main,"Sichuan or regular chilli oil, to drizzle",,,Sichuan,"or regular chilli oil, to drizzle",
25c6ef9d-dff4-4687-bb96-666bee149188|0|9,Fiery Chilli Prawn Linguine,Main,"Fresh basil leaves, to serve",,,Basil,to serve,
8d17138f-3444-4d9c-844e-7c8b1416e9be|0|0,Fluffy Breakfast Carrot Cake Loaf,Loaf,"140g dates, pitted",140,g,Date,pitted,
8d17138f-3444-4d9c-844e-7c8b1416e9be|0|1,Fluffy Breakfast Carrot Cake Loaf,Loaf,1 scant tsp bicarbonate of soda,1,tsp,Baking Soda,scant,
8d17138f-3444-4d9c-844e-7c8b1416e9be|0|2,Fluffy Breakfast Carrot Cake Loaf,Loaf,2 tbsp brown sugar,2,tbsp,Brown Sugar,,
8d17138f-3444-4d9c-844e-7c8b1416e9be|0|3,Fluffy Breakfast Carrot Cake Loaf,Loaf,1/4 tsp nutmeg,0.25,tsp,Nutmeg,,
8d17138f-3444-4d9c-844e-7c8b1416e9be|0|4,Fluffy Breakfast Carrot Cake Loaf,Loaf,1/4 tsp ginger,0.25,tsp,Ginger,,
8d17138f-3444-4d9c-844e-7c8b1416e9be|0|5,Fluffy Breakfast Carrot Cake Loaf,Loaf,2 tsp cinnamon,2,tsp,Cinnamon,,
8d17138f-3444-4d9c-844e-7c8b1416e9be|0|6,Fluffy Breakfast Carrot Cake Loaf,Loaf,2 large eggs,2,,Egg,,
8d17138f-3444-4d9c-844e-7c8b1416e9be|0|7,Fluffy Breakfast Carrot Cake Loaf,Loaf,180g grated carrot,180,g,Carrot,grated,
8d17138f-3444-4d9c-844e-7c8b1416e9be|0|8,Fluffy Breakfast Carrot Cake Loaf,Loaf,50g chopped roasted mixed nuts,50,g,Mixed Nuts,chopped,
8d17138f-3444-4d9c-844e-7c8b1416e9be|0|9,Fluffy Breakfast Carrot Cake Loaf,Loaf,150ml olive oil,150,ml,Olive Oil,,
8d17138f-3444-4d9c-844e-7c8b1416e9be|0|10,Fluffy Breakfast Carrot Cake Loaf,Loaf,2 tsp baking powder,2,tsp,Baking Powder,,
8d17138f-3444-4d9c-844e-7c8b1416e9be|0|11,Fluffy Breakfast Carrot Cake Loaf,Loaf,100g wholemeal flour,100,g,Wholemeal Flour,,
8d17138f-3444-4d9c-844e-7c8b1416e9be|0|12,Fluffy Breakfast Carrot Cake Loaf,Loaf,3 tbsp milk,3,tbsp,Milk,,
8d17138f-3444-4d9c-844e-7c8b1416e9be|0|13,Fluffy Breakfast Carrot Cake Loaf,Loaf,100g jumbo oats,100,g,Oats,,
8d17138f-3444-4d9c-844e-7c8b1416e9be|0|14,Fluffy Breakfast Carrot Cake Loaf,Loaf,Zest of 1 orange,,,Orange Zest,,
8d17138f-3444-4d9c-844e-7c8b1416e9be|1|0,Fluffy Breakfast Carrot Cake Loaf,Maple Cream Cheese Kefir Topping,100g kefir yogurt,100,g,Kefir Yogurt,,
8d17138f-3444-4d9c-844e-7c8b1416e9be|1|1,Fluffy Breakfast Carrot Cake Loaf,Maple Cream Cheese Kefir Topping,100g low-fat cream cheese,100,g,Low-fat Cream Cheese,,
8d17138f-3444-4d9c-844e-7c8b1416e9be|1|2,Fluffy Breakfast Carrot Cake Loaf,Maple Cream Cheese Kefir Topping,1-2 tbsp maple syrup,1,tbsp,Maple Syrup,range,
2713bee3-9c17-4200-9cdd-0047cc1bddf3|0|0,Fluffy Greek Yogurt Pancakes,Main,70g (3/4 cup) rolled oats,70,g,Rolled Oats,3/4 cup,
2713bee3-9c17-4200-9cdd-0047cc1bddf3|0|1,Fluffy Greek Yogurt Pancakes,Main,180g (3/4 cup) Greek yogurt,180,g,Greek Yoghurt,3/4 cup,
2713bee3-9c17-4200-9cdd-0047cc1bddf3|0|2,Fluffy Greek Yogurt Pancakes,Main,1 egg,1,,Egg,,
2713bee3-9c17-4200-9cdd-0047cc1bddf3|0|3,Fluffy Greek Yogurt Pancakes,Main,2 egg whites,2,,Liquid Egg White,,
2713bee3-9c17-4200-9cdd-0047cc1bddf3|0|4,Fluffy Greek Yogurt Pancakes,Main,1-2 tbsp honey or maple syrup,1,tbsp,Honey,or maple syrup; range,
2713bee3-9c17-4200-9cdd-0047cc1bddf3|0|5,Fluffy Greek Yogurt Pancakes,Main,1/2 tsp baking powder,0.5,tsp,Baking Powder,,
2713bee3-9c17-4200-9cdd-0047cc1bddf3|0|6,Fluffy Greek Yogurt Pancakes,Main,"1 tsp apple cider vinegar (optional, for fluffiness)",1,tsp,Apple Cider Vinegar,"optional, for fluffiness",
a4507301-9eb3-4ffb-a0f4-c23673b499b6|0|0,Fluffy Vegan Protein Pancakes,Main,100g flour,100,g,Plain Flour,,
a4507301-9eb3-4ffb-a0f4-c23673b499b6|0|1,Fluffy Vegan Protein Pancakes,Main,50g vegan protein pancake mix,50,g,Vegan Protein Pancake Mix,,
a4507301-9eb3-4ffb-a0f4-c23673b499b6|0|2,Fluffy Vegan Protein Pancakes,Main,150ml almond milk,150,ml,Almond Milk,,
a4507301-9eb3-4ffb-a0f4-c23673b499b6|0|3,Fluffy Vegan Protein Pancakes,Main,80ml yoghurt,80,ml,Plain Yoghurt,,
a4507301-9eb3-4ffb-a0f4-c23673b499b6|0|4,Fluffy Vegan Protein Pancakes,Main,1 tbsp sugar,1,tbsp,Sugar,,
a4507301-9eb3-4ffb-a0f4-c23673b499b6|0|5,Fluffy Vegan Protein Pancakes,Main,1 tbsp baking powder,1,tbsp,Baking Powder,,
a4507301-9eb3-4ffb-a0f4-c23673b499b6|0|6,Fluffy Vegan Protein Pancakes,Main,Vanilla,,,Vanilla,,
a4507301-9eb3-4ffb-a0f4-c23673b499b6|0|7,Fluffy Vegan Protein Pancakes,Main,Filling of choice,,,Filling Choice,,
dbd8978e-2306-4cdd-853a-a81c8546bd8f|0|0,Frozen Berry Breakfast Crumble,Berry Base,500g frozen berries (any variety),500,g,Berry,any variety,
dbd8978e-2306-4cdd-853a-a81c8546bd8f|0|1,Frozen Berry Breakfast Crumble,Berry Base,2 tsp chia seeds,2,tsp,Chia Seed,,
dbd8978e-2306-4cdd-853a-a81c8546bd8f|0|2,Frozen Berry Breakfast Crumble,Berry Base,Optional: a little sugar or honey,,,Sugar,or honey,
dbd8978e-2306-4cdd-853a-a81c8546bd8f|1|0,Frozen Berry Breakfast Crumble,Crumble,180g rolled oats,180,g,Rolled Oats,,
dbd8978e-2306-4cdd-853a-a81c8546bd8f|1|1,Frozen Berry Breakfast Crumble,Crumble,"3 heaped tbsp runny nut butter (almond, peanut, or cashew)",3,tbsp,Nut Butter,"heaped; almond, peanut, or cashew",
dbd8978e-2306-4cdd-853a-a81c8546bd8f|1|2,Frozen Berry Breakfast Crumble,Crumble,3 heaped tbsp honey or maple syrup,3,tbsp,Honey,heaped; or maple syrup,
dbd8978e-2306-4cdd-853a-a81c8546bd8f|1|3,Frozen Berry Breakfast Crumble,Crumble,3 tbsp mixed seeds,3,tbsp,Mixed Seeds,,
dbd8978e-2306-4cdd-853a-a81c8546bd8f|1|4,Frozen Berry Breakfast Crumble,Crumble,Pinch of salt,1,pinch,Salt,,
dbd8978e-2306-4cdd-853a-a81c8546bd8f|1|5,Frozen Berry Breakfast Crumble,Crumble,2 egg whites,2,,Liquid Egg White,,
02590090-6ff1-434f-b64b-57a716a1fd22|0|0,Frozen Strawberry Raspberry PB Bites,Main,"3/4 box strawberries, stems removed and thinly diced",0.75,,Strawberries,stems removed and thinly diced,
02590090-6ff1-434f-b64b-57a716a1fd22|0|1,Frozen Strawberry Raspberry PB Bites,Main,1 box raspberries,1,,Raspberries,,
02590090-6ff1-434f-b64b-57a716a1fd22|0|2,Frozen Strawberry Raspberry PB Bites,Main,1 TBSP chia seeds,1,tbsp,Chia Seed,,
02590090-6ff1-434f-b64b-57a716a1fd22|0|3,Frozen Strawberry Raspberry PB Bites,Main,Peanut butter,,,Peanut Butter,,
02590090-6ff1-434f-b64b-57a716a1fd22|0|4,Frozen Strawberry Raspberry PB Bites,Main,1 bag chocolate chips,1,bag,Chocolate Chip,,
02590090-6ff1-434f-b64b-57a716a1fd22|0|5,Frozen Strawberry Raspberry PB Bites,Main,1 TBSP coconut oil,1,tbsp,Coconut Oil,,
6a635bb2-dc3f-444a-ae47-22e37c05b012|0|0,Garlic Cucumber Salad,Main,1 cucumber,1,,Cucumber,,
6a635bb2-dc3f-444a-ae47-22e37c05b012|0|1,Garlic Cucumber Salad,Main,1/2 tsp salt (to draw out moisture),0.5,tsp,Salt,to draw out moisture,
6a635bb2-dc3f-444a-ae47-22e37c05b012|0|2,Garlic Cucumber Salad,Main,2-3 cloves of garlic,2,clove,Garlic,range,
6a635bb2-dc3f-444a-ae47-22e37c05b012|0|3,Garlic Cucumber Salad,Main,2 tsp black vinegar,2,tsp,Black Vinegar,,
6a635bb2-dc3f-444a-ae47-22e37c05b012|0|4,Garlic Cucumber Salad,Main,1 tsp soy sauce,1,tsp,Soy Sauce,,
6a635bb2-dc3f-444a-ae47-22e37c05b012|0|5,Garlic Cucumber Salad,Main,2 tsp chili crisps,2,tsp,Chilli Crisp,,
6a635bb2-dc3f-444a-ae47-22e37c05b012|0|6,Garlic Cucumber Salad,Main,1/4 tsp chili flakes,0.25,tsp,Chilli Flakes,,
6af2694d-29f0-4a30-8c8f-1aca5dce9f5f|0|0,Garlic Miso Somen Noodles,Noodles and Toppings,200g somen noodles (or thin rice noodles for GF),200,g,Somen Noodles,or thin rice noodles for GF,
6af2694d-29f0-4a30-8c8f-1aca5dce9f5f|0|1,Garlic Miso Somen Noodles,Noodles and Toppings,"150g oyster mushrooms, torn into pieces",150,g,Oyster Mushroom,torn into pieces,
6af2694d-29f0-4a30-8c8f-1aca5dce9f5f|0|2,Garlic Miso Somen Noodles,Noodles and Toppings,2 soft-boiled eggs,2,,Boiled Egg,,
6af2694d-29f0-4a30-8c8f-1aca5dce9f5f|0|3,Garlic Miso Somen Noodles,Noodles and Toppings,2 handfuls fresh spinach,2,handful,Spinach,,
6af2694d-29f0-4a30-8c8f-1aca5dce9f5f|0|4,Garlic Miso Somen Noodles,Noodles and Toppings,"Spring onion, finely chopped — garnish",,,Spring Onion,finely chopped — garnish,
6af2694d-29f0-4a30-8c8f-1aca5dce9f5f|1|0,Garlic Miso Somen Noodles,Broth,480ml (2 cups) reserved noodle water or vegetable stock,480,ml,Reserved Noodle Water,2 cups; or vegetable stock,
6af2694d-29f0-4a30-8c8f-1aca5dce9f5f|1|1,Garlic Miso Somen Noodles,Broth,1 tsp minced garlic,1,tsp,Garlic,minced,
6af2694d-29f0-4a30-8c8f-1aca5dce9f5f|1|2,Garlic Miso Somen Noodles,Broth,"1 tbsp spring onion, finely chopped",1,tbsp,Spring Onion,finely chopped,
6af2694d-29f0-4a30-8c8f-1aca5dce9f5f|1|3,Garlic Miso Somen Noodles,Broth,1½ tbsp neutral cooking oil,1,,Oil,,
6af2694d-29f0-4a30-8c8f-1aca5dce9f5f|1|4,Garlic Miso Somen Noodles,Broth,1 tsp chilli powder (gochugaru or similar),1,tsp,Chilli Powder,gochugaru or similar,
6af2694d-29f0-4a30-8c8f-1aca5dce9f5f|1|5,Garlic Miso Somen Noodles,Broth,1 tbsp miso paste,1,tbsp,Miso Paste,,
6af2694d-29f0-4a30-8c8f-1aca5dce9f5f|1|6,Garlic Miso Somen Noodles,Broth,1 tbsp soy sauce,1,tbsp,Soy Sauce,,
6af2694d-29f0-4a30-8c8f-1aca5dce9f5f|1|7,Garlic Miso Somen Noodles,Broth,1 tsp sugar,1,tsp,Sugar,,
6af2694d-29f0-4a30-8c8f-1aca5dce9f5f|1|8,Garlic Miso Somen Noodles,Broth,1 tbsp mirin,1,tbsp,Mirin,,
17321508-ca55-4b91-88d2-35284cd4136c|0|0,GF Easy Pan Dumplings (No Wrappers),Filling,225g (½ lb) ground beef,225,g,Beef,½ lb,
17321508-ca55-4b91-88d2-35284cd4136c|0|1,GF Easy Pan Dumplings (No Wrappers),Filling,1 large egg,1,,Egg,,
17321508-ca55-4b91-88d2-35284cd4136c|0|2,GF Easy Pan Dumplings (No Wrappers),Filling,"2 stalks green onion, finely chopped",2,,Green Onion,finely chopped,
17321508-ca55-4b91-88d2-35284cd4136c|0|3,GF Easy Pan Dumplings (No Wrappers),Filling,1 tsp rice vinegar (or dry sherry),1,tsp,Rice Vinegar,or dry sherry,
17321508-ca55-4b91-88d2-35284cd4136c|0|4,GF Easy Pan Dumplings (No Wrappers),Filling,1 tsp GF soy sauce,1,tsp,Gluten-free Soy Sauce,,
17321508-ca55-4b91-88d2-35284cd4136c|0|5,GF Easy Pan Dumplings (No Wrappers),Filling,1 tsp GF oyster sauce,1,tsp,Gluten-free Oyster Sauce,,
17321508-ca55-4b91-88d2-35284cd4136c|0|6,GF Easy Pan Dumplings (No Wrappers),Filling,½ tsp white pepper,0.5,tsp,White Pepper,,
17321508-ca55-4b91-88d2-35284cd4136c|0|7,GF Easy Pan Dumplings (No Wrappers),Filling,½ tsp salt,0.5,tsp,Salt,,
17321508-ca55-4b91-88d2-35284cd4136c|1|0,GF Easy Pan Dumplings (No Wrappers),Coating,Glutinous rice flour (regular rice flour will not work),,,Glutinous Rice Flour,regular rice flour will not work,
17321508-ca55-4b91-88d2-35284cd4136c|1|1,GF Easy Pan Dumplings (No Wrappers),Coating,"Cold water, for dipping",,,Cold Water,for dipping,
17321508-ca55-4b91-88d2-35284cd4136c|2|0,GF Easy Pan Dumplings (No Wrappers),Soup (optional),Miso soup or broth of choice,,,Miso Soup,or broth of choice,
17321508-ca55-4b91-88d2-35284cd4136c|2|1,GF Easy Pan Dumplings (No Wrappers),Soup (optional),"Green onions, to garnish",,,Green Onion,to garnish,
ba9751e7-8c6f-42cb-ba50-4af714beef32|0|0,GF Easy Pan Dumplings (Pan-Fried),Filling,"450g ground meat (beef, chicken, pork, or a mix)",450,g,Meat,"beef, chicken, pork, or a mix",
ba9751e7-8c6f-42cb-ba50-4af714beef32|0|1,GF Easy Pan Dumplings (Pan-Fried),Filling,"½ cup green onions, finely sliced",0.5,cup,Green Onion,finely sliced,
ba9751e7-8c6f-42cb-ba50-4af714beef32|0|2,GF Easy Pan Dumplings (Pan-Fried),Filling,2 tbsp coconut aminos,2,tbsp,Coconut Aminos,,
ba9751e7-8c6f-42cb-ba50-4af714beef32|0|3,GF Easy Pan Dumplings (Pan-Fried),Filling,2 tsp sesame oil,2,tsp,Sesame Oil,,
ba9751e7-8c6f-42cb-ba50-4af714beef32|0|4,GF Easy Pan Dumplings (Pan-Fried),Filling,1 tsp garlic powder,1,tsp,Garlic Granules,,
ba9751e7-8c6f-42cb-ba50-4af714beef32|0|5,GF Easy Pan Dumplings (Pan-Fried),Filling,1 tsp ginger powder,1,tsp,Ginger Powder,,
ba9751e7-8c6f-42cb-ba50-4af714beef32|0|6,GF Easy Pan Dumplings (Pan-Fried),Filling,⅓ cup broth of choice,0.333,cup,Broth Choice,,
ba9751e7-8c6f-42cb-ba50-4af714beef32|0|7,GF Easy Pan Dumplings (Pan-Fried),Filling,½ tsp chilli flakes,0.5,tsp,Chilli Flakes,,
ba9751e7-8c6f-42cb-ba50-4af714beef32|0|8,GF Easy Pan Dumplings (Pan-Fried),Filling,"Black pepper, to taste",,,Black Pepper,to taste,
ba9751e7-8c6f-42cb-ba50-4af714beef32|0|9,GF Easy Pan Dumplings (Pan-Fried),Filling,Potato starch (for shaping and binding),,,Potato Starch,for shaping and binding,
ba9751e7-8c6f-42cb-ba50-4af714beef32|1|0,GF Easy Pan Dumplings (Pan-Fried),Toppings,"Green onions, sliced",,,Green Onion,sliced,
ba9751e7-8c6f-42cb-ba50-4af714beef32|1|1,GF Easy Pan Dumplings (Pan-Fried),Toppings,Chilli oil,,,Chilli Oil,,
ba9751e7-8c6f-42cb-ba50-4af714beef32|1|2,GF Easy Pan Dumplings (Pan-Fried),Toppings,Sesame seeds,,,Sesame Seeds,,
1bcb90c2-df1f-4d37-83b6-eb736fd5a6d8|0|0,Giant Rice Cake Snickers Wagon Wheel,Main,2 rice cakes (or corn thins),2,,Rice Cake,or corn thins,
1bcb90c2-df1f-4d37-83b6-eb736fd5a6d8|0|1,Giant Rice Cake Snickers Wagon Wheel,Main,2 tbsp peanut butter,2,tbsp,Peanut Butter,,
1bcb90c2-df1f-4d37-83b6-eb736fd5a6d8|0|2,Giant Rice Cake Snickers Wagon Wheel,Main,"Handful of roasted peanuts, plus extra for topping",1,handful,Peanuts,plus extra for topping,
1bcb90c2-df1f-4d37-83b6-eb736fd5a6d8|0|3,Giant Rice Cake Snickers Wagon Wheel,Main,1 tbsp maple syrup,1,tbsp,Maple Syrup,,
1bcb90c2-df1f-4d37-83b6-eb736fd5a6d8|0|4,Giant Rice Cake Snickers Wagon Wheel,Main,40g dairy-free chocolate,40,g,Dairy-free Chocolate,,
17ab4db7-8ace-4a73-a9e0-5583b1a36271|0|0,Glowing Skin Soup,Main,2 tbsp olive oil,2,tbsp,Olive Oil,,
17ab4db7-8ace-4a73-a9e0-5583b1a36271|0|1,Glowing Skin Soup,Main,1 small yellow onion,1,,Yellow Onion,,
17ab4db7-8ace-4a73-a9e0-5583b1a36271|0|2,Glowing Skin Soup,Main,"2 red bell peppers, chopped",2,,Red Bell Pepper,chopped,
17ab4db7-8ace-4a73-a9e0-5583b1a36271|0|3,Glowing Skin Soup,Main,1 tsp dried basil,1,tsp,Basil,,
17ab4db7-8ace-4a73-a9e0-5583b1a36271|0|4,Glowing Skin Soup,Main,1 tsp thyme,1,tsp,Thyme,,
17ab4db7-8ace-4a73-a9e0-5583b1a36271|0|5,Glowing Skin Soup,Main,1 tsp oregano,1,tsp,Oregano,,
17ab4db7-8ace-4a73-a9e0-5583b1a36271|0|6,Glowing Skin Soup,Main,1 tsp garlic powder,1,tsp,Garlic Granules,,
17ab4db7-8ace-4a73-a9e0-5583b1a36271|0|7,Glowing Skin Soup,Main,2 tsp salt,2,tsp,Salt,,
17ab4db7-8ace-4a73-a9e0-5583b1a36271|0|8,Glowing Skin Soup,Main,1/4 tsp pepper,0.25,tsp,Pepper,,
17ab4db7-8ace-4a73-a9e0-5583b1a36271|0|9,Glowing Skin Soup,Main,"1 sweet potato, cubed",1,,Sweet Potato,cubed,
17ab4db7-8ace-4a73-a9e0-5583b1a36271|0|10,Glowing Skin Soup,Main,1 pint cherry tomatoes,1,,Cherry Tomatoes,,
17ab4db7-8ace-4a73-a9e0-5583b1a36271|0|11,Glowing Skin Soup,Main,32 oz veggie broth,32,oz,Vegetable Broth,,
17ab4db7-8ace-4a73-a9e0-5583b1a36271|0|12,Glowing Skin Soup,Main,1/2 cup coconut cream,0.5,cup,Coconut Cream,,
17ab4db7-8ace-4a73-a9e0-5583b1a36271|0|13,Glowing Skin Soup,Main,Good crusty bread to serve,,,Crusty Bread,to serve,
dc209559-b3d8-483e-a245-bccb8e3b736c|0|0,Gluten Free Cinnamon Buns,Dough,360g coconut yogurt,360,g,Coconut Yoghurt,,
dc209559-b3d8-483e-a245-bccb8e3b736c|0|1,Gluten Free Cinnamon Buns,Dough,440g oat milk,440,g,Oat Milk,,
dc209559-b3d8-483e-a245-bccb8e3b736c|0|2,Gluten Free Cinnamon Buns,Dough,210g honey,210,g,Honey,,
dc209559-b3d8-483e-a245-bccb8e3b736c|0|3,Gluten Free Cinnamon Buns,Dough,14g instant yeast,14,g,Instant Yeast,,
dc209559-b3d8-483e-a245-bccb8e3b736c|0|4,Gluten Free Cinnamon Buns,Dough,8g baking powder,8,g,Baking Powder,,
dc209559-b3d8-483e-a245-bccb8e3b736c|0|5,Gluten Free Cinnamon Buns,Dough,2 large eggs,2,,Egg,,
dc209559-b3d8-483e-a245-bccb8e3b736c|0|6,Gluten Free Cinnamon Buns,Dough,"800g King Arthur Gluten Free Bread Flour, plus more for dusting",800,g,Gluten-free Bread Flour,plus more for dusting,
dc209559-b3d8-483e-a245-bccb8e3b736c|0|7,Gluten Free Cinnamon Buns,Dough,15g salt,15,g,Salt,,
dc209559-b3d8-483e-a245-bccb8e3b736c|0|8,Gluten Free Cinnamon Buns,Dough,16g vanilla extract,16,g,Vanilla Extract,,
dc209559-b3d8-483e-a245-bccb8e3b736c|0|9,Gluten Free Cinnamon Buns,Dough,40g olive oil,40,g,Olive Oil,,
dc209559-b3d8-483e-a245-bccb8e3b736c|0|10,Gluten Free Cinnamon Buns,Dough,14g psyllium husk,14,g,Psyllium Husk,,
dc209559-b3d8-483e-a245-bccb8e3b736c|0|11,Gluten Free Cinnamon Buns,Dough,3/4 cup (4oz) coconut milk,0.75,cup,Coconut Milk,4oz,
dc209559-b3d8-483e-a245-bccb8e3b736c|1|0,Gluten Free Cinnamon Buns,Cinnamon Sugar Filling,3/4 cup coconut or cane sugar,0.75,cup,Coconut,or cane sugar,
dc209559-b3d8-483e-a245-bccb8e3b736c|1|1,Gluten Free Cinnamon Buns,Cinnamon Sugar Filling,2 tbsp cinnamon,2,tbsp,Cinnamon,,
dc209559-b3d8-483e-a245-bccb8e3b736c|1|2,Gluten Free Cinnamon Buns,Cinnamon Sugar Filling,1/4 cup melted coconut oil,0.25,cup,Coconut Oil,melted,
dc209559-b3d8-483e-a245-bccb8e3b736c|2|0,Gluten Free Cinnamon Buns,Cream Cheese Frosting,8 oz vegan or regular cream cheese,8,oz,Vegan,or regular cream cheese,
dc209559-b3d8-483e-a245-bccb8e3b736c|2|1,Gluten Free Cinnamon Buns,Cream Cheese Frosting,3/4 cup powdered sugar,0.75,cup,Powdered Sugar,,
dc209559-b3d8-483e-a245-bccb8e3b736c|2|2,Gluten Free Cinnamon Buns,Cream Cheese Frosting,1 tsp vanilla extract,1,tsp,Vanilla Extract,,
220db921-3512-4e98-a0c3-cc4fc6f1bdca|0|0,Gochujang Prawn Noodle Soup,Main,200g king prawns,200,g,King Prawn,,
220db921-3512-4e98-a0c3-cc4fc6f1bdca|0|1,Gochujang Prawn Noodle Soup,Main,3 cloves of garlic,3,clove,Garlic,,
220db921-3512-4e98-a0c3-cc4fc6f1bdca|0|2,Gochujang Prawn Noodle Soup,Main,1 sprig of spring onion,1,sprig,Spring Onion,,
220db921-3512-4e98-a0c3-cc4fc6f1bdca|0|3,Gochujang Prawn Noodle Soup,Main,2 udon nests,2,,Udon Noodles,,
220db921-3512-4e98-a0c3-cc4fc6f1bdca|0|4,Gochujang Prawn Noodle Soup,Main,"Fresh chives, sesame seeds and fried shallots to serve",,,Chives,sesame seeds and fried shallots to serve,
220db921-3512-4e98-a0c3-cc4fc6f1bdca|1|0,Gochujang Prawn Noodle Soup,Sauce,1 heaped tbsp gochujang paste,1,tbsp,Gochujang Paste,heaped,
220db921-3512-4e98-a0c3-cc4fc6f1bdca|1|1,Gochujang Prawn Noodle Soup,Sauce,4-5 sun dried tomatoes,4,,Sun-dried Tomatoes,range,
220db921-3512-4e98-a0c3-cc4fc6f1bdca|1|2,Gochujang Prawn Noodle Soup,Sauce,1 tbsp rice wine vinegar,1,tbsp,Rice Vinegar,,
220db921-3512-4e98-a0c3-cc4fc6f1bdca|1|3,Gochujang Prawn Noodle Soup,Sauce,1 tbsp sesame oil,1,tbsp,Sesame Oil,,
220db921-3512-4e98-a0c3-cc4fc6f1bdca|1|4,Gochujang Prawn Noodle Soup,Sauce,1 tbsp soy sauce,1,tbsp,Soy Sauce,,
220db921-3512-4e98-a0c3-cc4fc6f1bdca|1|5,Gochujang Prawn Noodle Soup,Sauce,100ml or so chicken stock,100,ml,Chicken Stock,or so chicken stock,
c61aa325-75b8-4ff7-9f54-3c0e3603a8de|0|0,Golden Coconut Chicken Curry,Curry,3 tbsp coconut oil (sub vegetable or canola oil),3,tbsp,Coconut Oil,sub vegetable or canola oil,
c61aa325-75b8-4ff7-9f54-3c0e3603a8de|0|1,Golden Coconut Chicken Curry,Curry,3 star anise,3,,Star Anise,,
c61aa325-75b8-4ff7-9f54-3c0e3603a8de|0|2,Golden Coconut Chicken Curry,Curry,1 cinnamon stick,1,,Cinnamon Stick,,
c61aa325-75b8-4ff7-9f54-3c0e3603a8de|0|3,Golden Coconut Chicken Curry,Curry,"1 onion, finely diced",1,,Yellow Onion,finely diced,
c61aa325-75b8-4ff7-9f54-3c0e3603a8de|0|4,Golden Coconut Chicken Curry,Curry,"500g (1 lb) chicken thigh fillets, cut into 1cm slices",500,g,Chicken Thigh,1 lb; 1cm piece; fillets; cut into slices,
c61aa325-75b8-4ff7-9f54-3c0e3603a8de|0|5,Golden Coconut Chicken Curry,Curry,"1 tsp garlic, finely grated",1,tsp,Garlic,finely grated,
c61aa325-75b8-4ff7-9f54-3c0e3603a8de|0|6,Golden Coconut Chicken Curry,Curry,"1 tsp ginger, finely grated",1,tsp,Ginger,finely grated,
c61aa325-75b8-4ff7-9f54-3c0e3603a8de|0|7,Golden Coconut Chicken Curry,Curry,"3 tsp fresh turmeric, finely grated (sub 1½ tsp powder)",3,tsp,Turmeric Powder,sub 1½ tsp powder; finely grated,
c61aa325-75b8-4ff7-9f54-3c0e3603a8de|0|8,Golden Coconut Chicken Curry,Curry,"2 cups (500ml) chicken stock or broth, low sodium",2,cup,Chicken Stock,"500ml; or broth, low sodium",
c61aa325-75b8-4ff7-9f54-3c0e3603a8de|0|9,Golden Coconut Chicken Curry,Curry,400g (14oz) coconut cream (sub coconut milk),400,g,Coconut Cream,14oz; sub coconut milk,
c61aa325-75b8-4ff7-9f54-3c0e3603a8de|0|10,Golden Coconut Chicken Curry,Curry,"1 large head broccoli, florets cut small (~4 heaped cups)",1,head,Broccoli,~4 heaped cups; florets cut small,
c61aa325-75b8-4ff7-9f54-3c0e3603a8de|0|11,Golden Coconut Chicken Curry,Curry,"1 cup coriander/cilantro leaves, plus extra to garnish",1,cup,Coriander,plus extra to garnish,
c61aa325-75b8-4ff7-9f54-3c0e3603a8de|1|0,Golden Coconut Chicken Curry,Spice Mix,"1½ tsp each: cooking salt, garam masala, ground coriander",1,,Cooking Salt,"garam masala,  ground coriander",
c61aa325-75b8-4ff7-9f54-3c0e3603a8de|1|1,Golden Coconut Chicken Curry,Spice Mix,"½ tsp each: ground cumin, fennel powder (sub extra garam masala)",0.5,tsp,Cumin,sub extra garam masala; fennel powder,
c61aa325-75b8-4ff7-9f54-3c0e3603a8de|2|0,Golden Coconut Chicken Curry,To Serve,Rice,,,Rice,,
c61aa325-75b8-4ff7-9f54-3c0e3603a8de|2|1,Golden Coconut Chicken Curry,To Serve,Crispy fried shallots (check GF brand),,,Crispy Fried Shallot,check GF brand,
8266187c-9c0d-4d56-98f5-14c45a213a15|0|0,Greek Chicken Gyros Protein Filling,Main,160g shredded roast chicken breast (or thigh),160,g,Roast Chicken Breast,or thigh; shredded,
8266187c-9c0d-4d56-98f5-14c45a213a15|0|1,Greek Chicken Gyros Protein Filling,Main,2 heaped tbsp full-fat Greek yoghurt (sub soya yoghurt to keep DF),2,tbsp,Greek Yoghurt,heaped; sub soya yoghurt to keep DF,
8266187c-9c0d-4d56-98f5-14c45a213a15|0|2,Greek Chicken Gyros Protein Filling,Main,"½ red onion, finely diced",0.5,,Red Onion,finely diced,
8266187c-9c0d-4d56-98f5-14c45a213a15|0|3,Greek Chicken Gyros Protein Filling,Main,"2 medium tomatoes, deseeded and diced",2,,Tomatoes,deseeded and diced,
8266187c-9c0d-4d56-98f5-14c45a213a15|0|4,Greek Chicken Gyros Protein Filling,Main,"½ cucumber, deseeded and grated",0.5,,Cucumber,deseeded and grated,
8266187c-9c0d-4d56-98f5-14c45a213a15|0|5,Greek Chicken Gyros Protein Filling,Main,½ tsp dried oregano,0.5,tsp,Oregano,,
8266187c-9c0d-4d56-98f5-14c45a213a15|0|6,Greek Chicken Gyros Protein Filling,Main,½ tsp smoked paprika,0.5,tsp,Smoked Paprika,,
8266187c-9c0d-4d56-98f5-14c45a213a15|0|7,Greek Chicken Gyros Protein Filling,Main,1 tsp garlic granules,1,tsp,Garlic Granules,,
8266187c-9c0d-4d56-98f5-14c45a213a15|0|8,Greek Chicken Gyros Protein Filling,Main,1 tsp honey,1,tsp,Honey,,
8266187c-9c0d-4d56-98f5-14c45a213a15|0|9,Greek Chicken Gyros Protein Filling,Main,Zest of 1 lemon,,,Lemon Zest,,
8266187c-9c0d-4d56-98f5-14c45a213a15|0|10,Greek Chicken Gyros Protein Filling,Main,"1 tbsp fresh dill, chopped",1,tbsp,Dill,chopped,
8266187c-9c0d-4d56-98f5-14c45a213a15|0|11,Greek Chicken Gyros Protein Filling,Main,"Red wine vinegar, to taste",,,Red Wine Vinegar,to taste,
8266187c-9c0d-4d56-98f5-14c45a213a15|0|12,Greek Chicken Gyros Protein Filling,Main,"Black pepper, to taste",,,Black Pepper,to taste,
8266187c-9c0d-4d56-98f5-14c45a213a15|1|0,Greek Chicken Gyros Protein Filling,To Serve,Warm flatbreads or GF wraps,,,Flatbread,or GF wraps,
8266187c-9c0d-4d56-98f5-14c45a213a15|1|1,Greek Chicken Gyros Protein Filling,To Serve,Lettuce leaves,,,Lettuce,,
8266187c-9c0d-4d56-98f5-14c45a213a15|1|2,Greek Chicken Gyros Protein Filling,To Serve,Tomato slices,,,Tomato,,
8266187c-9c0d-4d56-98f5-14c45a213a15|1|3,Greek Chicken Gyros Protein Filling,To Serve,Fries (optional),,,Fry,optional,
18527256-3c54-40b9-850c-d58c29981cd7|0|0,Greek Yogurt Raspberry Blueberry Bake,Main,3/4 cup plain Greek yogurt,0.75,cup,Greek Yoghurt,,
18527256-3c54-40b9-850c-d58c29981cd7|0|1,Greek Yogurt Raspberry Blueberry Bake,Main,2 tbsp maple syrup,2,tbsp,Maple Syrup,,
18527256-3c54-40b9-850c-d58c29981cd7|0|2,Greek Yogurt Raspberry Blueberry Bake,Main,1 large egg,1,,Egg,,
18527256-3c54-40b9-850c-d58c29981cd7|0|3,Greek Yogurt Raspberry Blueberry Bake,Main,Raspberries and blueberries,,,Raspberry,,split
18527256-3c54-40b9-850c-d58c29981cd7|0|3-2,Greek Yogurt Raspberry Blueberry Bake,Main,Raspberries and blueberries,,,Blueberry,(split — set qty),split
670b465e-5410-484c-9e61-dc591037a186|0|0,Green Goddess Chicken Prep Mix,Salad,"200g cooked chicken breast, shredded",200,g,Chicken Breast,shredded,
670b465e-5410-484c-9e61-dc591037a186|0|1,Green Goddess Chicken Prep Mix,Salad,"½ medium avocado, diced",0.5,,Avocado,diced,
670b465e-5410-484c-9e61-dc591037a186|0|2,Green Goddess Chicken Prep Mix,Salad,"¼ small cucumber, diced",0.25,,Cucumber,diced,
670b465e-5410-484c-9e61-dc591037a186|0|3,Green Goddess Chicken Prep Mix,Salad,"¼ small white cabbage, shredded",0.25,,White Cabbage,shredded,
670b465e-5410-484c-9e61-dc591037a186|1|0,Green Goddess Chicken Prep Mix,Green Goddess Dressing,"1 large spring onion, roughly chopped",1,,Spring Onion,roughly chopped,
670b465e-5410-484c-9e61-dc591037a186|1|1,Green Goddess Chicken Prep Mix,Green Goddess Dressing,large handful fresh basil and parsley,,,Basil And Parsley,,
670b465e-5410-484c-9e61-dc591037a186|1|2,Green Goddess Chicken Prep Mix,Green Goddess Dressing,1 tsp garlic granules,1,tsp,Garlic Granules,,
670b465e-5410-484c-9e61-dc591037a186|1|3,Green Goddess Chicken Prep Mix,Green Goddess Dressing,1 tsp Dijon mustard,1,tsp,Dijon Mustard,,
670b465e-5410-484c-9e61-dc591037a186|1|4,Green Goddess Chicken Prep Mix,Green Goddess Dressing,1 tsp honey,1,tsp,Honey,,
670b465e-5410-484c-9e61-dc591037a186|1|5,Green Goddess Chicken Prep Mix,Green Goddess Dressing,1 heaped tbsp Greek yoghurt,1,tbsp,Greek Yoghurt,heaped,
670b465e-5410-484c-9e61-dc591037a186|1|6,Green Goddess Chicken Prep Mix,Green Goddess Dressing,1 tbsp red wine vinegar,1,tbsp,Red Wine Vinegar,,
670b465e-5410-484c-9e61-dc591037a186|1|7,Green Goddess Chicken Prep Mix,Green Goddess Dressing,1 tbsp nutritional yeast,1,tbsp,Nutritional Yeast,,
860ae212-ace8-4b8f-81d6-ae4f4a508952|0|0,Green Goddess Pasta Salad,Pasta Salad,1 box protein pasta,1,,Protein Pasta,,
860ae212-ace8-4b8f-81d6-ae4f4a508952|0|1,Green Goddess Pasta Salad,Pasta Salad,"1 bunch asparagus, cut into 1in pieces (can blanch if preferred)",1,bunch,Asparagus,can blanch if preferred; cut into 1in pieces,
860ae212-ace8-4b8f-81d6-ae4f4a508952|0|2,Green Goddess Pasta Salad,Pasta Salad,"1 European cucumber, diced",1,,European Cucumber,diced,
860ae212-ace8-4b8f-81d6-ae4f4a508952|0|3,Green Goddess Pasta Salad,Pasta Salad,"1 cup sugar snap peas, diced",1,cup,Sugar Snap Peas,diced,
860ae212-ace8-4b8f-81d6-ae4f4a508952|0|4,Green Goddess Pasta Salad,Pasta Salad,1 cup feta cheese,1,cup,Feta,,
860ae212-ace8-4b8f-81d6-ae4f4a508952|1|0,Green Goddess Pasta Salad,Green Goddess Dressing,1 cup basil,1,cup,Basil,,
860ae212-ace8-4b8f-81d6-ae4f4a508952|1|1,Green Goddess Pasta Salad,Green Goddess Dressing,1 cup spinach,1,cup,Spinach,,
860ae212-ace8-4b8f-81d6-ae4f4a508952|1|2,Green Goddess Pasta Salad,Green Goddess Dressing,1/2 shallot,0.5,,Shallot,,
860ae212-ace8-4b8f-81d6-ae4f4a508952|1|3,Green Goddess Pasta Salad,Green Goddess Dressing,3 green onions,3,,Green Onion,,
860ae212-ace8-4b8f-81d6-ae4f4a508952|1|4,Green Goddess Pasta Salad,Green Goddess Dressing,2 cloves garlic,2,clove,Garlic,,
860ae212-ace8-4b8f-81d6-ae4f4a508952|1|5,Green Goddess Pasta Salad,Green Goddess Dressing,1/4 cup pumpkin seeds,0.25,cup,Pumpkin Seeds,,
860ae212-ace8-4b8f-81d6-ae4f4a508952|1|6,Green Goddess Pasta Salad,Green Goddess Dressing,1/3 cup nutritional yeast,0.333,cup,Nutritional Yeast,,
860ae212-ace8-4b8f-81d6-ae4f4a508952|1|7,Green Goddess Pasta Salad,Green Goddess Dressing,3 tbsp olive oil,3,tbsp,Olive Oil,,
860ae212-ace8-4b8f-81d6-ae4f4a508952|1|8,Green Goddess Pasta Salad,Green Goddess Dressing,3 tbsp water (plus more to thin),3,tbsp,Water,plus more to thin,
860ae212-ace8-4b8f-81d6-ae4f4a508952|1|9,Green Goddess Pasta Salad,Green Goddess Dressing,1 tbsp rice vinegar,1,tbsp,Rice Vinegar,,
860ae212-ace8-4b8f-81d6-ae4f4a508952|1|10,Green Goddess Pasta Salad,Green Goddess Dressing,Juice of 1 lemon,,,Lemon Juice,,
860ae212-ace8-4b8f-81d6-ae4f4a508952|1|11,Green Goddess Pasta Salad,Green Goddess Dressing,1 tsp salt (plus more to taste),1,tsp,Salt,plus more to taste,
0fef06bb-a9c4-44b4-9305-b2671dc82b5e|0|0,Halloween Chocolate Almond Butter Balls,Main,3/4 cup almond butter,0.75,cup,Almond Butter,,
0fef06bb-a9c4-44b4-9305-b2671dc82b5e|0|1,Halloween Chocolate Almond Butter Balls,Main,1 cup ground almonds,1,cup,Almond,,
0fef06bb-a9c4-44b4-9305-b2671dc82b5e|0|2,Halloween Chocolate Almond Butter Balls,Main,1/4 cup black cocoa powder,0.25,cup,Black Cocoa Powder,,
0fef06bb-a9c4-44b4-9305-b2671dc82b5e|0|3,Halloween Chocolate Almond Butter Balls,Main,"1 scoop chocolate protein powder (optional, or sub oat flour)",1,scoop,Chocolate Protein Powder,"optional, or sub oat flour",
0fef06bb-a9c4-44b4-9305-b2671dc82b5e|0|4,Halloween Chocolate Almond Butter Balls,Main,1/3 cup maple or agave syrup,0.333,cup,Maple Syrup,or agave syrup,
0fef06bb-a9c4-44b4-9305-b2671dc82b5e|0|5,Halloween Chocolate Almond Butter Balls,Main,Big dash vanilla,1,dash,Vanilla,,
0fef06bb-a9c4-44b4-9305-b2671dc82b5e|0|6,Halloween Chocolate Almond Butter Balls,Main,Big pinch salt,1,pinch,Salt,,
7c24a99e-1525-4bfa-beab-9dc5cd404f71|0|0,Harissa Chicken with Roasted Veg and Feta,,1 red onion,1,,Red Onion,,
7c24a99e-1525-4bfa-beab-9dc5cd404f71|0|1,Harissa Chicken with Roasted Veg and Feta,,1 red pepper,1,,Red Bell Pepper,,
7c24a99e-1525-4bfa-beab-9dc5cd404f71|0|2,Harissa Chicken with Roasted Veg and Feta,,10 cherry tomatoes,10,,Cherry Tomatoes,,
7c24a99e-1525-4bfa-beab-9dc5cd404f71|0|3,Harissa Chicken with Roasted Veg and Feta,,2 chicken thighs,2,,Chicken Thigh,,
7c24a99e-1525-4bfa-beab-9dc5cd404f71|0|4,Harissa Chicken with Roasted Veg and Feta,,1 tbsp olives,1,tbsp,Olive,,
7c24a99e-1525-4bfa-beab-9dc5cd404f71|0|5,Harissa Chicken with Roasted Veg and Feta,,⅓ tin chickpeas,0.333,tin,Chickpeas,,
7c24a99e-1525-4bfa-beab-9dc5cd404f71|0|6,Harissa Chicken with Roasted Veg and Feta,,1 heaped tsp harissa,1,tsp,Harissa,heaped,
7c24a99e-1525-4bfa-beab-9dc5cd404f71|0|7,Harissa Chicken with Roasted Veg and Feta,,1 tsp smoked paprika,1,tsp,Smoked Paprika,,
7c24a99e-1525-4bfa-beab-9dc5cd404f71|0|8,Harissa Chicken with Roasted Veg and Feta,,1 tsp cumin,1,tsp,Cumin,,
7c24a99e-1525-4bfa-beab-9dc5cd404f71|0|9,Harissa Chicken with Roasted Veg and Feta,,½ lemon,0.5,,Lemon,,
7c24a99e-1525-4bfa-beab-9dc5cd404f71|0|10,Harissa Chicken with Roasted Veg and Feta,,1 tbsp honey,1,tbsp,Honey,,
7c24a99e-1525-4bfa-beab-9dc5cd404f71|1|0,Harissa Chicken with Roasted Veg and Feta,Garnish,feta,,,Feta,,
7c24a99e-1525-4bfa-beab-9dc5cd404f71|1|1,Harissa Chicken with Roasted Veg and Feta,Garnish,fresh parsley,,,Parsley,,
c0ec0578-8e48-4c54-a48d-0cc3a9f85af2|0|0,Healthy Grass Fed Gelatin Chocolate Mousse,Main,"1 tbsp grass-fed gelatin, bloomed in 1/2 cup water",1,tbsp,Gras-fed Gelatin,bloomed in 1/2 cup water,
c0ec0578-8e48-4c54-a48d-0cc3a9f85af2|0|1,Healthy Grass Fed Gelatin Chocolate Mousse,Main,1 cup Greek yogurt,1,cup,Greek Yoghurt,,
c0ec0578-8e48-4c54-a48d-0cc3a9f85af2|0|2,Healthy Grass Fed Gelatin Chocolate Mousse,Main,2 tbsp cacao powder,2,tbsp,Cacao Powder,,
c0ec0578-8e48-4c54-a48d-0cc3a9f85af2|0|3,Healthy Grass Fed Gelatin Chocolate Mousse,Main,2 tbsp coconut sugar (optional),2,tbsp,Coconut Sugar,optional,
9fd17cbe-3921-4cd2-af60-7f09946fc5c7|0|0,Healthy Lemon Bars,Main,Juice from 3 lemons,,,Lemon Juice,,
9fd17cbe-3921-4cd2-af60-7f09946fc5c7|0|1,Healthy Lemon Bars,Main,1/4 cup coconut oil,0.25,cup,Coconut Oil,,
9fd17cbe-3921-4cd2-af60-7f09946fc5c7|0|2,Healthy Lemon Bars,Main,1/2 cup maple syrup,0.5,cup,Maple Syrup,,
9fd17cbe-3921-4cd2-af60-7f09946fc5c7|0|3,Healthy Lemon Bars,Main,1/4 tsp lemon or almond extract,0.25,tsp,Lemon,or almond extract,
9fd17cbe-3921-4cd2-af60-7f09946fc5c7|0|4,Healthy Lemon Bars,Main,1 1/2 cups almond flour,1.5,cup,Almond Flour,,
9fd17cbe-3921-4cd2-af60-7f09946fc5c7|0|5,Healthy Lemon Bars,Main,1/8 cup + 1 tbsp coconut flour,0.125,cup,Coconut Flour,,
9fd17cbe-3921-4cd2-af60-7f09946fc5c7|0|6,Healthy Lemon Bars,Main,1/4 tsp salt,0.25,tsp,Salt,,
9fd17cbe-3921-4cd2-af60-7f09946fc5c7|0|7,Healthy Lemon Bars,Main,Zest from 1 lemon,,,Lemon Zest,,
9fd17cbe-3921-4cd2-af60-7f09946fc5c7|0|8,Healthy Lemon Bars,Main,4 eggs,4,,Egg,,
50583118-7c20-4d18-bdda-0f34d5581cd0|0|0,Healthy Orange & Cashew Chicken,Sauce,juice of 1 large orange and 1 tsp zest,,,Juice Orange And Zest,,
50583118-7c20-4d18-bdda-0f34d5581cd0|0|1,Healthy Orange & Cashew Chicken,Sauce,1 tsp garlic granules,1,tsp,Garlic Granules,,
50583118-7c20-4d18-bdda-0f34d5581cd0|0|2,Healthy Orange & Cashew Chicken,Sauce,1 small tsp ginger puree,1,tsp,Ginger Puree,,
50583118-7c20-4d18-bdda-0f34d5581cd0|0|3,Healthy Orange & Cashew Chicken,Sauce,1 tsp toasted sesame oil,1,tsp,Sesame Oil,toasted,
50583118-7c20-4d18-bdda-0f34d5581cd0|0|4,Healthy Orange & Cashew Chicken,Sauce,4 tbsp light soy sauce,4,tbsp,Light Soy Sauce,,
50583118-7c20-4d18-bdda-0f34d5581cd0|0|5,Healthy Orange & Cashew Chicken,Sauce,2 tbsp rice vinegar,2,tbsp,Rice Vinegar,,
50583118-7c20-4d18-bdda-0f34d5581cd0|0|6,Healthy Orange & Cashew Chicken,Sauce,2 tbsp tomato puree,2,tbsp,Tomato Puree,,
50583118-7c20-4d18-bdda-0f34d5581cd0|1|0,Healthy Orange & Cashew Chicken,Chicken,"300g diced chicken breast, cut into chunks",300,g,Chicken Breast,diced; cut into chunks,
50583118-7c20-4d18-bdda-0f34d5581cd0|1|1,Healthy Orange & Cashew Chicken,Chicken,2 spring onions,2,,Spring Onion,,
50583118-7c20-4d18-bdda-0f34d5581cd0|1|2,Healthy Orange & Cashew Chicken,Chicken,1 tbsp corn flour,1,tbsp,Cornstarch,,
50583118-7c20-4d18-bdda-0f34d5581cd0|1|3,Healthy Orange & Cashew Chicken,Chicken,1 tsp garlic granules,1,tsp,Garlic Granules,,
50583118-7c20-4d18-bdda-0f34d5581cd0|1|4,Healthy Orange & Cashew Chicken,Chicken,small handful cashews,,,Cashew,,
50583118-7c20-4d18-bdda-0f34d5581cd0|2|0,Healthy Orange & Cashew Chicken,To Serve,250g precooked brown rice,250,g,Brown Rice,,
50583118-7c20-4d18-bdda-0f34d5581cd0|2|1,Healthy Orange & Cashew Chicken,To Serve,"½ medium avocado, sliced",0.5,,Avocado,sliced,
50583118-7c20-4d18-bdda-0f34d5581cd0|2|2,Healthy Orange & Cashew Chicken,To Serve,"cucumber and carrot, peeled into ribbons",,,Cucumber,peeled into ribbons,split
50583118-7c20-4d18-bdda-0f34d5581cd0|2|2-2,Healthy Orange & Cashew Chicken,To Serve,"cucumber and carrot, peeled into ribbons",,,Carrot,peeled into ribbons; (split — set qty),split
b25ddf73-e118-4a4a-abd2-fcaf1dbfbf94|0|0,High Fibre Sticky Toffee Oats,Oats,"4 dates, chopped",4,,Date,chopped,
b25ddf73-e118-4a4a-abd2-fcaf1dbfbf94|0|1,High Fibre Sticky Toffee Oats,Oats,50g oats,50,g,Oats,,
b25ddf73-e118-4a4a-abd2-fcaf1dbfbf94|0|2,High Fibre Sticky Toffee Oats,Oats,1 tsp vanilla extract,1,tsp,Vanilla Extract,,
b25ddf73-e118-4a4a-abd2-fcaf1dbfbf94|0|3,High Fibre Sticky Toffee Oats,Oats,1/2 tsp baking powder,0.5,tsp,Baking Powder,,
b25ddf73-e118-4a4a-abd2-fcaf1dbfbf94|0|4,High Fibre Sticky Toffee Oats,Oats,200ml milk,200,ml,Milk,,
b25ddf73-e118-4a4a-abd2-fcaf1dbfbf94|0|5,High Fibre Sticky Toffee Oats,Oats,1 tbsp hemp seeds,1,tbsp,Hemp Seed,,
b25ddf73-e118-4a4a-abd2-fcaf1dbfbf94|0|6,High Fibre Sticky Toffee Oats,Oats,1/2 tsp cinnamon,0.5,tsp,Cinnamon,,
b25ddf73-e118-4a4a-abd2-fcaf1dbfbf94|0|7,High Fibre Sticky Toffee Oats,Oats,Pinch ground cloves,1,pinch,Clove,,
b25ddf73-e118-4a4a-abd2-fcaf1dbfbf94|0|8,High Fibre Sticky Toffee Oats,Oats,1/4 tsp nutmeg,0.25,tsp,Nutmeg,,
b25ddf73-e118-4a4a-abd2-fcaf1dbfbf94|0|9,High Fibre Sticky Toffee Oats,Oats,1 tsp demerara sugar,1,tsp,Demerara Sugar,,
b25ddf73-e118-4a4a-abd2-fcaf1dbfbf94|1|0,High Fibre Sticky Toffee Oats,To Serve,2 tbsp vanilla yoghurt,2,tbsp,Vanilla Plain Yoghurt,,
b25ddf73-e118-4a4a-abd2-fcaf1dbfbf94|1|1,High Fibre Sticky Toffee Oats,To Serve,Handful of pecans (optionally toasted),1,handful,Pecans,optionally toasted,
b25ddf73-e118-4a4a-abd2-fcaf1dbfbf94|1|2,High Fibre Sticky Toffee Oats,To Serve,Mix of chia seeds and pumpkin seeds,,,Chia Seed,,split
b25ddf73-e118-4a4a-abd2-fcaf1dbfbf94|1|2-2,High Fibre Sticky Toffee Oats,To Serve,Mix of chia seeds and pumpkin seeds,,,Pumpkin Seeds,(split — set qty),split
b25ddf73-e118-4a4a-abd2-fcaf1dbfbf94|1|3,High Fibre Sticky Toffee Oats,To Serve,Drizzle of maple syrup,,,Maple Syrup,,
ec6ade0d-e6ab-4fe5-bf09-849d119335b1|0|0,High Protein Asian Crispy Rice Salad,Crispy Rice,1¼ cups dry jasmine rice (sub Kaizen high-protein rice if available for a protein boost),1,,Jasmine Rice,sub Kaizen high-protein rice if available for a protein boost,
ec6ade0d-e6ab-4fe5-bf09-849d119335b1|1|0,High Protein Asian Crispy Rice Salad,Salad,"5–6 Persian cucumbers (~400g total), thinly sliced",5,,Persian Cucumber,~400g total; range; thinly sliced,
ec6ade0d-e6ab-4fe5-bf09-849d119335b1|1|1,High Protein Asian Crispy Rice Salad,Salad,"Large handful fresh coriander, roughly chopped",,,Coriander,roughly chopped,
ec6ade0d-e6ab-4fe5-bf09-849d119335b1|1|2,High Protein Asian Crispy Rice Salad,Salad,Large handful fresh mint,,,Mint,,
ec6ade0d-e6ab-4fe5-bf09-849d119335b1|1|3,High Protein Asian Crispy Rice Salad,Salad,"1 shallot, thinly sliced",1,,Shallot,thinly sliced,
ec6ade0d-e6ab-4fe5-bf09-849d119335b1|1|4,High Protein Asian Crispy Rice Salad,Salad,"⅓ cup (45g) dry roasted peanuts, roughly chopped",0.333,cup,Peanuts,45g; roughly chopped,
ec6ade0d-e6ab-4fe5-bf09-849d119335b1|2|0,High Protein Asian Crispy Rice Salad,Dressing,Juice of 1 large lime,,,Lime Juice,,
ec6ade0d-e6ab-4fe5-bf09-849d119335b1|2|1,High Protein Asian Crispy Rice Salad,Dressing,2½ tbsp fish sauce,2,,Fish Sauce,,
ec6ade0d-e6ab-4fe5-bf09-849d119335b1|2|2,High Protein Asian Crispy Rice Salad,Dressing,"2 garlic cloves, finely minced",2,,Garlic Clove,finely minced,
ec6ade0d-e6ab-4fe5-bf09-849d119335b1|2|3,High Protein Asian Crispy Rice Salad,Dressing,1 tsp fresh minced ginger,1,tsp,Ginger,,
ec6ade0d-e6ab-4fe5-bf09-849d119335b1|2|4,High Protein Asian Crispy Rice Salad,Dressing,1–2 tbsp garlic chilli crunch (e.g. Fly by Jing),1,tbsp,Garlic Chilli Crunch,e.g. Fly by Jing; range,
ec6ade0d-e6ab-4fe5-bf09-849d119335b1|2|5,High Protein Asian Crispy Rice Salad,Dressing,1–2 tbsp powdered monkfruit sweetener or alternative sweetener,1,tbsp,Powdered Monkfruit Sweetener,or alternative sweetener; range,
ad1b8c33-0302-4b35-9e64-072281c9fc1c|0|0,High Protein Brownie Bowl,Main,1/4 cup egg whites (or 1 egg),0.25,cup,Liquid Egg White,or 1 egg,
ad1b8c33-0302-4b35-9e64-072281c9fc1c|0|1,High Protein Brownie Bowl,Main,50g vanilla Greek yogurt,50,g,Vanilla Greek Yoghurt,,
ad1b8c33-0302-4b35-9e64-072281c9fc1c|0|2,High Protein Brownie Bowl,Main,1 tsp vanilla extract,1,tsp,Vanilla Extract,,
ad1b8c33-0302-4b35-9e64-072281c9fc1c|0|3,High Protein Brownie Bowl,Main,1 tbsp honey or maple syrup,1,tbsp,Honey,or maple syrup,
ad1b8c33-0302-4b35-9e64-072281c9fc1c|0|4,High Protein Brownie Bowl,Main,28g (1/4 cup) pancake mix,28,g,Pancake Mix,1/4 cup,
ad1b8c33-0302-4b35-9e64-072281c9fc1c|0|5,High Protein Brownie Bowl,Main,1 tsp baking powder,1,tsp,Baking Powder,,
ad1b8c33-0302-4b35-9e64-072281c9fc1c|0|6,High Protein Brownie Bowl,Main,10g (2 tbsp) cocoa powder,10,g,Cocoa Powder,2 tbsp,
ad1b8c33-0302-4b35-9e64-072281c9fc1c|0|7,High Protein Brownie Bowl,Main,Splash of milk,1,,Milk,,
f8c25ec0-5fa2-4d44-ad4b-d3a299c131df|0|0,High Protein Carrot Cake Overnight Oats,Main,1/3 cup oats,0.333,cup,Oats,,
f8c25ec0-5fa2-4d44-ad4b-d3a299c131df|0|1,High Protein Carrot Cake Overnight Oats,Main,2 tbsp chia seeds,2,tbsp,Chia Seed,,
f8c25ec0-5fa2-4d44-ad4b-d3a299c131df|0|2,High Protein Carrot Cake Overnight Oats,Main,1/2 cup plain Greek yogurt,0.5,cup,Greek Yoghurt,,
f8c25ec0-5fa2-4d44-ad4b-d3a299c131df|0|3,High Protein Carrot Cake Overnight Oats,Main,1 cup milk or plant-based milk,1,cup,Milk,or plant-based milk,
f8c25ec0-5fa2-4d44-ad4b-d3a299c131df|0|4,High Protein Carrot Cake Overnight Oats,Main,1 tsp maple syrup,1,tsp,Maple Syrup,,
f8c25ec0-5fa2-4d44-ad4b-d3a299c131df|0|5,High Protein Carrot Cake Overnight Oats,Main,1 scoop vanilla protein powder,1,scoop,Vanilla Protein Powder,,
f8c25ec0-5fa2-4d44-ad4b-d3a299c131df|0|6,High Protein Carrot Cake Overnight Oats,Main,1/2 tsp cinnamon,0.5,tsp,Cinnamon,,
f8c25ec0-5fa2-4d44-ad4b-d3a299c131df|0|7,High Protein Carrot Cake Overnight Oats,Main,"1 carrot, shredded",1,,Carrot,shredded,
df269aff-dc4f-4241-9c03-9476fb09eb03|0|0,High Protein Chicken Enchilada Bake,,1 tbsp avocado oil,1,tbsp,Avocado Oil,,
df269aff-dc4f-4241-9c03-9476fb09eb03|0|1,High Protein Chicken Enchilada Bake,,"1 yellow onion, finely diced",1,,Yellow Onion,finely diced,
df269aff-dc4f-4241-9c03-9476fb09eb03|0|2,High Protein Chicken Enchilada Bake,,"1.5 heaping cups broccoli, finely diced",1.5,cup,Broccoli,heaping; finely diced,
df269aff-dc4f-4241-9c03-9476fb09eb03|0|3,High Protein Chicken Enchilada Bake,,"1 cup baby spinach, chopped",1,cup,Spinach,chopped,
df269aff-dc4f-4241-9c03-9476fb09eb03|0|4,High Protein Chicken Enchilada Bake,,½ tsp salt,0.5,tsp,Salt,,
df269aff-dc4f-4241-9c03-9476fb09eb03|0|5,High Protein Chicken Enchilada Bake,,½ tsp pepper,0.5,tsp,Pepper,,
df269aff-dc4f-4241-9c03-9476fb09eb03|0|6,High Protein Chicken Enchilada Bake,,1 tsp chili powder,1,tsp,Chilli Powder,,
df269aff-dc4f-4241-9c03-9476fb09eb03|0|7,High Protein Chicken Enchilada Bake,,2 cups pre-cooked chicken,2,cup,Pre-cooked Chicken,,
df269aff-dc4f-4241-9c03-9476fb09eb03|0|8,High Protein Chicken Enchilada Bake,,15oz red enchilada sauce,15,oz,Red Enchilada Sauce,,
df269aff-dc4f-4241-9c03-9476fb09eb03|0|9,High Protein Chicken Enchilada Bake,,¾ cup plain Greek yogurt,0.75,cup,Greek Yoghurt,,
df269aff-dc4f-4241-9c03-9476fb09eb03|0|10,High Protein Chicken Enchilada Bake,,1 cup shredded Mexican cheese blend,1,cup,Mexican Cheese Blend,shredded,
df269aff-dc4f-4241-9c03-9476fb09eb03|0|11,High Protein Chicken Enchilada Bake,,"optional toppings: avocado, cilantro, green onion, jalapeño",,,Avocado,"cilantro,  green onion,  jalapeño",
b6312b7e-e566-474c-858c-d9bfc2361efc|0|0,High Protein Chickpea Flour Pancakes,Main,1 cup chickpea flour or quinoa flour,1,cup,Chickpea Flour,or quinoa flour,
b6312b7e-e566-474c-858c-d9bfc2361efc|0|1,High Protein Chickpea Flour Pancakes,Main,1 cup milk,1,cup,Milk,,
b6312b7e-e566-474c-858c-d9bfc2361efc|0|2,High Protein Chickpea Flour Pancakes,Main,1/3 cup apple sauce,0.333,cup,Apple Sauce,,
b6312b7e-e566-474c-858c-d9bfc2361efc|0|3,High Protein Chickpea Flour Pancakes,Main,Maple syrup to taste,,,Maple Syrup,to taste,
b6312b7e-e566-474c-858c-d9bfc2361efc|0|4,High Protein Chickpea Flour Pancakes,Main,2-3 scoops protein powder,2,scoop,Protein Powder,range,
b6312b7e-e566-474c-858c-d9bfc2361efc|0|5,High Protein Chickpea Flour Pancakes,Main,1/2 tsp baking soda,0.5,tsp,Baking Soda,,
b6312b7e-e566-474c-858c-d9bfc2361efc|0|6,High Protein Chickpea Flour Pancakes,Main,2 tbsp baking powder,2,tbsp,Baking Powder,,
b6312b7e-e566-474c-858c-d9bfc2361efc|0|7,High Protein Chickpea Flour Pancakes,Main,Poppy seeds (optional),,,Poppy Seed,optional,
65525470-e549-442f-b1ad-f809e3c19a25|0|0,High Protein Chocolate Lava Pudding,Main,1 egg,1,,Egg,,
65525470-e549-442f-b1ad-f809e3c19a25|0|1,High Protein Chocolate Lava Pudding,Main,20g dark chocolate,20,g,Dark Chocolate,,
65525470-e549-442f-b1ad-f809e3c19a25|0|2,High Protein Chocolate Lava Pudding,Main,50g chocolate vegan protein powder (2 scoops),50,g,Vegan Chocolate Protein Powder,2 scoops,
65525470-e549-442f-b1ad-f809e3c19a25|0|3,High Protein Chocolate Lava Pudding,Main,20g cocoa powder,20,g,Cocoa Powder,,
65525470-e549-442f-b1ad-f809e3c19a25|0|4,High Protein Chocolate Lava Pudding,Main,30g 0% Greek yogurt,30,g,Greek Yoghurt,,
65525470-e549-442f-b1ad-f809e3c19a25|0|5,High Protein Chocolate Lava Pudding,Main,80ml milk of choice,80,ml,Milk Choice,,
65525470-e549-442f-b1ad-f809e3c19a25|0|6,High Protein Chocolate Lava Pudding,Main,1/2 tsp vanilla extract,0.5,tsp,Vanilla Extract,,
65525470-e549-442f-b1ad-f809e3c19a25|0|7,High Protein Chocolate Lava Pudding,Main,Pinch of sea salt,1,pinch,Sea Salt,,
65525470-e549-442f-b1ad-f809e3c19a25|0|8,High Protein Chocolate Lava Pudding,Main,Optional: 1/2 tsp ground coffee,0.5,tsp,Coffee,,
65525470-e549-442f-b1ad-f809e3c19a25|0|9,High Protein Chocolate Lava Pudding,Main,Optional: 1 tsp honey,1,tsp,Honey,,
e710c791-3215-4751-9c3e-748a1f7f4a5d|0|0,High Protein Chocolate Loaf,Main,90g (1/3 cup) mashed banana or applesauce,90,g,Banana,1/3 cup; or applesauce; mashed,
e710c791-3215-4751-9c3e-748a1f7f4a5d|0|1,High Protein Chocolate Loaf,Main,2 eggs,2,,Egg,,
e710c791-3215-4751-9c3e-748a1f7f4a5d|0|2,High Protein Chocolate Loaf,Main,150g (1 1/2 cups) oat flour,150,g,Oat Flour,1 1/2 cups,
e710c791-3215-4751-9c3e-748a1f7f4a5d|0|3,High Protein Chocolate Loaf,Main,70g (3/4 cup) chocolate casein protein powder,70,g,Chocolate Casein Protein Powder,3/4 cup,
e710c791-3215-4751-9c3e-748a1f7f4a5d|0|4,High Protein Chocolate Loaf,Main,85g (1/2 cup) preferred sweetener (e.g. monk fruit),85,g,Preferred Sweetener,1/2 cup; e.g. monk fruit,
e710c791-3215-4751-9c3e-748a1f7f4a5d|0|5,High Protein Chocolate Loaf,Main,50g (1/2 cup) cocoa powder,50,g,Cocoa Powder,1/2 cup,
e710c791-3215-4751-9c3e-748a1f7f4a5d|0|6,High Protein Chocolate Loaf,Main,2 tsp baking powder,2,tsp,Baking Powder,,
e710c791-3215-4751-9c3e-748a1f7f4a5d|0|7,High Protein Chocolate Loaf,Main,1 1/2 tsp vanilla extract,1.5,tsp,Vanilla Extract,,
e710c791-3215-4751-9c3e-748a1f7f4a5d|0|8,High Protein Chocolate Loaf,Main,1/6 tsp salt,0.167,tsp,Salt,,
e710c791-3215-4751-9c3e-748a1f7f4a5d|0|9,High Protein Chocolate Loaf,Main,120ml (1/2 cup) milk of choice,120,ml,Milk Choice,1/2 cup,
e710c791-3215-4751-9c3e-748a1f7f4a5d|0|10,High Protein Chocolate Loaf,Main,Dark chocolate chips,,,Dark Chocolate Chip,,
ae238b62-9471-4bbb-9bc5-16c58bcaf240|0|0,High Protein Pumpkin Spice Muffins,Main,2 cups oats,2,cup,Oats,,
ae238b62-9471-4bbb-9bc5-16c58bcaf240|0|1,High Protein Pumpkin Spice Muffins,Main,1/2 cup vanilla protein powder,0.5,cup,Vanilla Protein Powder,,
ae238b62-9471-4bbb-9bc5-16c58bcaf240|0|2,High Protein Pumpkin Spice Muffins,Main,1 tsp baking soda,1,tsp,Baking Soda,,
ae238b62-9471-4bbb-9bc5-16c58bcaf240|0|3,High Protein Pumpkin Spice Muffins,Main,1/2 tsp baking powder,0.5,tsp,Baking Powder,,
ae238b62-9471-4bbb-9bc5-16c58bcaf240|0|4,High Protein Pumpkin Spice Muffins,Main,1/2 tsp salt,0.5,tsp,Salt,,
ae238b62-9471-4bbb-9bc5-16c58bcaf240|0|5,High Protein Pumpkin Spice Muffins,Main,1 tsp pumpkin pie spice,1,tsp,Pumpkin Pie Spice,,
ae238b62-9471-4bbb-9bc5-16c58bcaf240|0|6,High Protein Pumpkin Spice Muffins,Main,1 1/2 cups pumpkin puree,1.5,cup,Pumpkin Puree,,
ae238b62-9471-4bbb-9bc5-16c58bcaf240|0|7,High Protein Pumpkin Spice Muffins,Main,2 eggs,2,,Egg,,
ae238b62-9471-4bbb-9bc5-16c58bcaf240|0|8,High Protein Pumpkin Spice Muffins,Main,1/4 cup maple syrup,0.25,cup,Maple Syrup,,
ae238b62-9471-4bbb-9bc5-16c58bcaf240|0|9,High Protein Pumpkin Spice Muffins,Main,1/3 cup milk (any type),0.333,cup,Milk,any type,
ae238b62-9471-4bbb-9bc5-16c58bcaf240|0|10,High Protein Pumpkin Spice Muffins,Main,2 tsp vanilla extract,2,tsp,Vanilla Extract,,
ee04db36-3299-49fe-839a-33b2488ccee7|0|0,High Protein Tiramisu Overnight Oats,Main,40g rolled oats,40,g,Rolled Oats,,
ee04db36-3299-49fe-839a-33b2488ccee7|0|1,High Protein Tiramisu Overnight Oats,Main,30g protein powder,30,g,Protein Powder,,
ee04db36-3299-49fe-839a-33b2488ccee7|0|2,High Protein Tiramisu Overnight Oats,Main,5g chia seeds,5,g,Chia Seed,,
ee04db36-3299-49fe-839a-33b2488ccee7|0|3,High Protein Tiramisu Overnight Oats,Main,5g cocoa powder,5,g,Cocoa Powder,,
ee04db36-3299-49fe-839a-33b2488ccee7|0|4,High Protein Tiramisu Overnight Oats,Main,10ml maple syrup,10,ml,Maple Syrup,,
ee04db36-3299-49fe-839a-33b2488ccee7|0|5,High Protein Tiramisu Overnight Oats,Main,1 espresso shot,1,,Espresso Shot,,
ee04db36-3299-49fe-839a-33b2488ccee7|0|6,High Protein Tiramisu Overnight Oats,Main,80ml milk,80,ml,Milk,,
ee04db36-3299-49fe-839a-33b2488ccee7|0|7,High Protein Tiramisu Overnight Oats,Main,130g vanilla protein yoghurt,130,g,Vanilla Greek Yoghurt,,
83d05d6e-9cd1-4d09-9b68-f61f3750579b|0|0,High Protein Tuna Salad,Main,4 cans of tuna (drained),4,can,Tuna,drained,
83d05d6e-9cd1-4d09-9b68-f61f3750579b|0|1,High Protein Tuna Salad,Main,1/3 cup chopped celery,0.333,cup,Celery,chopped,
83d05d6e-9cd1-4d09-9b68-f61f3750579b|0|2,High Protein Tuna Salad,Main,1/3 cup chopped red onion,0.333,cup,Red Onion,chopped,
83d05d6e-9cd1-4d09-9b68-f61f3750579b|0|3,High Protein Tuna Salad,Main,1/3 cup chopped apple,0.333,cup,Apple,chopped,
83d05d6e-9cd1-4d09-9b68-f61f3750579b|0|4,High Protein Tuna Salad,Main,2-3 tbsp chopped fresh jalapeños,2,tbsp,Jalapeño,range; chopped,
83d05d6e-9cd1-4d09-9b68-f61f3750579b|0|5,High Protein Tuna Salad,Main,1/4 cup chopped pepperoncini,0.25,cup,Pepperoncini,chopped,
83d05d6e-9cd1-4d09-9b68-f61f3750579b|0|6,High Protein Tuna Salad,Main,1/3 cup relish (del monte),0.333,cup,Relish,del monte,
83d05d6e-9cd1-4d09-9b68-f61f3750579b|0|7,High Protein Tuna Salad,Main,Juice of half a lemon,,,Lemon Juice,,
83d05d6e-9cd1-4d09-9b68-f61f3750579b|0|8,High Protein Tuna Salad,Main,2-3 tbsp pickle juice,2,tbsp,Pickle Juice,range,
83d05d6e-9cd1-4d09-9b68-f61f3750579b|0|9,High Protein Tuna Salad,Main,1/4 cup All Day Chick Pea Protein Crunch (from Sprouts),0.25,cup,All Day Chick Pea Protein Crunch,from Sprouts,
83d05d6e-9cd1-4d09-9b68-f61f3750579b|0|10,High Protein Tuna Salad,Main,1/3 cup 0% plain Greek yogurt,0.333,cup,Greek Yoghurt,,
83d05d6e-9cd1-4d09-9b68-f61f3750579b|0|11,High Protein Tuna Salad,Main,1/4 cup light mayo,0.25,cup,Light Mayonnaise,,
83d05d6e-9cd1-4d09-9b68-f61f3750579b|0|12,High Protein Tuna Salad,Main,1/2 tsp garlic powder,0.5,tsp,Garlic Granules,,
83d05d6e-9cd1-4d09-9b68-f61f3750579b|0|13,High Protein Tuna Salad,Main,1/2 tsp onion powder,0.5,tsp,Onion Powder,,
83d05d6e-9cd1-4d09-9b68-f61f3750579b|0|14,High Protein Tuna Salad,Main,Salt & pepper to taste,,,Salt Pepper,to taste,
78b952b8-e3e7-40d0-8755-962fa5f9b692|0|0,Homemade Carrot Cake,Cake,2 whole eggs,2,,Egg,,
78b952b8-e3e7-40d0-8755-962fa5f9b692|0|1,Homemade Carrot Cake,Cake,1/2 cup plain Greek yogurt (0%),0.5,cup,Greek Yoghurt,0%,
78b952b8-e3e7-40d0-8755-962fa5f9b692|0|2,Homemade Carrot Cake,Cake,1/2 cup milk (1%),0.5,cup,Milk,1%,
78b952b8-e3e7-40d0-8755-962fa5f9b692|0|3,Homemade Carrot Cake,Cake,1 tsp vanilla extract,1,tsp,Vanilla Extract,,
78b952b8-e3e7-40d0-8755-962fa5f9b692|0|4,Homemade Carrot Cake,Cake,2 tsp coconut oil,2,tsp,Coconut Oil,,
78b952b8-e3e7-40d0-8755-962fa5f9b692|0|5,Homemade Carrot Cake,Cake,1 heaping cup flour (blended rolled oats),1,cup,Plain Flour,heaping; blended rolled oats,
78b952b8-e3e7-40d0-8755-962fa5f9b692|0|6,Homemade Carrot Cake,Cake,2 scoops vanilla protein powder,2,scoop,Vanilla Protein Powder,,
78b952b8-e3e7-40d0-8755-962fa5f9b692|0|7,Homemade Carrot Cake,Cake,1 tsp baking powder,1,tsp,Baking Powder,,
78b952b8-e3e7-40d0-8755-962fa5f9b692|0|8,Homemade Carrot Cake,Cake,1/2 tsp baking soda,0.5,tsp,Baking Soda,,
78b952b8-e3e7-40d0-8755-962fa5f9b692|0|9,Homemade Carrot Cake,Cake,1 tsp cinnamon,1,tsp,Cinnamon,,
78b952b8-e3e7-40d0-8755-962fa5f9b692|0|10,Homemade Carrot Cake,Cake,1/2 tsp ginger,0.5,tsp,Ginger,,
78b952b8-e3e7-40d0-8755-962fa5f9b692|0|11,Homemade Carrot Cake,Cake,1/3 cup sweetener (stevia or splenda brown sugar),0.333,cup,Sweetener,stevia or splenda brown sugar,
78b952b8-e3e7-40d0-8755-962fa5f9b692|0|12,Homemade Carrot Cake,Cake,1 cup grated carrot,1,cup,Carrot,grated,
78b952b8-e3e7-40d0-8755-962fa5f9b692|1|0,Homemade Carrot Cake,Icing,1/4 cup light cream cheese (95% light),0.25,cup,Low-fat Cream Cheese,95% light,
78b952b8-e3e7-40d0-8755-962fa5f9b692|1|1,Homemade Carrot Cake,Icing,1 tbsp sweetener,1,tbsp,Sweetener,,
78b952b8-e3e7-40d0-8755-962fa5f9b692|1|2,Homemade Carrot Cake,Icing,1/4 tsp vanilla,0.25,tsp,Vanilla,,
78b952b8-e3e7-40d0-8755-962fa5f9b692|1|3,Homemade Carrot Cake,Icing,Optional: 1/2 scoop vanilla protein powder,0.5,scoop,Vanilla Protein Powder,,
39a69b93-4de1-49b5-a751-fc80034d3f9b|0|0,Honey Glazed Salmon Bowls with Peach Salsa,Salmon,"1 lb salmon, cubed",1,lb,Salmon,cubed,
39a69b93-4de1-49b5-a751-fc80034d3f9b|0|1,Honey Glazed Salmon Bowls with Peach Salsa,Salmon,1 tbsp avocado oil,1,tbsp,Avocado Oil,,
39a69b93-4de1-49b5-a751-fc80034d3f9b|0|2,Honey Glazed Salmon Bowls with Peach Salsa,Salmon,2 tbsp honey,2,tbsp,Honey,,
39a69b93-4de1-49b5-a751-fc80034d3f9b|0|3,Honey Glazed Salmon Bowls with Peach Salsa,Salmon,1 lime + zest of the lime,1,,Lime Zest,,
39a69b93-4de1-49b5-a751-fc80034d3f9b|0|4,Honey Glazed Salmon Bowls with Peach Salsa,Salmon,½ tsp chili powder,0.5,tsp,Chilli Powder,,
39a69b93-4de1-49b5-a751-fc80034d3f9b|0|5,Honey Glazed Salmon Bowls with Peach Salsa,Salmon,1 tsp garlic powder,1,tsp,Garlic Granules,,
39a69b93-4de1-49b5-a751-fc80034d3f9b|0|6,Honey Glazed Salmon Bowls with Peach Salsa,Salmon,1 tsp paprika,1,tsp,Paprika,,
39a69b93-4de1-49b5-a751-fc80034d3f9b|0|7,Honey Glazed Salmon Bowls with Peach Salsa,Salmon,½ tsp kosher salt,0.5,tsp,Kosher Salt,,
39a69b93-4de1-49b5-a751-fc80034d3f9b|1|0,Honey Glazed Salmon Bowls with Peach Salsa,Peach Salsa,"2 peaches, diced",2,,Peach,diced,
39a69b93-4de1-49b5-a751-fc80034d3f9b|1|1,Honey Glazed Salmon Bowls with Peach Salsa,Peach Salsa,"1 red bell pepper, diced",1,,Red Bell Pepper,diced,
39a69b93-4de1-49b5-a751-fc80034d3f9b|1|2,Honey Glazed Salmon Bowls with Peach Salsa,Peach Salsa,"1 avocado, diced",1,,Avocado,diced,
39a69b93-4de1-49b5-a751-fc80034d3f9b|1|3,Honey Glazed Salmon Bowls with Peach Salsa,Peach Salsa,"1/3 cup red onion, diced",0.333,cup,Red Onion,diced,
39a69b93-4de1-49b5-a751-fc80034d3f9b|1|4,Honey Glazed Salmon Bowls with Peach Salsa,Peach Salsa,"3 tbsp cilantro, chopped",3,tbsp,Coriander,chopped,
39a69b93-4de1-49b5-a751-fc80034d3f9b|1|5,Honey Glazed Salmon Bowls with Peach Salsa,Peach Salsa,"1 lime, juiced",1,,Lime,juiced,
39a69b93-4de1-49b5-a751-fc80034d3f9b|1|6,Honey Glazed Salmon Bowls with Peach Salsa,Peach Salsa,½ tsp kosher salt,0.5,tsp,Kosher Salt,,
39a69b93-4de1-49b5-a751-fc80034d3f9b|2|0,Honey Glazed Salmon Bowls with Peach Salsa,Chipotle Sauce (Optional),¾ cup Greek yogurt,0.75,cup,Greek Yoghurt,,
39a69b93-4de1-49b5-a751-fc80034d3f9b|2|1,Honey Glazed Salmon Bowls with Peach Salsa,Chipotle Sauce (Optional),1 chipotle pepper in adobo sauce,1,,Chipotle Pepper In Adobo Sauce,,
39a69b93-4de1-49b5-a751-fc80034d3f9b|2|2,Honey Glazed Salmon Bowls with Peach Salsa,Chipotle Sauce (Optional),2 tsp honey,2,tsp,Honey,,
39a69b93-4de1-49b5-a751-fc80034d3f9b|2|3,Honey Glazed Salmon Bowls with Peach Salsa,Chipotle Sauce (Optional),1 tsp garlic powder,1,tsp,Garlic Granules,,
39a69b93-4de1-49b5-a751-fc80034d3f9b|2|4,Honey Glazed Salmon Bowls with Peach Salsa,Chipotle Sauce (Optional),½ tsp smoked paprika,0.5,tsp,Smoked Paprika,,
39a69b93-4de1-49b5-a751-fc80034d3f9b|2|5,Honey Glazed Salmon Bowls with Peach Salsa,Chipotle Sauce (Optional),½ tsp kosher salt,0.5,tsp,Kosher Salt,,
ff7c8c44-a49f-4dec-94c6-fcc65d092832|0|0,Honey Mustard Chicken Power Bowl,Chicken,"1 lb chicken breast, cubed",1,lb,Chicken Breast,cubed,
ff7c8c44-a49f-4dec-94c6-fcc65d092832|0|1,Honey Mustard Chicken Power Bowl,Chicken,1 tbsp olive oil,1,tbsp,Olive Oil,,
ff7c8c44-a49f-4dec-94c6-fcc65d092832|0|2,Honey Mustard Chicken Power Bowl,Chicken,2 tsp paprika,2,tsp,Paprika,,
ff7c8c44-a49f-4dec-94c6-fcc65d092832|0|3,Honey Mustard Chicken Power Bowl,Chicken,1 tsp garlic powder,1,tsp,Garlic Granules,,
ff7c8c44-a49f-4dec-94c6-fcc65d092832|0|4,Honey Mustard Chicken Power Bowl,Chicken,½ tsp salt,0.5,tsp,Salt,,
ff7c8c44-a49f-4dec-94c6-fcc65d092832|0|5,Honey Mustard Chicken Power Bowl,Chicken,¼ tsp black pepper,0.25,tsp,Black Pepper,,
ff7c8c44-a49f-4dec-94c6-fcc65d092832|1|0,Honey Mustard Chicken Power Bowl,Bowls,1 cup dry quinoa,1,cup,Dry Quinoa,,
ff7c8c44-a49f-4dec-94c6-fcc65d092832|1|1,Honey Mustard Chicken Power Bowl,Bowls,2 cups bone broth or water,2,cup,Bone Broth,or water,
ff7c8c44-a49f-4dec-94c6-fcc65d092832|1|2,Honey Mustard Chicken Power Bowl,Bowls,"1 japanese sweet potato, diced",1,,Japanese Sweet Potato,diced,
ff7c8c44-a49f-4dec-94c6-fcc65d092832|1|3,Honey Mustard Chicken Power Bowl,Bowls,"2 large carrots, peeled and cut diagonally",2,,Carrot,peeled and cut diagonally,
ff7c8c44-a49f-4dec-94c6-fcc65d092832|1|4,Honey Mustard Chicken Power Bowl,Bowls,"8 oz fresh broccolini, trimmed",8,oz,Broccolini,trimmed,
ff7c8c44-a49f-4dec-94c6-fcc65d092832|1|5,Honey Mustard Chicken Power Bowl,Bowls,2 avocados,2,,Avocado,,
ff7c8c44-a49f-4dec-94c6-fcc65d092832|2|0,Honey Mustard Chicken Power Bowl,Honey Mustard Dressing,¼ cup olive oil,0.25,cup,Olive Oil,,
ff7c8c44-a49f-4dec-94c6-fcc65d092832|2|1,Honey Mustard Chicken Power Bowl,Honey Mustard Dressing,3 tbsp Dijon mustard,3,tbsp,Dijon Mustard,,
ff7c8c44-a49f-4dec-94c6-fcc65d092832|2|2,Honey Mustard Chicken Power Bowl,Honey Mustard Dressing,2 tbsp honey,2,tbsp,Honey,,
ff7c8c44-a49f-4dec-94c6-fcc65d092832|2|3,Honey Mustard Chicken Power Bowl,Honey Mustard Dressing,"½ garlic clove, grated",0.5,,Garlic Clove,grated,
ff7c8c44-a49f-4dec-94c6-fcc65d092832|2|4,Honey Mustard Chicken Power Bowl,Honey Mustard Dressing,2 tsp apple cider vinegar,2,tsp,Apple Cider Vinegar,,
ff7c8c44-a49f-4dec-94c6-fcc65d092832|2|5,Honey Mustard Chicken Power Bowl,Honey Mustard Dressing,½ tsp salt,0.5,tsp,Salt,,
ff7c8c44-a49f-4dec-94c6-fcc65d092832|2|6,Honey Mustard Chicken Power Bowl,Honey Mustard Dressing,1 tbsp water,1,tbsp,Water,,
ff7c8c44-a49f-4dec-94c6-fcc65d092832|2|7,Honey Mustard Chicken Power Bowl,Honey Mustard Dressing,pinch red pepper flakes,1,pinch,Red Pepper Flake,,
ef1d615c-1913-4e87-8c87-7400661f02cc|0|0,Honey Sesame Salmon Bowl,Main,2 salmon fillets (cubed),2,,Salmon,cubed; fillets,
ef1d615c-1913-4e87-8c87-7400661f02cc|0|1,Honey Sesame Salmon Bowl,Main,1 tbsp sesame oil,1,tbsp,Sesame Oil,,
ef1d615c-1913-4e87-8c87-7400661f02cc|0|2,Honey Sesame Salmon Bowl,Main,1 tbsp soy sauce,1,tbsp,Soy Sauce,,
ef1d615c-1913-4e87-8c87-7400661f02cc|0|3,Honey Sesame Salmon Bowl,Main,1 tbsp honey,1,tbsp,Honey,,
ef1d615c-1913-4e87-8c87-7400661f02cc|0|4,Honey Sesame Salmon Bowl,Main,1 tsp paprika,1,tsp,Paprika,,
ef1d615c-1913-4e87-8c87-7400661f02cc|0|5,Honey Sesame Salmon Bowl,Main,Steamed rice,,,Rice,,
ef1d615c-1913-4e87-8c87-7400661f02cc|0|6,Honey Sesame Salmon Bowl,Main,Green onions for garnish,,,Green Onion,for garnish,
ef1d615c-1913-4e87-8c87-7400661f02cc|0|7,Honey Sesame Salmon Bowl,Main,Sriracha + kewpie mayo (for sauce),,,Sriracha Kewpie Mayonnaise,for sauce,
ef1d615c-1913-4e87-8c87-7400661f02cc|0|8,Honey Sesame Salmon Bowl,Main,"Optional: cucumber, avocado, edamame",,,Cucumber,"avocado,  edamame",
b357f62f-dca3-403d-82ba-3a52d23027e5|0|0,Instant Noodle Jars,,2 tbsp vegetable bouillon,2,tbsp,Vegetable Bouillon,,
b357f62f-dca3-403d-82ba-3a52d23027e5|0|1,Instant Noodle Jars,,1 tbsp chili garlic sauce,1,tbsp,Chili Garlic Sauce,,
b357f62f-dca3-403d-82ba-3a52d23027e5|0|2,Instant Noodle Jars,,1 tbsp soy sauce,1,tbsp,Soy Sauce,,
b357f62f-dca3-403d-82ba-3a52d23027e5|0|3,Instant Noodle Jars,,1 tsp sesame oil,1,tsp,Sesame Oil,,
b357f62f-dca3-403d-82ba-3a52d23027e5|0|4,Instant Noodle Jars,,2 tsp minced garlic,2,tsp,Garlic,minced,
b357f62f-dca3-403d-82ba-3a52d23027e5|0|5,Instant Noodle Jars,,sliced red bell pepper,,,Red Bell Pepper,sliced,
b357f62f-dca3-403d-82ba-3a52d23027e5|0|6,Instant Noodle Jars,,½ cup shredded cabbage,0.5,cup,White Cabbage,shredded,
b357f62f-dca3-403d-82ba-3a52d23027e5|0|7,Instant Noodle Jars,,⅓ cup edamame,0.333,cup,Edamame,,
b357f62f-dca3-403d-82ba-3a52d23027e5|0|8,Instant Noodle Jars,,tofu (or sub with chicken),,,Tofu,or sub with chicken,
b357f62f-dca3-403d-82ba-3a52d23027e5|0|9,Instant Noodle Jars,,1 tbsp green onions,1,tbsp,Green Onion,,
b357f62f-dca3-403d-82ba-3a52d23027e5|0|10,Instant Noodle Jars,,1 serving instant vermicelli rice noodles,1,,Vermicelli Rice Noodles,,
724fd77c-cc33-41f5-ae16-43d130dc0309|0|0,Lemon and Blueberry Baked Oats,Main,200g oats,200,g,Oats,,
724fd77c-cc33-41f5-ae16-43d130dc0309|0|1,Lemon and Blueberry Baked Oats,Main,80g vanilla protein powder,80,g,Vanilla Protein Powder,,
724fd77c-cc33-41f5-ae16-43d130dc0309|0|2,Lemon and Blueberry Baked Oats,Main,200g apple sauce,200,g,Apple Sauce,,
724fd77c-cc33-41f5-ae16-43d130dc0309|0|3,Lemon and Blueberry Baked Oats,Main,1 tsp baking powder,1,tsp,Baking Powder,,
724fd77c-cc33-41f5-ae16-43d130dc0309|0|4,Lemon and Blueberry Baked Oats,Main,"1 lemon, juice and zest",1,,Lemon,juice and zest,
724fd77c-cc33-41f5-ae16-43d130dc0309|0|5,Lemon and Blueberry Baked Oats,Main,1 tsp vanilla essence,1,tsp,Vanilla Essence,,
724fd77c-cc33-41f5-ae16-43d130dc0309|0|6,Lemon and Blueberry Baked Oats,Main,440ml milk of choice,440,ml,Milk Choice,,
724fd77c-cc33-41f5-ae16-43d130dc0309|0|7,Lemon and Blueberry Baked Oats,Main,150g blueberries,150,g,Blueberry,,
9ff9f365-7349-483d-b006-ee9f44b9f07d|0|0,Lemon and Coconut Cake,Cake,2 eggs,2,,Egg,,
9ff9f365-7349-483d-b006-ee9f44b9f07d|0|1,Lemon and Coconut Cake,Cake,300g Greek yogurt,300,g,Greek Yoghurt,,
9ff9f365-7349-483d-b006-ee9f44b9f07d|0|2,Lemon and Coconut Cake,Cake,100g whole milk,100,g,Milk,,
9ff9f365-7349-483d-b006-ee9f44b9f07d|0|3,Lemon and Coconut Cake,Cake,2 tbsp lemon juice,2,tbsp,Lemon Juice,,
9ff9f365-7349-483d-b006-ee9f44b9f07d|0|4,Lemon and Coconut Cake,Cake,1 tbsp lemon zest,1,tbsp,Lemon Zest,,
9ff9f365-7349-483d-b006-ee9f44b9f07d|0|5,Lemon and Coconut Cake,Cake,60g oat flour,60,g,Oat Flour,,
9ff9f365-7349-483d-b006-ee9f44b9f07d|0|6,Lemon and Coconut Cake,Cake,60g vanilla protein powder,60,g,Vanilla Protein Powder,,
9ff9f365-7349-483d-b006-ee9f44b9f07d|0|7,Lemon and Coconut Cake,Cake,40g coconut flour,40,g,Coconut Flour,,
9ff9f365-7349-483d-b006-ee9f44b9f07d|0|8,Lemon and Coconut Cake,Cake,50g desiccated coconut,50,g,Desiccated Coconut,,
9ff9f365-7349-483d-b006-ee9f44b9f07d|0|9,Lemon and Coconut Cake,Cake,1/3 cup natural sweetener,0.333,cup,Natural Sweetener,,
9ff9f365-7349-483d-b006-ee9f44b9f07d|0|10,Lemon and Coconut Cake,Cake,1/2 tbsp baking powder,0.5,tbsp,Baking Powder,,
9ff9f365-7349-483d-b006-ee9f44b9f07d|0|11,Lemon and Coconut Cake,Cake,Pinch of salt,1,pinch,Salt,,
9ff9f365-7349-483d-b006-ee9f44b9f07d|1|0,Lemon and Coconut Cake,Icing,200g Greek yogurt,200,g,Greek Yoghurt,,
9ff9f365-7349-483d-b006-ee9f44b9f07d|1|1,Lemon and Coconut Cake,Icing,15g coconut flour,15,g,Coconut Flour,,
9ff9f365-7349-483d-b006-ee9f44b9f07d|1|2,Lemon and Coconut Cake,Icing,2 tbsp natural sweetener,2,tbsp,Natural Sweetener,,
9ff9f365-7349-483d-b006-ee9f44b9f07d|1|3,Lemon and Coconut Cake,Icing,2 tsp lemon zest,2,tsp,Lemon Zest,,
4ebeb50f-aeda-4365-bbe9-25446a455037|0|0,Loaf Pan Lemon & Yoghurt Chicken,Main,"1.1kg (2.5 lb) boneless chicken thighs, trimmed",1.1,kg,Chicken Thigh,2.5 lb; trimmed,
4ebeb50f-aeda-4365-bbe9-25446a455037|0|1,Loaf Pan Lemon & Yoghurt Chicken,Main,"1 medium yellow onion, processed in a food processor",1,,Yellow Onion,processed in a food processor,
4ebeb50f-aeda-4365-bbe9-25446a455037|0|2,Loaf Pan Lemon & Yoghurt Chicken,Main,Juice of 1 large lemon,,,Lemon Juice,,
4ebeb50f-aeda-4365-bbe9-25446a455037|0|3,Loaf Pan Lemon & Yoghurt Chicken,Main,3 tbsp tomato paste,3,tbsp,Tomato Paste,,
4ebeb50f-aeda-4365-bbe9-25446a455037|0|4,Loaf Pan Lemon & Yoghurt Chicken,Main,2 tbsp plain or Greek yoghurt,2,tbsp,Plain,or Greek yoghurt,
4ebeb50f-aeda-4365-bbe9-25446a455037|0|5,Loaf Pan Lemon & Yoghurt Chicken,Main,Salt and pepper,,,Salt,,split
4ebeb50f-aeda-4365-bbe9-25446a455037|0|5-2,Loaf Pan Lemon & Yoghurt Chicken,Main,Salt and pepper,,,Black Pepper,(split — set qty),split
4ebeb50f-aeda-4365-bbe9-25446a455037|0|6,Loaf Pan Lemon & Yoghurt Chicken,Main,1½ tbsp dried thyme,1,,Thyme,,
4ebeb50f-aeda-4365-bbe9-25446a455037|0|7,Loaf Pan Lemon & Yoghurt Chicken,Main,1½ tbsp garlic powder,1,,Garlic Granules,,
4ebeb50f-aeda-4365-bbe9-25446a455037|0|8,Loaf Pan Lemon & Yoghurt Chicken,Main,1 tbsp urfa pepper (or Aleppo pepper / chilli flakes),1,tbsp,Urfa Pepper,or Aleppo pepper / chilli flakes,
df2cd919-38fb-4856-bb5b-9be3ed38e5e3|0|0,Maple Cinnamon Pumpkin Overnight Oats,Oats,½ cup sprouted oats,0.5,cup,Sprouted Oat,,
df2cd919-38fb-4856-bb5b-9be3ed38e5e3|0|1,Maple Cinnamon Pumpkin Overnight Oats,Oats,¼ cup plain full fat yoghurt (sub coconut or soya yoghurt to keep DF),0.25,cup,Full-fat Plain Yoghurt,sub coconut or soya yoghurt to keep DF,
df2cd919-38fb-4856-bb5b-9be3ed38e5e3|0|2,Maple Cinnamon Pumpkin Overnight Oats,Oats,½ cup milk of choice,0.5,cup,Milk Choice,,
df2cd919-38fb-4856-bb5b-9be3ed38e5e3|0|3,Maple Cinnamon Pumpkin Overnight Oats,Oats,¼ cup pumpkin purée,0.25,cup,Pumpkin Puree,,
df2cd919-38fb-4856-bb5b-9be3ed38e5e3|0|4,Maple Cinnamon Pumpkin Overnight Oats,Oats,1 tbsp maple syrup,1,tbsp,Maple Syrup,,
df2cd919-38fb-4856-bb5b-9be3ed38e5e3|0|5,Maple Cinnamon Pumpkin Overnight Oats,Oats,½ tsp vanilla,0.5,tsp,Vanilla,,
df2cd919-38fb-4856-bb5b-9be3ed38e5e3|0|6,Maple Cinnamon Pumpkin Overnight Oats,Oats,2 tsp chia seeds,2,tsp,Chia Seed,,
df2cd919-38fb-4856-bb5b-9be3ed38e5e3|0|7,Maple Cinnamon Pumpkin Overnight Oats,Oats,1 scoop grass-fed collagen,1,scoop,Gras-fed Collagen,,
df2cd919-38fb-4856-bb5b-9be3ed38e5e3|0|8,Maple Cinnamon Pumpkin Overnight Oats,Oats,½ tsp ground cinnamon,0.5,tsp,Cinnamon,,
df2cd919-38fb-4856-bb5b-9be3ed38e5e3|0|9,Maple Cinnamon Pumpkin Overnight Oats,Oats,Dash of nutmeg,1,dash,Nutmeg,,
df2cd919-38fb-4856-bb5b-9be3ed38e5e3|0|10,Maple Cinnamon Pumpkin Overnight Oats,Oats,Dash of clove,1,dash,Clove,,
df2cd919-38fb-4856-bb5b-9be3ed38e5e3|1|0,Maple Cinnamon Pumpkin Overnight Oats,Topping,Handful of chopped pecans,1,handful,Pecans,chopped,
59a257fd-0b89-4086-8cb0-8d2cbfc3624c|0|0,Maple Sriracha Tofu Protein Bowl,Main,"450g extra firm tofu, diced",450,g,Extra-firm Tofu,diced,
59a257fd-0b89-4086-8cb0-8d2cbfc3624c|0|1,Maple Sriracha Tofu Protein Bowl,Main,3 tbsp sriracha,3,tbsp,Sriracha,,
59a257fd-0b89-4086-8cb0-8d2cbfc3624c|0|2,Maple Sriracha Tofu Protein Bowl,Main,3 tbsp maple syrup,3,tbsp,Maple Syrup,,
59a257fd-0b89-4086-8cb0-8d2cbfc3624c|0|3,Maple Sriracha Tofu Protein Bowl,Main,3 tbsp soy sauce,3,tbsp,Soy Sauce,,
59a257fd-0b89-4086-8cb0-8d2cbfc3624c|0|4,Maple Sriracha Tofu Protein Bowl,Main,1 tbsp rice wine vinegar,1,tbsp,Rice Vinegar,,
59a257fd-0b89-4086-8cb0-8d2cbfc3624c|0|5,Maple Sriracha Tofu Protein Bowl,Main,1.5 cups cooked brown rice,1.5,cup,Brown Rice,,
59a257fd-0b89-4086-8cb0-8d2cbfc3624c|0|6,Maple Sriracha Tofu Protein Bowl,Main,"1 cup shelled edamame, cooked",1,cup,Shelled Edamame,cooked,
59a257fd-0b89-4086-8cb0-8d2cbfc3624c|0|7,Maple Sriracha Tofu Protein Bowl,Main,"1 avocado, diced",1,,Avocado,diced,
59a257fd-0b89-4086-8cb0-8d2cbfc3624c|0|8,Maple Sriracha Tofu Protein Bowl,Main,1 tbsp extra virgin olive oil,1,tbsp,Extra Virgin Olive Oil,,
59a257fd-0b89-4086-8cb0-8d2cbfc3624c|0|9,Maple Sriracha Tofu Protein Bowl,Main,"1/4 red cabbage, thinly sliced",0.25,,Purple Cabbage,thinly sliced,
59a257fd-0b89-4086-8cb0-8d2cbfc3624c|0|10,Maple Sriracha Tofu Protein Bowl,Main,"1 red onion, diced",1,,Red Onion,diced,
59a257fd-0b89-4086-8cb0-8d2cbfc3624c|0|11,Maple Sriracha Tofu Protein Bowl,Main,"2 cucumbers, thinly sliced",2,,Cucumber,thinly sliced,
59a257fd-0b89-4086-8cb0-8d2cbfc3624c|0|12,Maple Sriracha Tofu Protein Bowl,Main,2 tbsp sesame seeds,2,tbsp,Sesame Seeds,,
1930b10b-1ba6-4833-a28d-34c91c1e54d6|0|0,Marinated Chicken Thighs with Mint Jalapeño Sauce,Marinade,4 bone-in skin-on chicken thighs,4,,Bone-in Skin-on Chicken Thigh,,
1930b10b-1ba6-4833-a28d-34c91c1e54d6|0|1,Marinated Chicken Thighs with Mint Jalapeño Sauce,Marinade,3 tbsp olive oil,3,tbsp,Olive Oil,,
1930b10b-1ba6-4833-a28d-34c91c1e54d6|0|2,Marinated Chicken Thighs with Mint Jalapeño Sauce,Marinade,2 tbsp tomato paste,2,tbsp,Tomato Paste,,
1930b10b-1ba6-4833-a28d-34c91c1e54d6|0|3,Marinated Chicken Thighs with Mint Jalapeño Sauce,Marinade,4–5 minced garlic cloves,4,,Garlic Clove,range; minced,
1930b10b-1ba6-4833-a28d-34c91c1e54d6|0|4,Marinated Chicken Thighs with Mint Jalapeño Sauce,Marinade,zest and juice of 1 large lemon,,,Zest And Juice Lemon,,
1930b10b-1ba6-4833-a28d-34c91c1e54d6|0|5,Marinated Chicken Thighs with Mint Jalapeño Sauce,Marinade,2 generous pinches salt & pepper,2,,Pinche Salt Pepper,generous,
1930b10b-1ba6-4833-a28d-34c91c1e54d6|0|6,Marinated Chicken Thighs with Mint Jalapeño Sauce,Marinade,1 tbsp smoked paprika,1,tbsp,Smoked Paprika,,
1930b10b-1ba6-4833-a28d-34c91c1e54d6|0|7,Marinated Chicken Thighs with Mint Jalapeño Sauce,Marinade,1 tbsp oregano,1,tbsp,Oregano,,
1930b10b-1ba6-4833-a28d-34c91c1e54d6|0|8,Marinated Chicken Thighs with Mint Jalapeño Sauce,Marinade,¼–½ tsp cayenne pepper,0.25,,Cayenne Pepper,,
1930b10b-1ba6-4833-a28d-34c91c1e54d6|1|0,Marinated Chicken Thighs with Mint Jalapeño Sauce,Mint Jalapeño Sauce,3 tbsp thick Greek yogurt or labneh,3,tbsp,Greek Yoghurt,or labneh,
1930b10b-1ba6-4833-a28d-34c91c1e54d6|1|1,Marinated Chicken Thighs with Mint Jalapeño Sauce,Mint Jalapeño Sauce,3 tbsp fresh mint,3,tbsp,Mint,,
1930b10b-1ba6-4833-a28d-34c91c1e54d6|1|2,Marinated Chicken Thighs with Mint Jalapeño Sauce,Mint Jalapeño Sauce,2 scallions,2,,Scallion,,
1930b10b-1ba6-4833-a28d-34c91c1e54d6|1|3,Marinated Chicken Thighs with Mint Jalapeño Sauce,Mint Jalapeño Sauce,½ large jalapeño,0.5,,Jalapeño,,
1930b10b-1ba6-4833-a28d-34c91c1e54d6|1|4,Marinated Chicken Thighs with Mint Jalapeño Sauce,Mint Jalapeño Sauce,1 tbsp olive oil,1,tbsp,Olive Oil,,
1930b10b-1ba6-4833-a28d-34c91c1e54d6|1|5,Marinated Chicken Thighs with Mint Jalapeño Sauce,Mint Jalapeño Sauce,juice of ½ lemon,,,Lemon Juice,,
1930b10b-1ba6-4833-a28d-34c91c1e54d6|1|6,Marinated Chicken Thighs with Mint Jalapeño Sauce,Mint Jalapeño Sauce,pinch salt & pepper,1,pinch,Salt Pepper,,
422f1a6a-a17e-45a1-800f-4c5973fdc0b0|0|0,Marinated Fish Tacos,Fish Marinade,1.2 lb / 600g firm white fish fillets,1.2,lb,Firm White Fish,fillets,
422f1a6a-a17e-45a1-800f-4c5973fdc0b0|0|1,Marinated Fish Tacos,Fish Marinade,Zest of 1 lime,,,Lime Zest,,
422f1a6a-a17e-45a1-800f-4c5973fdc0b0|0|2,Marinated Fish Tacos,Fish Marinade,3 tbsp lime juice,3,tbsp,Lime Juice,,
422f1a6a-a17e-45a1-800f-4c5973fdc0b0|0|3,Marinated Fish Tacos,Fish Marinade,1 tbsp chipotle powder,1,tbsp,Chipotle Powder,,
422f1a6a-a17e-45a1-800f-4c5973fdc0b0|0|4,Marinated Fish Tacos,Fish Marinade,"1 tbsp canned jalapeño, finely chopped",1,tbsp,Pickled Jalapeno,finely chopped,
422f1a6a-a17e-45a1-800f-4c5973fdc0b0|0|5,Marinated Fish Tacos,Fish Marinade,"¼ cup cilantro/coriander, finely chopped",0.25,cup,Coriander,finely chopped,
422f1a6a-a17e-45a1-800f-4c5973fdc0b0|0|6,Marinated Fish Tacos,Fish Marinade,"2 garlic cloves, minced",2,,Garlic Clove,minced,
422f1a6a-a17e-45a1-800f-4c5973fdc0b0|0|7,Marinated Fish Tacos,Fish Marinade,3 tbsp olive oil,3,tbsp,Olive Oil,,
422f1a6a-a17e-45a1-800f-4c5973fdc0b0|0|8,Marinated Fish Tacos,Fish Marinade,¼ tsp each salt and pepper,0.25,tsp,Salt And Pepper,,
422f1a6a-a17e-45a1-800f-4c5973fdc0b0|1|0,Marinated Fish Tacos,Quick Pickled Cabbage,"3 cups red cabbage, finely shredded",3,cup,Purple Cabbage,finely shredded,
422f1a6a-a17e-45a1-800f-4c5973fdc0b0|1|1,Marinated Fish Tacos,Quick Pickled Cabbage,"3 scallion/shallot stalks, cut on the diagonal",3,,Scallion,cut on the diagonal,
422f1a6a-a17e-45a1-800f-4c5973fdc0b0|1|2,Marinated Fish Tacos,Quick Pickled Cabbage,2 tbsp red or white wine vinegar,2,tbsp,Red,or white wine vinegar,
422f1a6a-a17e-45a1-800f-4c5973fdc0b0|1|3,Marinated Fish Tacos,Quick Pickled Cabbage,½ tsp salt,0.5,tsp,Salt,,
422f1a6a-a17e-45a1-800f-4c5973fdc0b0|2|0,Marinated Fish Tacos,Pink Sauce,¾ cup light sour cream,0.75,cup,Light Sour Cream,,
422f1a6a-a17e-45a1-800f-4c5973fdc0b0|2|1,Marinated Fish Tacos,Pink Sauce,2-3 tbsp sriracha,2,tbsp,Sriracha,range,
422f1a6a-a17e-45a1-800f-4c5973fdc0b0|3|0,Marinated Fish Tacos,To Cook,1 tbsp olive oil,1,tbsp,Olive Oil,,
422f1a6a-a17e-45a1-800f-4c5973fdc0b0|3|1,Marinated Fish Tacos,To Cook,"Small tortillas, warmed",,,Tortilla,warmed,
f86554fd-7c2e-4802-9795-3de1b047d3c4|0|0,Matcha Date Butter Balls,Main,1 stick (115g) room temperature butter,1,stick,Butter,115g,
f86554fd-7c2e-4802-9795-3de1b047d3c4|0|1,Matcha Date Butter Balls,Main,2g matcha powder,2,g,Matcha Powder,,
f86554fd-7c2e-4802-9795-3de1b047d3c4|0|2,Matcha Date Butter Balls,Main,12 medjool dates,12,,Medjool Date,,
f86554fd-7c2e-4802-9795-3de1b047d3c4|0|3,Matcha Date Butter Balls,Main,Flakey sea salt for topping,,,Flakey Sea Salt,,
036aff5d-fb5e-4f87-b846-da1da23f747f|0|0,Mayak Korean Marinated Eggs,Soft Boiled Eggs,3-4 eggs,3,,Egg,range,
036aff5d-fb5e-4f87-b846-da1da23f747f|0|1,Mayak Korean Marinated Eggs,Soft Boiled Eggs,1 tbsp vinegar,1,tbsp,Vinegar,,
036aff5d-fb5e-4f87-b846-da1da23f747f|0|2,Mayak Korean Marinated Eggs,Soft Boiled Eggs,1/2 tbsp salt,0.5,tbsp,Salt,,
036aff5d-fb5e-4f87-b846-da1da23f747f|1|0,Mayak Korean Marinated Eggs,Marinade,1/3 cup soy sauce (4 tbsp light + 1.5 tbsp dark),0.333,cup,Soy Sauce,4 tbsp light + 1.5 tbsp dark,
036aff5d-fb5e-4f87-b846-da1da23f747f|1|1,Mayak Korean Marinated Eggs,Marinade,1/3 cup water,0.333,cup,Water,,
036aff5d-fb5e-4f87-b846-da1da23f747f|1|2,Mayak Korean Marinated Eggs,Marinade,1/2 tbsp sesame oil,0.5,tbsp,Sesame Oil,,
036aff5d-fb5e-4f87-b846-da1da23f747f|1|3,Mayak Korean Marinated Eggs,Marinade,2-2.5 tbsp honey or maple syrup,2,tbsp,Honey,or maple syrup; range,
036aff5d-fb5e-4f87-b846-da1da23f747f|1|4,Mayak Korean Marinated Eggs,Marinade,1/4-1/3 cup finely sliced scallions/spring onions,0.25,cup,Scallion,range; finely sliced,
036aff5d-fb5e-4f87-b846-da1da23f747f|1|5,Mayak Korean Marinated Eggs,Marinade,"1/4-1/3 of an onion, finely sliced",0.25,,Yellow Onion,range; finely sliced,
036aff5d-fb5e-4f87-b846-da1da23f747f|1|6,Mayak Korean Marinated Eggs,Marinade,1/4-1/3 cup finely diced cucumbers,0.25,cup,Cucumber,range; finely diced,
036aff5d-fb5e-4f87-b846-da1da23f747f|1|7,Mayak Korean Marinated Eggs,Marinade,"3-4 cloves garlic, minced",3,clove,Garlic,range; minced,
036aff5d-fb5e-4f87-b846-da1da23f747f|1|8,Mayak Korean Marinated Eggs,Marinade,2-3 tsp gochugaru (or regular chilli flakes),2,tsp,Gochugaru,or regular chilli flakes; range,
036aff5d-fb5e-4f87-b846-da1da23f747f|1|9,Mayak Korean Marinated Eggs,Marinade,1-2 tbsp chopped chillies,1,tbsp,Chilly,range; chopped,
036aff5d-fb5e-4f87-b846-da1da23f747f|1|10,Mayak Korean Marinated Eggs,Marinade,1 tbsp sesame seeds,1,tbsp,Sesame Seeds,,
53071302-0b79-4d9c-8ae7-3f6c5da0de33|0|0,Meal Prep Spicy Tuna Quesadilla,Tuna Filling,120g drained weight tuna in brine,120,g,Drained Weight Tuna In Brine,,
53071302-0b79-4d9c-8ae7-3f6c5da0de33|0|1,Meal Prep Spicy Tuna Quesadilla,Tuna Filling,"2 spring onions, diced",2,,Spring Onion,diced,
53071302-0b79-4d9c-8ae7-3f6c5da0de33|0|2,Meal Prep Spicy Tuna Quesadilla,Tuna Filling,1 tbsp chopped dill,1,tbsp,Dill,chopped,
53071302-0b79-4d9c-8ae7-3f6c5da0de33|0|3,Meal Prep Spicy Tuna Quesadilla,Tuna Filling,1 tbsp chopped basil,1,tbsp,Basil,chopped,
53071302-0b79-4d9c-8ae7-3f6c5da0de33|0|4,Meal Prep Spicy Tuna Quesadilla,Tuna Filling,2 tbsp chopped jalapeños,2,tbsp,Jalapeño,chopped,
53071302-0b79-4d9c-8ae7-3f6c5da0de33|0|5,Meal Prep Spicy Tuna Quesadilla,Tuna Filling,2 tbsp jalapeño brine,2,tbsp,Pickled Jalapeño Brine,,
53071302-0b79-4d9c-8ae7-3f6c5da0de33|0|6,Meal Prep Spicy Tuna Quesadilla,Tuna Filling,"2 vine tomatoes, deseeded and diced",2,,Vine Tomatoes,deseeded and diced,
53071302-0b79-4d9c-8ae7-3f6c5da0de33|0|7,Meal Prep Spicy Tuna Quesadilla,Tuna Filling,2 tbsp thick Greek yoghurt,2,tbsp,Greek Yoghurt,,
53071302-0b79-4d9c-8ae7-3f6c5da0de33|0|8,Meal Prep Spicy Tuna Quesadilla,Tuna Filling,20g grated parmesan,20,g,Parmesan,grated,
53071302-0b79-4d9c-8ae7-3f6c5da0de33|0|9,Meal Prep Spicy Tuna Quesadilla,Tuna Filling,½ tsp honey,0.5,tsp,Honey,,
53071302-0b79-4d9c-8ae7-3f6c5da0de33|0|10,Meal Prep Spicy Tuna Quesadilla,Tuna Filling,Salt and pepper,,,Salt,,split
53071302-0b79-4d9c-8ae7-3f6c5da0de33|0|10-2,Meal Prep Spicy Tuna Quesadilla,Tuna Filling,Salt and pepper,,,Black Pepper,(split — set qty),split
53071302-0b79-4d9c-8ae7-3f6c5da0de33|1|0,Meal Prep Spicy Tuna Quesadilla,To Serve (per portion),1 tsp green pesto,1,tsp,Basil Pesto,,
53071302-0b79-4d9c-8ae7-3f6c5da0de33|1|1,Meal Prep Spicy Tuna Quesadilla,To Serve (per portion),Dashes of Tabasco,,,Tabasco,,
53071302-0b79-4d9c-8ae7-3f6c5da0de33|1|2,Meal Prep Spicy Tuna Quesadilla,To Serve (per portion),1 wholemeal pita,1,,Wholemeal Pita,,
c300c3ac-2cbe-49ea-8ff2-50d23cfa1830|0|0,Mediterranean Chicken & Rice Skillet,Chicken Marinade,4 bone-in skin-on chicken thighs,4,,Bone-in Skin-on Chicken Thigh,,
c300c3ac-2cbe-49ea-8ff2-50d23cfa1830|0|1,Mediterranean Chicken & Rice Skillet,Chicken Marinade,1 tsp olive oil,1,tsp,Olive Oil,,
c300c3ac-2cbe-49ea-8ff2-50d23cfa1830|0|2,Mediterranean Chicken & Rice Skillet,Chicken Marinade,salt and cracked pepper,,,Salt,,split
c300c3ac-2cbe-49ea-8ff2-50d23cfa1830|0|2-2,Mediterranean Chicken & Rice Skillet,Chicken Marinade,salt and cracked pepper,,,Black Pepper,(split — set qty),split
c300c3ac-2cbe-49ea-8ff2-50d23cfa1830|0|3,Mediterranean Chicken & Rice Skillet,Chicken Marinade,1 big handful fresh basil,1,handful,Basil,,
c300c3ac-2cbe-49ea-8ff2-50d23cfa1830|0|4,Mediterranean Chicken & Rice Skillet,Chicken Marinade,5 garlic cloves,5,,Garlic Clove,,
c300c3ac-2cbe-49ea-8ff2-50d23cfa1830|0|5,Mediterranean Chicken & Rice Skillet,Chicken Marinade,juice of 1 lemon,,,Lemon Juice,,
c300c3ac-2cbe-49ea-8ff2-50d23cfa1830|0|6,Mediterranean Chicken & Rice Skillet,Chicken Marinade,2 tbsp tomato paste,2,tbsp,Tomato Paste,,
c300c3ac-2cbe-49ea-8ff2-50d23cfa1830|0|7,Mediterranean Chicken & Rice Skillet,Chicken Marinade,1 tbsp Dijon mustard,1,tbsp,Dijon Mustard,,
c300c3ac-2cbe-49ea-8ff2-50d23cfa1830|1|0,Mediterranean Chicken & Rice Skillet,Salad,½ finely diced red onion,0.5,,Red Onion,finely diced,
c300c3ac-2cbe-49ea-8ff2-50d23cfa1830|1|1,Mediterranean Chicken & Rice Skillet,Salad,2–3 Persian cucumbers,2,,Persian Cucumber,range,
c300c3ac-2cbe-49ea-8ff2-50d23cfa1830|1|2,Mediterranean Chicken & Rice Skillet,Salad,1 green pepper,1,,Green Pepper,,
c300c3ac-2cbe-49ea-8ff2-50d23cfa1830|1|3,Mediterranean Chicken & Rice Skillet,Salad,3–4 tbsp chopped parsley,3,tbsp,Parsley,range; chopped,
c300c3ac-2cbe-49ea-8ff2-50d23cfa1830|1|4,Mediterranean Chicken & Rice Skillet,Salad,1 oz feta,1,oz,Feta,,
c300c3ac-2cbe-49ea-8ff2-50d23cfa1830|1|5,Mediterranean Chicken & Rice Skillet,Salad,1 tbsp olive oil,1,tbsp,Olive Oil,,
c300c3ac-2cbe-49ea-8ff2-50d23cfa1830|1|6,Mediterranean Chicken & Rice Skillet,Salad,juice of ½ lemon,,,Lemon Juice,,
c300c3ac-2cbe-49ea-8ff2-50d23cfa1830|1|7,Mediterranean Chicken & Rice Skillet,Salad,1.5 tsp sumac,1.5,tsp,Sumac,,
c300c3ac-2cbe-49ea-8ff2-50d23cfa1830|1|8,Mediterranean Chicken & Rice Skillet,Salad,salt & pepper,,,Salt Pepper,,
c300c3ac-2cbe-49ea-8ff2-50d23cfa1830|2|0,Mediterranean Chicken & Rice Skillet,To Serve,rice of choice,,,Rice,,
c300c3ac-2cbe-49ea-8ff2-50d23cfa1830|2|1,Mediterranean Chicken & Rice Skillet,To Serve,thick yogurt,,,Greek Yoghurt,,
c300c3ac-2cbe-49ea-8ff2-50d23cfa1830|2|2,Mediterranean Chicken & Rice Skillet,To Serve,sumac to sprinkle,,,Sumac,,
b0d8296b-b6bb-48aa-9b2a-28406c3163fc|0|0,Microwave Chocolate Protein Oats,Main,20g oat or quinoa flour,20,g,Oats,or quinoa flour,
b0d8296b-b6bb-48aa-9b2a-28406c3163fc|0|1,Microwave Chocolate Protein Oats,Main,2 tbsp (20g) cocoa powder,2,tbsp,Cocoa Powder,20g,
b0d8296b-b6bb-48aa-9b2a-28406c3163fc|0|2,Microwave Chocolate Protein Oats,Main,½ tsp baking soda,0.5,tsp,Baking Soda,,
b0d8296b-b6bb-48aa-9b2a-28406c3163fc|0|3,Microwave Chocolate Protein Oats,Main,½ tsp baking powder,0.5,tsp,Baking Powder,,
b0d8296b-b6bb-48aa-9b2a-28406c3163fc|0|4,Microwave Chocolate Protein Oats,Main,½ tsp salt,0.5,tsp,Salt,,
b0d8296b-b6bb-48aa-9b2a-28406c3163fc|0|5,Microwave Chocolate Protein Oats,Main,30g chocolate protein powder,30,g,Chocolate Protein Powder,,
b0d8296b-b6bb-48aa-9b2a-28406c3163fc|0|6,Microwave Chocolate Protein Oats,Main,125ml (½ cup) soya milk,125,ml,Soya Milk,½ cup,
b0d8296b-b6bb-48aa-9b2a-28406c3163fc|0|7,Microwave Chocolate Protein Oats,Main,1 shot espresso,1,,Shot Espresso,,
b0d8296b-b6bb-48aa-9b2a-28406c3163fc|0|8,Microwave Chocolate Protein Oats,Main,"1 tbsp dark chocolate (85%), roughly chopped",1,tbsp,Dark Chocolate,85%; roughly chopped,
b0d8296b-b6bb-48aa-9b2a-28406c3163fc|1|0,Microwave Chocolate Protein Oats,Topping,40g fresh or frozen raspberries,40,g,Raspberry,or frozen raspberries,
4e79b17f-8477-40b9-a669-cd1e61d0cca5|0|0,Middle Eastern Chicken & Rice Bowl,Chicken Marinade,2 lbs boneless skinless chicken thighs,2,lb,Chicken Thigh,,
4e79b17f-8477-40b9-a669-cd1e61d0cca5|0|1,Middle Eastern Chicken & Rice Bowl,Chicken Marinade,1½ tbsp olive oil,1,,Olive Oil,,
4e79b17f-8477-40b9-a669-cd1e61d0cca5|0|2,Middle Eastern Chicken & Rice Bowl,Chicken Marinade,1 tbsp smoked paprika,1,tbsp,Smoked Paprika,,
4e79b17f-8477-40b9-a669-cd1e61d0cca5|0|3,Middle Eastern Chicken & Rice Bowl,Chicken Marinade,1 tbsp garlic powder,1,tbsp,Garlic Granules,,
4e79b17f-8477-40b9-a669-cd1e61d0cca5|0|4,Middle Eastern Chicken & Rice Bowl,Chicken Marinade,1 tbsp dried thyme,1,tbsp,Thyme,,
4e79b17f-8477-40b9-a669-cd1e61d0cca5|0|5,Middle Eastern Chicken & Rice Bowl,Chicken Marinade,½ tbsp red pepper flakes,0.5,tbsp,Red Pepper Flake,,
4e79b17f-8477-40b9-a669-cd1e61d0cca5|0|6,Middle Eastern Chicken & Rice Bowl,Chicken Marinade,½ tsp cumin,0.5,tsp,Cumin,,
4e79b17f-8477-40b9-a669-cd1e61d0cca5|0|7,Middle Eastern Chicken & Rice Bowl,Chicken Marinade,¼ tsp cinnamon,0.25,tsp,Cinnamon,,
4e79b17f-8477-40b9-a669-cd1e61d0cca5|0|8,Middle Eastern Chicken & Rice Bowl,Chicken Marinade,2 tbsp plain yogurt,2,tbsp,Plain Yoghurt,,
4e79b17f-8477-40b9-a669-cd1e61d0cca5|0|9,Middle Eastern Chicken & Rice Bowl,Chicken Marinade,5 tbsp lemon juice,5,tbsp,Lemon Juice,,
4e79b17f-8477-40b9-a669-cd1e61d0cca5|0|10,Middle Eastern Chicken & Rice Bowl,Chicken Marinade,salt and pepper,,,Salt,,split
4e79b17f-8477-40b9-a669-cd1e61d0cca5|0|10-2,Middle Eastern Chicken & Rice Bowl,Chicken Marinade,salt and pepper,,,Black Pepper,(split — set qty),split
4e79b17f-8477-40b9-a669-cd1e61d0cca5|1|0,Middle Eastern Chicken & Rice Bowl,Sumac Tomato Salad,"1 red onion, thinly sliced",1,,Red Onion,thinly sliced,
4e79b17f-8477-40b9-a669-cd1e61d0cca5|1|1,Middle Eastern Chicken & Rice Bowl,Sumac Tomato Salad,"10 cherry tomatoes, quartered",10,,Cherry Tomatoes,quartered,
4e79b17f-8477-40b9-a669-cd1e61d0cca5|1|2,Middle Eastern Chicken & Rice Bowl,Sumac Tomato Salad,2 tbsp parsley,2,tbsp,Parsley,,
4e79b17f-8477-40b9-a669-cd1e61d0cca5|1|3,Middle Eastern Chicken & Rice Bowl,Sumac Tomato Salad,2 tbsp sumac,2,tbsp,Sumac,,
4e79b17f-8477-40b9-a669-cd1e61d0cca5|1|4,Middle Eastern Chicken & Rice Bowl,Sumac Tomato Salad,5 tbsp lemon juice,5,tbsp,Lemon Juice,,
4e79b17f-8477-40b9-a669-cd1e61d0cca5|1|5,Middle Eastern Chicken & Rice Bowl,Sumac Tomato Salad,salt and pepper,,,Salt,,split
4e79b17f-8477-40b9-a669-cd1e61d0cca5|1|5-2,Middle Eastern Chicken & Rice Bowl,Sumac Tomato Salad,salt and pepper,,,Black Pepper,(split — set qty),split
4e79b17f-8477-40b9-a669-cd1e61d0cca5|2|0,Middle Eastern Chicken & Rice Bowl,White Sauce,¼ cup plain yogurt,0.25,cup,Plain Yoghurt,,
4e79b17f-8477-40b9-a669-cd1e61d0cca5|2|1,Middle Eastern Chicken & Rice Bowl,White Sauce,3 tbsp mayo,3,tbsp,Mayonnaise,,
4e79b17f-8477-40b9-a669-cd1e61d0cca5|2|2,Middle Eastern Chicken & Rice Bowl,White Sauce,3–4 tbsp pickle juice,3,tbsp,Pickle Juice,range,
4e79b17f-8477-40b9-a669-cd1e61d0cca5|2|3,Middle Eastern Chicken & Rice Bowl,White Sauce,2 tbsp dill,2,tbsp,Dill,,
4e79b17f-8477-40b9-a669-cd1e61d0cca5|2|4,Middle Eastern Chicken & Rice Bowl,White Sauce,salt and pepper,,,Salt,,split
4e79b17f-8477-40b9-a669-cd1e61d0cca5|2|4-2,Middle Eastern Chicken & Rice Bowl,White Sauce,salt and pepper,,,Black Pepper,(split — set qty),split
4e79b17f-8477-40b9-a669-cd1e61d0cca5|3|0,Middle Eastern Chicken & Rice Bowl,To Serve,rice of choice,,,Rice,,
4e79b17f-8477-40b9-a669-cd1e61d0cca5|3|1,Middle Eastern Chicken & Rice Bowl,To Serve,cucumbers (optional),,,Cucumber,optional,
4e79b17f-8477-40b9-a669-cd1e61d0cca5|3|2,Middle Eastern Chicken & Rice Bowl,To Serve,feta (optional),,,Feta,optional,
6958f36a-1eaa-4f25-aa98-5375ab1ff860|0|0,Miến Gà - Vietnamese Glass Noodle Chicken Soup,Broth,"1kg chicken thighs, skin-on and bone-in",1,kg,Chicken Thigh,skin-on and bone-in,
6958f36a-1eaa-4f25-aa98-5375ab1ff860|0|1,Miến Gà - Vietnamese Glass Noodle Chicken Soup,Broth,"1 whole onion, peeled",1,,Yellow Onion,peeled,
6958f36a-1eaa-4f25-aa98-5375ab1ff860|0|2,Miến Gà - Vietnamese Glass Noodle Chicken Soup,Broth,"5 spring onions, whites and greens separated",5,,Spring Onion,whites and greens separated,
6958f36a-1eaa-4f25-aa98-5375ab1ff860|0|3,Miến Gà - Vietnamese Glass Noodle Chicken Soup,Broth,"4 carrots, peeled",4,,Carrot,peeled,
6958f36a-1eaa-4f25-aa98-5375ab1ff860|0|4,Miến Gà - Vietnamese Glass Noodle Chicken Soup,Broth,"50g (large knob) fresh ginger, sliced and smashed",50,g,Ginger,large knob; sliced and smashed,
6958f36a-1eaa-4f25-aa98-5375ab1ff860|0|5,Miến Gà - Vietnamese Glass Noodle Chicken Soup,Broth,1 tbsp salt,1,tbsp,Salt,,
6958f36a-1eaa-4f25-aa98-5375ab1ff860|0|6,Miến Gà - Vietnamese Glass Noodle Chicken Soup,Broth,2 tbsp chicken powder or bouillon,2,tbsp,Chicken Powder,or bouillon,
6958f36a-1eaa-4f25-aa98-5375ab1ff860|0|7,Miến Gà - Vietnamese Glass Noodle Chicken Soup,Broth,1 tbsp sugar,1,tbsp,Sugar,,
6958f36a-1eaa-4f25-aa98-5375ab1ff860|0|8,Miến Gà - Vietnamese Glass Noodle Chicken Soup,Broth,1 tsp turmeric powder,1,tsp,Turmeric Powder,,
6958f36a-1eaa-4f25-aa98-5375ab1ff860|0|9,Miến Gà - Vietnamese Glass Noodle Chicken Soup,Broth,3 litres water,3,l,Water,,
6958f36a-1eaa-4f25-aa98-5375ab1ff860|0|10,Miến Gà - Vietnamese Glass Noodle Chicken Soup,Broth,"Fish sauce, to taste (add at the end)",,,Fish Sauce,add at the end; to taste,
6958f36a-1eaa-4f25-aa98-5375ab1ff860|1|0,Miến Gà - Vietnamese Glass Noodle Chicken Soup,Noodles,"200–300g glass vermicelli noodles, soaked in hot water 5–7 min, then drained",200,g,Glass Vermicelli Noodles,"range; soaked in hot water 5 min,  then drained",
6958f36a-1eaa-4f25-aa98-5375ab1ff860|2|0,Miến Gà - Vietnamese Glass Noodle Chicken Soup,Garlic Oil,"¾ bulb of garlic, cloves peeled",0.75,,Garlic,cloves peeled,
6958f36a-1eaa-4f25-aa98-5375ab1ff860|2|1,Miến Gà - Vietnamese Glass Noodle Chicken Soup,Garlic Oil,150–200ml neutral oil,150,ml,Oil,range,
6958f36a-1eaa-4f25-aa98-5375ab1ff860|2|2,Miến Gà - Vietnamese Glass Noodle Chicken Soup,Garlic Oil,Pinch of sea salt,1,pinch,Sea Salt,,
6958f36a-1eaa-4f25-aa98-5375ab1ff860|3|0,Miến Gà - Vietnamese Glass Noodle Chicken Soup,Garnish,"Spring onion greens, sliced",,,Spring Onion,sliced,
6958f36a-1eaa-4f25-aa98-5375ab1ff860|3|1,Miến Gà - Vietnamese Glass Noodle Chicken Soup,Garnish,Fresh coriander,,,Coriander,,
6958f36a-1eaa-4f25-aa98-5375ab1ff860|3|2,Miến Gà - Vietnamese Glass Noodle Chicken Soup,Garnish,Crispy fried shallots,,,Crispy Fried Shallot,,
6958f36a-1eaa-4f25-aa98-5375ab1ff860|3|3,Miến Gà - Vietnamese Glass Noodle Chicken Soup,Garnish,Garlic oil,,,Garlic Oil,,
6958f36a-1eaa-4f25-aa98-5375ab1ff860|3|4,Miến Gà - Vietnamese Glass Noodle Chicken Soup,Garnish,Sliced carrots from the broth,,,Carrot From Broth,Sliced,
6958f36a-1eaa-4f25-aa98-5375ab1ff860|3|5,Miến Gà - Vietnamese Glass Noodle Chicken Soup,Garnish,Freshly cracked black pepper,,,Black Pepper,,
6958f36a-1eaa-4f25-aa98-5375ab1ff860|3|6,Miến Gà - Vietnamese Glass Noodle Chicken Soup,Garnish,Crispy chicken skin (optional),,,Crispy Chicken Skin,optional,
d5550452-8d4d-4289-80c5-7a7872a69c61|0|0,Miso Peanut Ramen Bowl,Crispy Tofu,"1 block extra-firm tofu, pressed and grated on a box grater",1,block,Extra-firm Tofu,pressed and grated on a box grater,
d5550452-8d4d-4289-80c5-7a7872a69c61|0|1,Miso Peanut Ramen Bowl,Crispy Tofu,1 tbsp olive oil,1,tbsp,Olive Oil,,
d5550452-8d4d-4289-80c5-7a7872a69c61|0|2,Miso Peanut Ramen Bowl,Crispy Tofu,60ml (¼ cup) teriyaki sauce,60,ml,Teriyaki Sauce,¼ cup,
d5550452-8d4d-4289-80c5-7a7872a69c61|0|3,Miso Peanut Ramen Bowl,Crispy Tofu,"1 garlic clove, grated",1,,Garlic Clove,grated,
d5550452-8d4d-4289-80c5-7a7872a69c61|1|0,Miso Peanut Ramen Bowl,Miso Peanut Broth,1 tbsp red curry paste,1,tbsp,Red Curry Paste,,
d5550452-8d4d-4289-80c5-7a7872a69c61|1|1,Miso Peanut Ramen Bowl,Miso Peanut Broth,1 tbsp white miso paste,1,tbsp,White Miso Paste,,
d5550452-8d4d-4289-80c5-7a7872a69c61|1|2,Miso Peanut Ramen Bowl,Miso Peanut Broth,1–2 tbsp peanut butter,1,tbsp,Peanut Butter,range,
d5550452-8d4d-4289-80c5-7a7872a69c61|1|3,Miso Peanut Ramen Bowl,Miso Peanut Broth,2 tbsp reduced-sodium soy sauce,2,tbsp,Reduced-sodium Soy Sauce,,
d5550452-8d4d-4289-80c5-7a7872a69c61|1|4,Miso Peanut Ramen Bowl,Miso Peanut Broth,1 tbsp brown sugar,1,tbsp,Brown Sugar,,
d5550452-8d4d-4289-80c5-7a7872a69c61|1|5,Miso Peanut Ramen Bowl,Miso Peanut Broth,360ml (1½ cups) water + 1½ tsp bouillon (or 360ml stock),360,ml,Water Bouillon,1½ cups; or 360ml stock,
d5550452-8d4d-4289-80c5-7a7872a69c61|1|6,Miso Peanut Ramen Bowl,Miso Peanut Broth,1 tin (400ml) full-fat coconut milk,1,tin,Full-fat Coconut Milk,400ml,
d5550452-8d4d-4289-80c5-7a7872a69c61|1|7,Miso Peanut Ramen Bowl,Miso Peanut Broth,170g (6oz) dried ramen noodles (2 packets — use GF rice noodles),170,g,Ramen Noodles,6oz; 2 packets — use GF rice noodles,
d5550452-8d4d-4289-80c5-7a7872a69c61|2|0,Miso Peanut Ramen Bowl,Toppings,Finely sliced cucumber,,,Cucumber,Finely sliced,
d5550452-8d4d-4289-80c5-7a7872a69c61|2|1,Miso Peanut Ramen Bowl,Toppings,Fresh coriander and/or spring onion,,,Coriander,or spring onion,
d5550452-8d4d-4289-80c5-7a7872a69c61|2|2,Miso Peanut Ramen Bowl,Toppings,Chilli crisp,,,Chilli Crisp,,
ba9a5f77-1e8c-494f-bc3d-9ac94a497952|0|0,Miso Soy Chicken with Coconut Lime Rice,Chicken,4–5 boneless skinless chicken thighs,4,,Chicken Thigh,range,
ba9a5f77-1e8c-494f-bc3d-9ac94a497952|0|1,Miso Soy Chicken with Coconut Lime Rice,Chicken,2 tbsp white miso paste,2,tbsp,White Miso Paste,,
ba9a5f77-1e8c-494f-bc3d-9ac94a497952|0|2,Miso Soy Chicken with Coconut Lime Rice,Chicken,2 tbsp freshly grated ginger,2,tbsp,Ginger,,
ba9a5f77-1e8c-494f-bc3d-9ac94a497952|0|3,Miso Soy Chicken with Coconut Lime Rice,Chicken,2 tbsp mirin or rice wine vinegar,2,tbsp,Mirin,or rice wine vinegar,
ba9a5f77-1e8c-494f-bc3d-9ac94a497952|0|4,Miso Soy Chicken with Coconut Lime Rice,Chicken,3 tbsp tamari,3,tbsp,Tamari,,
ba9a5f77-1e8c-494f-bc3d-9ac94a497952|0|5,Miso Soy Chicken with Coconut Lime Rice,Chicken,2 tbsp honey,2,tbsp,Honey,,
ba9a5f77-1e8c-494f-bc3d-9ac94a497952|0|6,Miso Soy Chicken with Coconut Lime Rice,Chicken,"2 cloves garlic, minced or grated",2,clove,Garlic,or grated; minced,
ba9a5f77-1e8c-494f-bc3d-9ac94a497952|0|7,Miso Soy Chicken with Coconut Lime Rice,Chicken,2 tbsp olive oil,2,tbsp,Olive Oil,,
ba9a5f77-1e8c-494f-bc3d-9ac94a497952|0|8,Miso Soy Chicken with Coconut Lime Rice,Chicken,"Green onion, thinly sliced — garnish",,,Green Onion,thinly sliced — garnish,
ba9a5f77-1e8c-494f-bc3d-9ac94a497952|0|9,Miso Soy Chicken with Coconut Lime Rice,Chicken,"Coriander, roughly chopped — garnish",,,Coriander,roughly chopped — garnish,
ba9a5f77-1e8c-494f-bc3d-9ac94a497952|0|10,Miso Soy Chicken with Coconut Lime Rice,Chicken,Sesame seeds — garnish,,,Sesame Seeds,garnish,
ba9a5f77-1e8c-494f-bc3d-9ac94a497952|1|0,Miso Soy Chicken with Coconut Lime Rice,Coconut Lime Rice,1½ cups white rice,1,,White Rice,,
ba9a5f77-1e8c-494f-bc3d-9ac94a497952|1|1,Miso Soy Chicken with Coconut Lime Rice,Coconut Lime Rice,¾ cup chicken bone broth,0.75,cup,Chicken Bone Broth,,
ba9a5f77-1e8c-494f-bc3d-9ac94a497952|1|2,Miso Soy Chicken with Coconut Lime Rice,Coconut Lime Rice,1¾ cups full fat coconut milk,1,,Full-fat Coconut Milk,,
ba9a5f77-1e8c-494f-bc3d-9ac94a497952|1|3,Miso Soy Chicken with Coconut Lime Rice,Coconut Lime Rice,Juice of 1 lime,,,Lime Juice,,
ba9a5f77-1e8c-494f-bc3d-9ac94a497952|1|4,Miso Soy Chicken with Coconut Lime Rice,Coconut Lime Rice,¾ tsp salt,0.75,tsp,Salt,,
5b8ee1e0-7b78-47fa-ade4-c57a64c7c357|0|0,Muffin Top Pumpkin Protein Cookies,Main,1/2 cup canned pumpkin puree,0.5,cup,Canned Pumpkin Puree,,
5b8ee1e0-7b78-47fa-ade4-c57a64c7c357|0|1,Muffin Top Pumpkin Protein Cookies,Main,1/4 cup maple syrup,0.25,cup,Maple Syrup,,
5b8ee1e0-7b78-47fa-ade4-c57a64c7c357|0|2,Muffin Top Pumpkin Protein Cookies,Main,1/4 cup almond butter,0.25,cup,Almond Butter,,
5b8ee1e0-7b78-47fa-ade4-c57a64c7c357|0|3,Muffin Top Pumpkin Protein Cookies,Main,1 large egg,1,,Egg,,
5b8ee1e0-7b78-47fa-ade4-c57a64c7c357|0|4,Muffin Top Pumpkin Protein Cookies,Main,1 tsp vanilla extract,1,tsp,Vanilla Extract,,
5b8ee1e0-7b78-47fa-ade4-c57a64c7c357|0|5,Muffin Top Pumpkin Protein Cookies,Main,1/2 cup almond flour,0.5,cup,Almond Flour,,
5b8ee1e0-7b78-47fa-ade4-c57a64c7c357|0|6,Muffin Top Pumpkin Protein Cookies,Main,1/4 cup plant-based vanilla protein powder,0.25,cup,Plant-based Vanilla Protein Powder,,
5b8ee1e0-7b78-47fa-ade4-c57a64c7c357|0|7,Muffin Top Pumpkin Protein Cookies,Main,3 tbsp oat flour,3,tbsp,Oat Flour,,
5b8ee1e0-7b78-47fa-ade4-c57a64c7c357|0|8,Muffin Top Pumpkin Protein Cookies,Main,1 tsp cinnamon,1,tsp,Cinnamon,,
5b8ee1e0-7b78-47fa-ade4-c57a64c7c357|0|9,Muffin Top Pumpkin Protein Cookies,Main,1/4 tsp ground ginger,0.25,tsp,Ginger,,
5b8ee1e0-7b78-47fa-ade4-c57a64c7c357|0|10,Muffin Top Pumpkin Protein Cookies,Main,1/4 tsp baking soda,0.25,tsp,Baking Soda,,
5b8ee1e0-7b78-47fa-ade4-c57a64c7c357|0|11,Muffin Top Pumpkin Protein Cookies,Main,Pinch of salt,1,pinch,Salt,,
5b8ee1e0-7b78-47fa-ade4-c57a64c7c357|0|12,Muffin Top Pumpkin Protein Cookies,Main,1/4 cup mini dairy-free chocolate chips (divided),0.25,cup,Dairy-free Chocolate Chip,divided,
34ac45fe-3c78-445f-8d07-067aafbd16ea|0|0,Nandos Chicken Pasta Salad,,150g chicken breast,150,g,Chicken Breast,,
34ac45fe-3c78-445f-8d07-067aafbd16ea|0|1,Nandos Chicken Pasta Salad,,40g pasta (dry weight),40,g,Pasta,dry weight,
34ac45fe-3c78-445f-8d07-067aafbd16ea|0|2,Nandos Chicken Pasta Salad,,15g feta cheese,15,g,Feta,,
34ac45fe-3c78-445f-8d07-067aafbd16ea|0|3,Nandos Chicken Pasta Salad,,20g Nando's garlic sauce,20,g,Nandos Garlic Sauce,,
34ac45fe-3c78-445f-8d07-067aafbd16ea|0|4,Nandos Chicken Pasta Salad,,50g 0% fat Greek yogurt,50,g,Fat Greek Yoghurt,,
34ac45fe-3c78-445f-8d07-067aafbd16ea|0|5,Nandos Chicken Pasta Salad,,"¼ lemon, juiced",0.25,,Lemon,juiced,
34ac45fe-3c78-445f-8d07-067aafbd16ea|0|6,Nandos Chicken Pasta Salad,,½ tomato,0.5,,Tomato,,
34ac45fe-3c78-445f-8d07-067aafbd16ea|0|7,Nandos Chicken Pasta Salad,,¼ red onion,0.25,,Red Onion,,
34ac45fe-3c78-445f-8d07-067aafbd16ea|0|8,Nandos Chicken Pasta Salad,,¼ cucumber,0.25,,Cucumber,,
34ac45fe-3c78-445f-8d07-067aafbd16ea|0|9,Nandos Chicken Pasta Salad,,2 tbsp sweetcorn,2,tbsp,Sweetcorn,,
34ac45fe-3c78-445f-8d07-067aafbd16ea|0|10,Nandos Chicken Pasta Salad,,¼ bell pepper,0.25,,Bell Pepper,,
34ac45fe-3c78-445f-8d07-067aafbd16ea|0|11,Nandos Chicken Pasta Salad,,lettuce,,,Lettuce,,
34ac45fe-3c78-445f-8d07-067aafbd16ea|0|12,Nandos Chicken Pasta Salad,,"chicken seasoning: paprika, garlic, salt, pepper, herbs & a little Nando's sauce",,,Chicken Seasoning Paprika,"garlic,  salt,  pepper,  herbs & a little Nando's sauce",
5537cf62-02e2-4c30-a92d-c58289cb2266|0|0,No Bake Coconut Cookies,Main,1/2 cup coconut oil,0.5,cup,Coconut Oil,,
5537cf62-02e2-4c30-a92d-c58289cb2266|0|1,No Bake Coconut Cookies,Main,1 1/2 cups coconut sugar,1.5,cup,Coconut Sugar,,
5537cf62-02e2-4c30-a92d-c58289cb2266|0|2,No Bake Coconut Cookies,Main,1/2 cup almond milk,0.5,cup,Almond Milk,,
5537cf62-02e2-4c30-a92d-c58289cb2266|0|3,No Bake Coconut Cookies,Main,1/4 cup raw cacao powder,0.25,cup,Cacao Powder,,
5537cf62-02e2-4c30-a92d-c58289cb2266|0|4,No Bake Coconut Cookies,Main,1/4 tsp salt,0.25,tsp,Salt,,
5537cf62-02e2-4c30-a92d-c58289cb2266|0|5,No Bake Coconut Cookies,Main,3 cups rolled oats,3,cup,Rolled Oats,,
5537cf62-02e2-4c30-a92d-c58289cb2266|0|6,No Bake Coconut Cookies,Main,3/4 cup creamy peanut butter,0.75,cup,Smooth Peanut Butter,,
5537cf62-02e2-4c30-a92d-c58289cb2266|0|7,No Bake Coconut Cookies,Main,2 tsp vanilla extract,2,tsp,Vanilla Extract,,
5537cf62-02e2-4c30-a92d-c58289cb2266|0|8,No Bake Coconut Cookies,Main,1/2 cup dairy-free chocolate chips (for folding in),0.5,cup,Dairy-free Chocolate Chip,for folding in,
5537cf62-02e2-4c30-a92d-c58289cb2266|0|9,No Bake Coconut Cookies,Main,1/2 cup dairy-free chocolate chips + 1 tsp coconut oil (for drizzling),0.5,cup,Dairy-free Chocolate Chip Coconut Oil,for drizzling,
5537cf62-02e2-4c30-a92d-c58289cb2266|0|10,No Bake Coconut Cookies,Main,Flaky sea salt for topping,,,Flakey Sea Salt,,
25fe14ad-9e6b-46b1-a068-9b2313ad5366|0|0,Oat Flour Pancakes,Main,90g (¾ cup) oat flour,90,g,Oat Flour,¾ cup,
25fe14ad-9e6b-46b1-a068-9b2313ad5366|0|1,Oat Flour Pancakes,Main,1 tsp baking soda,1,tsp,Baking Soda,,
25fe14ad-9e6b-46b1-a068-9b2313ad5366|0|2,Oat Flour Pancakes,Main,2 large eggs,2,,Egg,,
25fe14ad-9e6b-46b1-a068-9b2313ad5366|0|3,Oat Flour Pancakes,Main,75g (¼ cup + 1 tbsp) plain or Greek yoghurt,75,g,Plain,¼ cup + 1 tbsp; or Greek yoghurt,
25fe14ad-9e6b-46b1-a068-9b2313ad5366|0|4,Oat Flour Pancakes,Main,2 tbsp maple syrup or coconut syrup,2,tbsp,Maple Syrup,or coconut syrup,
865e8283-3c79-402e-a161-caf43e7d1a23|0|0,One Pan Vegan Sushi Bake,Layers,"2¼ cups (450g) cooked sushi rice, seasoned with 3 tbsp rice wine vinegar and 1 tsp sugar",2,,Sushi Rice,450g; seasoned with 3 tbsp rice wine vinegar and 1 tsp sugar,
865e8283-3c79-402e-a161-caf43e7d1a23|0|1,One Pan Vegan Sushi Bake,Layers,"3 cans (3 × 400g) hearts of palm, drained and mashed",3,can,Heart Palm,3 × 400g; drained and mashed,
865e8283-3c79-402e-a161-caf43e7d1a23|0|2,One Pan Vegan Sushi Bake,Layers,3 tbsp vegan mayonnaise or dairy-free Greek yoghurt,3,tbsp,Vegan Mayonnaise,or dairy-free Greek yoghurt,
865e8283-3c79-402e-a161-caf43e7d1a23|0|3,One Pan Vegan Sushi Bake,Layers,1 tbsp sriracha (adjust to heat preference),1,tbsp,Sriracha,adjust to heat preference,
865e8283-3c79-402e-a161-caf43e7d1a23|0|4,One Pan Vegan Sushi Bake,Layers,1 cup (165g) cooked edamame,1,cup,Edamame,165g,
865e8283-3c79-402e-a161-caf43e7d1a23|0|5,One Pan Vegan Sushi Bake,Layers,"150g firm tofu, crumbled",150,g,Firm Tofu,crumbled,
865e8283-3c79-402e-a161-caf43e7d1a23|0|6,One Pan Vegan Sushi Bake,Layers,1 tbsp coconut aminos,1,tbsp,Coconut Aminos,,
865e8283-3c79-402e-a161-caf43e7d1a23|0|7,One Pan Vegan Sushi Bake,Layers,1 tsp sesame oil,1,tsp,Sesame Oil,,
865e8283-3c79-402e-a161-caf43e7d1a23|0|8,One Pan Vegan Sushi Bake,Layers,1 tsp garlic powder,1,tsp,Garlic Granules,,
865e8283-3c79-402e-a161-caf43e7d1a23|0|9,One Pan Vegan Sushi Bake,Layers,½ tsp ground ginger,0.5,tsp,Ginger,,
865e8283-3c79-402e-a161-caf43e7d1a23|0|10,One Pan Vegan Sushi Bake,Layers,"3 sheets roasted nori, torn or cut into pieces",3,sheet,Nori,or cut into pieces; torn,
865e8283-3c79-402e-a161-caf43e7d1a23|1|0,One Pan Vegan Sushi Bake,Toppings,"1 avocado, sliced",1,,Avocado,sliced,
865e8283-3c79-402e-a161-caf43e7d1a23|1|1,One Pan Vegan Sushi Bake,Toppings,"1 medium cucumber, thinly sliced",1,,Cucumber,thinly sliced,
865e8283-3c79-402e-a161-caf43e7d1a23|1|2,One Pan Vegan Sushi Bake,Toppings,"3 scallions, thinly sliced",3,,Scallion,thinly sliced,
865e8283-3c79-402e-a161-caf43e7d1a23|1|3,One Pan Vegan Sushi Bake,Toppings,3 tbsp ginger dressing,3,tbsp,Ginger Dressing,,
865e8283-3c79-402e-a161-caf43e7d1a23|1|4,One Pan Vegan Sushi Bake,Toppings,1 tbsp sesame seeds,1,tbsp,Sesame Seeds,,
865e8283-3c79-402e-a161-caf43e7d1a23|1|5,One Pan Vegan Sushi Bake,Toppings,"Sriracha, to drizzle",,,Sriracha,to drizzle,
dbc87d21-3138-40bf-9e79-7b127d5b00e4|0|0,Pad Kra Pao - Thai Basil Chicken,Basil Chicken,340g (¾ lb) ground chicken,340,g,Chicken,¾ lb,
dbc87d21-3138-40bf-9e79-7b127d5b00e4|0|1,Pad Kra Pao - Thai Basil Chicken,Basil Chicken,"2 shallots, finely diced",2,,Shallot,finely diced,
dbc87d21-3138-40bf-9e79-7b127d5b00e4|0|2,Pad Kra Pao - Thai Basil Chicken,Basil Chicken,2 tbsp minced garlic,2,tbsp,Garlic,minced,
dbc87d21-3138-40bf-9e79-7b127d5b00e4|0|3,Pad Kra Pao - Thai Basil Chicken,Basil Chicken,"3 Thai bird's eye chillies, finely diced (reduce for less heat)",3,,Thai Bird Eye Chilli,reduce for less heat; finely diced,
dbc87d21-3138-40bf-9e79-7b127d5b00e4|0|4,Pad Kra Pao - Thai Basil Chicken,Basil Chicken,1 cup Thai basil leaves,1,cup,Thai Basil,,
dbc87d21-3138-40bf-9e79-7b127d5b00e4|0|5,Pad Kra Pao - Thai Basil Chicken,Basil Chicken,Cooking oil spray,,,Cooking Oil Spray,,
dbc87d21-3138-40bf-9e79-7b127d5b00e4|1|0,Pad Kra Pao - Thai Basil Chicken,Sauce,1 tbsp fish sauce,1,tbsp,Fish Sauce,,
dbc87d21-3138-40bf-9e79-7b127d5b00e4|1|1,Pad Kra Pao - Thai Basil Chicken,Sauce,1 tbsp soy sauce,1,tbsp,Soy Sauce,,
dbc87d21-3138-40bf-9e79-7b127d5b00e4|1|2,Pad Kra Pao - Thai Basil Chicken,Sauce,1 tbsp oyster sauce,1,tbsp,Oyster Sauce,,
dbc87d21-3138-40bf-9e79-7b127d5b00e4|1|3,Pad Kra Pao - Thai Basil Chicken,Sauce,2 tsp sugar,2,tsp,Sugar,,
dbc87d21-3138-40bf-9e79-7b127d5b00e4|1|4,Pad Kra Pao - Thai Basil Chicken,Sauce,4 tbsp chicken bone broth,4,tbsp,Chicken Bone Broth,,
dbc87d21-3138-40bf-9e79-7b127d5b00e4|2|0,Pad Kra Pao - Thai Basil Chicken,To Serve,1½ cups cooked rice,1,,Rice,,
dbc87d21-3138-40bf-9e79-7b127d5b00e4|2|1,Pad Kra Pao - Thai Basil Chicken,To Serve,"2 eggs, fried sunny-side up",2,,Egg,fried sunny-side up,
dbc87d21-3138-40bf-9e79-7b127d5b00e4|2|2,Pad Kra Pao - Thai Basil Chicken,To Serve,"1 Persian cucumber, thinly sliced",1,,Persian Cucumber,thinly sliced,
59ce8e91-2591-4b88-bdda-38b79202ed43|0|0,Pad See Ew - Thai Stir Fried Noodles,Sauce,"2 tbsp each: dark soy sauce (check GF), oyster sauce (check GF), water",2,tbsp,Dark Soy Sauce,"check GF; oyster sauce ,  water",
59ce8e91-2591-4b88-bdda-38b79202ed43|0|1,Pad See Ew - Thai Stir Fried Noodles,Sauce,"2 tsp each: light soy sauce (check GF), plain white vinegar, sugar (any type)",2,tsp,Light Soy Sauce,"check GF; any type; plain white vinegar,  sugar",
59ce8e91-2591-4b88-bdda-38b79202ed43|1|0,Pad See Ew - Thai Stir Fried Noodles,Stir Fry,"200g (7oz) dried wide rice stick noodles, or 450g (15oz) fresh wide flat rice noodles (Sen Yai)",200,g,Wide Rice Noodles,7oz; 15oz; Sen Yai; or 450g   fresh wide flat rice noodles,
59ce8e91-2591-4b88-bdda-38b79202ed43|1|1,Pad See Ew - Thai Stir Fried Noodles,Stir Fry,3 tbsp vegetable oil,3,tbsp,Vegetable Oil,,
59ce8e91-2591-4b88-bdda-38b79202ed43|1|2,Pad See Ew - Thai Stir Fried Noodles,Stir Fry,"2 garlic cloves, very finely chopped",2,,Garlic Clove,very finely chopped,
59ce8e91-2591-4b88-bdda-38b79202ed43|1|3,Pad See Ew - Thai Stir Fried Noodles,Stir Fry,"150g (1 cup) chicken thighs, thinly sliced (boneless, skinless — sub breast)",150,g,Chicken Thigh,"1 cup; boneless, skinless — sub breast; thinly sliced",
59ce8e91-2591-4b88-bdda-38b79202ed43|1|4,Pad See Ew - Thai Stir Fried Noodles,Stir Fry,1 large egg,1,,Egg,,
59ce8e91-2591-4b88-bdda-38b79202ed43|1|5,Pad See Ew - Thai Stir Fried Noodles,Stir Fry,"4 stems Chinese broccoli (gai lan), stems and leaves separated (sub broccolini)",4,,Chinese Broccoli,gai lan; sub broccolini; stems and leaves separated,
760342de-0115-436c-8f1f-daa377200ce5|0|0,Pad See Ew with Beef,Beef Marinade,"250g flank steak, thinly sliced",250,g,Flank Steak,thinly sliced,
760342de-0115-436c-8f1f-daa377200ce5|0|1,Pad See Ew with Beef,Beef Marinade,1 tsp light soy sauce (check GF),1,tsp,Light Soy Sauce,check GF,
760342de-0115-436c-8f1f-daa377200ce5|0|2,Pad See Ew with Beef,Beef Marinade,1 tsp vegetable oil,1,tsp,Vegetable Oil,,
760342de-0115-436c-8f1f-daa377200ce5|0|3,Pad See Ew with Beef,Beef Marinade,1 tsp cornstarch,1,tsp,Cornstarch,,
760342de-0115-436c-8f1f-daa377200ce5|1|0,Pad See Ew with Beef,Stir-Fry Sauce,1 tbsp oyster sauce (check GF),1,tbsp,Oyster Sauce,check GF,
760342de-0115-436c-8f1f-daa377200ce5|1|1,Pad See Ew with Beef,Stir-Fry Sauce,½ tbsp light soy sauce (check GF),0.5,tbsp,Light Soy Sauce,check GF,
760342de-0115-436c-8f1f-daa377200ce5|1|2,Pad See Ew with Beef,Stir-Fry Sauce,½ tbsp dark soy sauce (check GF),0.5,tbsp,Dark Soy Sauce,check GF,
760342de-0115-436c-8f1f-daa377200ce5|1|3,Pad See Ew with Beef,Stir-Fry Sauce,1 tsp fish sauce,1,tsp,Fish Sauce,,
760342de-0115-436c-8f1f-daa377200ce5|1|4,Pad See Ew with Beef,Stir-Fry Sauce,2 tsp caster sugar,2,tsp,Caster Sugar,,
760342de-0115-436c-8f1f-daa377200ce5|1|5,Pad See Ew with Beef,Stir-Fry Sauce,½ tsp ground white pepper,0.5,tsp,White Pepper,,
760342de-0115-436c-8f1f-daa377200ce5|1|6,Pad See Ew with Beef,Stir-Fry Sauce,2 tbsp water,2,tbsp,Water,,
760342de-0115-436c-8f1f-daa377200ce5|2|0,Pad See Ew with Beef,Stir Fry,200g dried wide rice stick noodles (or 400g fresh wide flat rice noodles — Sen Yai),200,g,Wide Rice Noodles,or 400g fresh wide flat rice noodles — Sen Yai,
760342de-0115-436c-8f1f-daa377200ce5|2|1,Pad See Ew with Beef,Stir Fry,"Vegetable oil, to cook",,,Vegetable Oil,to cook,
760342de-0115-436c-8f1f-daa377200ce5|2|2,Pad See Ew with Beef,Stir Fry,"3–4 garlic cloves, thinly sliced",3,,Garlic Clove,range; thinly sliced,
760342de-0115-436c-8f1f-daa377200ce5|2|3,Pad See Ew with Beef,Stir Fry,"3 cups (~200g) Asian greens (Chinese broccoli/gai lan), cut into 5cm pieces",3,cup,Asian Green,~200g; Chinese broccoli/gai lan; 5cm piece; cut into pieces,
760342de-0115-436c-8f1f-daa377200ce5|2|4,Pad See Ew with Beef,Stir Fry,"2 large eggs, beaten",2,,Egg,beaten,
760342de-0115-436c-8f1f-daa377200ce5|3|0,Pad See Ew with Beef,To Serve,Homemade chilli oil,,,Chilli Oil\,,
83e4a376-c3c9-4041-aa99-618d639c2b6b|0|0,Pad Thai Inspired Saucy Chicken Noodles,sauce,,,,,,NULL_LINE re-enter
83e4a376-c3c9-4041-aa99-618d639c2b6b|0|1,Pad Thai Inspired Saucy Chicken Noodles,sauce,,,,,,NULL_LINE re-enter
83e4a376-c3c9-4041-aa99-618d639c2b6b|0|2,Pad Thai Inspired Saucy Chicken Noodles,sauce,,,,,,NULL_LINE re-enter
83e4a376-c3c9-4041-aa99-618d639c2b6b|0|3,Pad Thai Inspired Saucy Chicken Noodles,sauce,,,,,,NULL_LINE re-enter
83e4a376-c3c9-4041-aa99-618d639c2b6b|0|4,Pad Thai Inspired Saucy Chicken Noodles,sauce,,,,,,NULL_LINE re-enter
83e4a376-c3c9-4041-aa99-618d639c2b6b|0|5,Pad Thai Inspired Saucy Chicken Noodles,sauce,,,,,,NULL_LINE re-enter
83e4a376-c3c9-4041-aa99-618d639c2b6b|0|6,Pad Thai Inspired Saucy Chicken Noodles,sauce,,,,,,NULL_LINE re-enter
83e4a376-c3c9-4041-aa99-618d639c2b6b|1|0,Pad Thai Inspired Saucy Chicken Noodles,garnish,,,,,,NULL_LINE re-enter
83e4a376-c3c9-4041-aa99-618d639c2b6b|1|1,Pad Thai Inspired Saucy Chicken Noodles,garnish,,,,,,NULL_LINE re-enter
83e4a376-c3c9-4041-aa99-618d639c2b6b|2|0,Pad Thai Inspired Saucy Chicken Noodles,pad thai,,,,,,NULL_LINE re-enter
83e4a376-c3c9-4041-aa99-618d639c2b6b|2|1,Pad Thai Inspired Saucy Chicken Noodles,pad thai,,,,,,NULL_LINE re-enter
83e4a376-c3c9-4041-aa99-618d639c2b6b|2|2,Pad Thai Inspired Saucy Chicken Noodles,pad thai,,,,,,NULL_LINE re-enter
83e4a376-c3c9-4041-aa99-618d639c2b6b|2|3,Pad Thai Inspired Saucy Chicken Noodles,pad thai,,,,,,NULL_LINE re-enter
83e4a376-c3c9-4041-aa99-618d639c2b6b|2|4,Pad Thai Inspired Saucy Chicken Noodles,pad thai,,,,,,NULL_LINE re-enter
83e4a376-c3c9-4041-aa99-618d639c2b6b|2|5,Pad Thai Inspired Saucy Chicken Noodles,pad thai,,,,,,NULL_LINE re-enter
83e4a376-c3c9-4041-aa99-618d639c2b6b|2|6,Pad Thai Inspired Saucy Chicken Noodles,pad thai,,,,,,NULL_LINE re-enter
83e4a376-c3c9-4041-aa99-618d639c2b6b|2|7,Pad Thai Inspired Saucy Chicken Noodles,pad thai,,,,,,NULL_LINE re-enter
83e4a376-c3c9-4041-aa99-618d639c2b6b|2|8,Pad Thai Inspired Saucy Chicken Noodles,pad thai,,,,,,NULL_LINE re-enter
83e4a376-c3c9-4041-aa99-618d639c2b6b|2|9,Pad Thai Inspired Saucy Chicken Noodles,pad thai,,,,,,NULL_LINE re-enter
83e4a376-c3c9-4041-aa99-618d639c2b6b|2|10,Pad Thai Inspired Saucy Chicken Noodles,pad thai,,,,,,NULL_LINE re-enter
83e4a376-c3c9-4041-aa99-618d639c2b6b|2|11,Pad Thai Inspired Saucy Chicken Noodles,pad thai,,,,,,NULL_LINE re-enter
83e4a376-c3c9-4041-aa99-618d639c2b6b|2|12,Pad Thai Inspired Saucy Chicken Noodles,pad thai,,,,,,NULL_LINE re-enter
10f16d90-c115-4f86-80ae-38bb11323f29|0|0,Pad Thai with Chicken and Prawns,Noodles,250g dried rice noodles,250,g,Rice Noodles,,
10f16d90-c115-4f86-80ae-38bb11323f29|0|1,Pad Thai with Chicken and Prawns,Noodles,"Thai chilli powder, to serve",,,Thai Chilli Powder,to serve,
10f16d90-c115-4f86-80ae-38bb11323f29|0|2,Pad Thai with Chicken and Prawns,Noodles,"Lime wedges, to serve",,,Lime Wedge,to serve,
10f16d90-c115-4f86-80ae-38bb11323f29|1|0,Pad Thai with Chicken and Prawns,Pad Thai Sauce,2½ tbsp tamarind purée,2,,Tamarind Paste,,
10f16d90-c115-4f86-80ae-38bb11323f29|1|1,Pad Thai with Chicken and Prawns,Pad Thai Sauce,3½ tbsp brown sugar,3,,Brown Sugar,,
10f16d90-c115-4f86-80ae-38bb11323f29|1|2,Pad Thai with Chicken and Prawns,Pad Thai Sauce,3 tbsp fish sauce,3,tbsp,Fish Sauce,,
10f16d90-c115-4f86-80ae-38bb11323f29|1|3,Pad Thai with Chicken and Prawns,Pad Thai Sauce,2 tbsp oyster sauce (check GF),2,tbsp,Oyster Sauce,check GF,
10f16d90-c115-4f86-80ae-38bb11323f29|2|0,Pad Thai with Chicken and Prawns,Stir Fry,3 tbsp neutral oil,3,tbsp,Oil,,
10f16d90-c115-4f86-80ae-38bb11323f29|2|1,Pad Thai with Chicken and Prawns,Stir Fry,"3–4 garlic cloves, finely chopped",3,,Garlic Clove,range; finely chopped,
10f16d90-c115-4f86-80ae-38bb11323f29|2|2,Pad Thai with Chicken and Prawns,Stir Fry,"1 small onion, sliced",1,,Yellow Onion,sliced,
10f16d90-c115-4f86-80ae-38bb11323f29|2|3,Pad Thai with Chicken and Prawns,Stir Fry,"200g chicken thigh, thinly sliced",200,g,Chicken Thigh,thinly sliced,
10f16d90-c115-4f86-80ae-38bb11323f29|2|4,Pad Thai with Chicken and Prawns,Stir Fry,"150g prawn tails, peeled and deveined",150,g,Prawn Tail,peeled and deveined,
10f16d90-c115-4f86-80ae-38bb11323f29|2|5,Pad Thai with Chicken and Prawns,Stir Fry,"3 spring onions, cut into 3cm pieces (whites and greens separated)",3,,Spring Onion,whites and greens separated; 3cm piece; cut into pieces,
10f16d90-c115-4f86-80ae-38bb11323f29|2|6,Pad Thai with Chicken and Prawns,Stir Fry,"2 large eggs, lightly whisked",2,,Egg,lightly whisked,
10f16d90-c115-4f86-80ae-38bb11323f29|2|7,Pad Thai with Chicken and Prawns,Stir Fry,1½ cups bean sprouts,1,,Bean Sprout,,
10f16d90-c115-4f86-80ae-38bb11323f29|2|8,Pad Thai with Chicken and Prawns,Stir Fry,"½ cup firm tofu, sliced into strips",0.5,cup,Firm Tofu,sliced into strips,
10f16d90-c115-4f86-80ae-38bb11323f29|2|9,Pad Thai with Chicken and Prawns,Stir Fry,⅓ cup finely chopped peanuts,0.333,cup,Peanuts,finely chopped,
562ebe50-ee42-49dd-aa28-439082551cdd|0|0,Pad Thai with Prawns,Sauce,1 tbsp oyster sauce,1,tbsp,Oyster Sauce,,
562ebe50-ee42-49dd-aa28-439082551cdd|0|1,Pad Thai with Prawns,Sauce,2 tbsp fish sauce,2,tbsp,Fish Sauce,,
562ebe50-ee42-49dd-aa28-439082551cdd|0|2,Pad Thai with Prawns,Sauce,1 tbsp soy sauce,1,tbsp,Soy Sauce,,
562ebe50-ee42-49dd-aa28-439082551cdd|0|3,Pad Thai with Prawns,Sauce,2 tsp sriracha,2,tsp,Sriracha,,
562ebe50-ee42-49dd-aa28-439082551cdd|0|4,Pad Thai with Prawns,Sauce,Juice of ½ lime,,,Lime Juice,,
562ebe50-ee42-49dd-aa28-439082551cdd|0|5,Pad Thai with Prawns,Sauce,1 small tbsp tamarind paste,1,tbsp,Tamarind Paste,,
562ebe50-ee42-49dd-aa28-439082551cdd|0|6,Pad Thai with Prawns,Sauce,1 tbsp brown sugar or equivalent sweetener (e.g. erythritol),1,tbsp,Brown Sugar,e.g. erythritol; or equivalent sweetener,
562ebe50-ee42-49dd-aa28-439082551cdd|0|7,Pad Thai with Prawns,Sauce,1 tsp peanut butter,1,tsp,Peanut Butter,,
562ebe50-ee42-49dd-aa28-439082551cdd|0|8,Pad Thai with Prawns,Sauce,1 tbsp water,1,tbsp,Water,,
562ebe50-ee42-49dd-aa28-439082551cdd|1|0,Pad Thai with Prawns,Main,120g rice noodles,120,g,Rice Noodles,,
562ebe50-ee42-49dd-aa28-439082551cdd|1|1,Pad Thai with Prawns,Main,"1 red pepper, cut into thin slices",1,,Red Bell Pepper,cut into thin slices,
562ebe50-ee42-49dd-aa28-439082551cdd|1|2,Pad Thai with Prawns,Main,"150g tender stem broccoli, cut in ½",150,g,Tenderstem Broccoli,cut in ½,
562ebe50-ee42-49dd-aa28-439082551cdd|1|3,Pad Thai with Prawns,Main,1 garlic clove,1,,Garlic Clove,,
562ebe50-ee42-49dd-aa28-439082551cdd|1|4,Pad Thai with Prawns,Main,2 spring onions,2,,Spring Onion,,
562ebe50-ee42-49dd-aa28-439082551cdd|1|5,Pad Thai with Prawns,Main,"1 carrot, julienned",1,,Carrot,julienned,
562ebe50-ee42-49dd-aa28-439082551cdd|1|6,Pad Thai with Prawns,Main,1 large egg,1,,Egg,,
562ebe50-ee42-49dd-aa28-439082551cdd|1|7,Pad Thai with Prawns,Main,2 tsp toasted sesame oil,2,tsp,Sesame Oil,toasted,
562ebe50-ee42-49dd-aa28-439082551cdd|1|8,Pad Thai with Prawns,Main,160g prawns (protein of choice),160,g,Prawn,protein of choice,
562ebe50-ee42-49dd-aa28-439082551cdd|1|9,Pad Thai with Prawns,Main,1 lime and roasted peanuts to serve,1,,Lime,to serve,split
562ebe50-ee42-49dd-aa28-439082551cdd|1|9-2,Pad Thai with Prawns,Main,1 lime and roasted peanuts to serve,,,Peanuts,to serve; (split — set qty),split
f1e987eb-07f9-4400-8324-b52ad22d8233|0|0,Peach and Nectarine Overnight Oats,Oats,½ a peach or nectarine,0.5,,Peach,or nectarine,
f1e987eb-07f9-4400-8324-b52ad22d8233|0|1,Peach and Nectarine Overnight Oats,Oats,200ml non-dairy milk,200,ml,Non-dairy Milk,,
f1e987eb-07f9-4400-8324-b52ad22d8233|0|2,Peach and Nectarine Overnight Oats,Oats,60g oats,60,g,Oats,,
f1e987eb-07f9-4400-8324-b52ad22d8233|0|3,Peach and Nectarine Overnight Oats,Oats,1 tbsp chia seeds,1,tbsp,Chia Seed,,
f1e987eb-07f9-4400-8324-b52ad22d8233|1|0,Peach and Nectarine Overnight Oats,Suggested Toppings,Vanilla yoghurt (use dairy-free),,,Vanilla Plain Yoghurt,use dairy-free,
f1e987eb-07f9-4400-8324-b52ad22d8233|1|1,Peach and Nectarine Overnight Oats,Suggested Toppings,Peach or nectarine slices,,,Peach,or nectarine slices,
f1e987eb-07f9-4400-8324-b52ad22d8233|1|2,Peach and Nectarine Overnight Oats,Suggested Toppings,Granola (check GF),,,Granola,check GF,
f1e987eb-07f9-4400-8324-b52ad22d8233|1|3,Peach and Nectarine Overnight Oats,Suggested Toppings,Almond butter,,,Almond Butter,,
1b942de0-4e1d-4046-9f67-99e1e455f921|0|0,Peaches and Cream Chia Pudding,Pudding,1 peach,1,,Peach,,
1b942de0-4e1d-4046-9f67-99e1e455f921|0|1,Peaches and Cream Chia Pudding,Pudding,1 cup milk of choice,1,cup,Milk Choice,,
1b942de0-4e1d-4046-9f67-99e1e455f921|0|2,Peaches and Cream Chia Pudding,Pudding,1 tbsp maple syrup,1,tbsp,Maple Syrup,,
1b942de0-4e1d-4046-9f67-99e1e455f921|0|3,Peaches and Cream Chia Pudding,Pudding,½ tsp vanilla extract,0.5,tsp,Vanilla Extract,,
1b942de0-4e1d-4046-9f67-99e1e455f921|0|4,Peaches and Cream Chia Pudding,Pudding,4 tbsp chia seeds,4,tbsp,Chia Seed,,
1b942de0-4e1d-4046-9f67-99e1e455f921|1|0,Peaches and Cream Chia Pudding,Toppings,Peach jam,,,Peach Jam,,
1b942de0-4e1d-4046-9f67-99e1e455f921|1|1,Peaches and Cream Chia Pudding,Toppings,Greek yoghurt (sub coconut or soya yoghurt to keep DF),,,Greek Yoghurt,sub coconut or soya yoghurt to keep DF,
1b942de0-4e1d-4046-9f67-99e1e455f921|1|2,Peaches and Cream Chia Pudding,Toppings,Chopped peaches,,,Peach,Chopped,
1b942de0-4e1d-4046-9f67-99e1e455f921|1|3,Peaches and Cream Chia Pudding,Toppings,Coconut flakes,,,Coconut Flake,,
f2bf6f39-d6d7-40a7-b2d8-9ddf858d1bc4|0|0,Peanut Butter and Jam Breakfast Oat Bars,Base and Crumble,200g rolled oats (not instant),200,g,Rolled Oats,not instant,
f2bf6f39-d6d7-40a7-b2d8-9ddf858d1bc4|0|1,Peanut Butter and Jam Breakfast Oat Bars,Base and Crumble,1 large banana or 1½ small (sub 100g unsweetened applesauce to keep banana-free),1,,Banana,sub 100g unsweetened applesauce to keep banana-free; or 1½ small,
f2bf6f39-d6d7-40a7-b2d8-9ddf858d1bc4|0|2,Peanut Butter and Jam Breakfast Oat Bars,Base and Crumble,1 tsp vanilla extract,1,tsp,Vanilla Extract,,
f2bf6f39-d6d7-40a7-b2d8-9ddf858d1bc4|0|3,Peanut Butter and Jam Breakfast Oat Bars,Base and Crumble,2 tbsp brown sugar or powdered sweetener,2,tbsp,Brown Sugar,or powdered sweetener,
f2bf6f39-d6d7-40a7-b2d8-9ddf858d1bc4|0|4,Peanut Butter and Jam Breakfast Oat Bars,Base and Crumble,2 heaped tbsp chunky peanut butter,2,tbsp,Chunky Peanut Butter,heaped,
f2bf6f39-d6d7-40a7-b2d8-9ddf858d1bc4|0|5,Peanut Butter and Jam Breakfast Oat Bars,Base and Crumble,1 tsp baking powder,1,tsp,Baking Powder,,
f2bf6f39-d6d7-40a7-b2d8-9ddf858d1bc4|0|6,Peanut Butter and Jam Breakfast Oat Bars,Base and Crumble,5 tbsp milk of choice,5,tbsp,Milk Choice,,
f2bf6f39-d6d7-40a7-b2d8-9ddf858d1bc4|0|7,Peanut Butter and Jam Breakfast Oat Bars,Base and Crumble,Pinch of salt,1,pinch,Salt,,
f2bf6f39-d6d7-40a7-b2d8-9ddf858d1bc4|1|0,Peanut Butter and Jam Breakfast Oat Bars,Raspberry Chia Jam,400g frozen raspberries,400,g,Raspberry,,
f2bf6f39-d6d7-40a7-b2d8-9ddf858d1bc4|1|1,Peanut Butter and Jam Breakfast Oat Bars,Raspberry Chia Jam,1 heaped tbsp chia seeds,1,tbsp,Chia Seed,heaped,
f2bf6f39-d6d7-40a7-b2d8-9ddf858d1bc4|1|2,Peanut Butter and Jam Breakfast Oat Bars,Raspberry Chia Jam,1 tsp vanilla extract,1,tsp,Vanilla Extract,,
f2bf6f39-d6d7-40a7-b2d8-9ddf858d1bc4|1|3,Peanut Butter and Jam Breakfast Oat Bars,Raspberry Chia Jam,1 tbsp honey or sugar (optional),1,tbsp,Honey,optional; or sugar,
ccc66272-46f2-4751-b2a1-802b6bc2996e|0|0,Peanut Butter Banana French Toast,French Toast,2 slices bread (use GF bread to keep GF),2,slice,Bread,use GF bread to keep GF,
ccc66272-46f2-4751-b2a1-802b6bc2996e|0|1,Peanut Butter Banana French Toast,French Toast,Peanut butter,,,Peanut Butter,,
ccc66272-46f2-4751-b2a1-802b6bc2996e|0|2,Peanut Butter Banana French Toast,French Toast,Sliced banana (sub sliced strawberries or mango to keep banana-free),,,Banana,sub sliced strawberries or mango to keep banana-free; Sliced,
ccc66272-46f2-4751-b2a1-802b6bc2996e|0|3,Peanut Butter Banana French Toast,French Toast,1 egg,1,,Egg,,
ccc66272-46f2-4751-b2a1-802b6bc2996e|0|4,Peanut Butter Banana French Toast,French Toast,Oat milk,,,Oat Milk,,
ccc66272-46f2-4751-b2a1-802b6bc2996e|0|5,Peanut Butter Banana French Toast,French Toast,Vanilla,,,Vanilla,,
ccc66272-46f2-4751-b2a1-802b6bc2996e|0|6,Peanut Butter Banana French Toast,French Toast,Cinnamon,,,Cinnamon,,
ccc66272-46f2-4751-b2a1-802b6bc2996e|1|0,Peanut Butter Banana French Toast,To Serve,Fresh fruit,,,Fruit,,
ccc66272-46f2-4751-b2a1-802b6bc2996e|1|1,Peanut Butter Banana French Toast,To Serve,Maple syrup,,,Maple Syrup,,
d4197b97-369b-4e0f-a5ec-555c4ac2d620|0|0,Peanut Butter Chicken Coconut Noodles,Main,200–300g leftover shredded chicken,200,g,Leftover Chicken,range,
d4197b97-369b-4e0f-a5ec-555c4ac2d620|0|1,Peanut Butter Chicken Coconut Noodles,Main,1 heaped tbsp smooth peanut butter,1,tbsp,Smooth Peanut Butter,heaped,
d4197b97-369b-4e0f-a5ec-555c4ac2d620|0|2,Peanut Butter Chicken Coconut Noodles,Main,150ml coconut cream,150,ml,Coconut Cream,,
d4197b97-369b-4e0f-a5ec-555c4ac2d620|0|3,Peanut Butter Chicken Coconut Noodles,Main,100ml chicken stock,100,ml,Chicken Stock,,
d4197b97-369b-4e0f-a5ec-555c4ac2d620|0|4,Peanut Butter Chicken Coconut Noodles,Main,"1 shallot, finely diced",1,,Shallot,finely diced,
d4197b97-369b-4e0f-a5ec-555c4ac2d620|0|5,Peanut Butter Chicken Coconut Noodles,Main,"4 garlic cloves, minced",4,,Garlic Clove,minced,
d4197b97-369b-4e0f-a5ec-555c4ac2d620|0|6,Peanut Butter Chicken Coconut Noodles,Main,"3 inch piece fresh ginger, minced",3,,Ginger,minced,
d4197b97-369b-4e0f-a5ec-555c4ac2d620|0|7,Peanut Butter Chicken Coconut Noodles,Main,1 tbsp soy sauce (check GF),1,tbsp,Soy Sauce,check GF,
d4197b97-369b-4e0f-a5ec-555c4ac2d620|0|8,Peanut Butter Chicken Coconut Noodles,Main,1 tsp Chinese five spice,1,tsp,Chinese Five Spice,,
d4197b97-369b-4e0f-a5ec-555c4ac2d620|0|9,Peanut Butter Chicken Coconut Noodles,Main,½ tsp turmeric,0.5,tsp,Turmeric Powder,,
d4197b97-369b-4e0f-a5ec-555c4ac2d620|0|10,Peanut Butter Chicken Coconut Noodles,Main,200g rice noodles,200,g,Rice Noodles,,
d4197b97-369b-4e0f-a5ec-555c4ac2d620|1|0,Peanut Butter Chicken Coconut Noodles,To Finish,"Cucumber, cut into batons",,,Cucumber,cut into batons,
d4197b97-369b-4e0f-a5ec-555c4ac2d620|1|1,Peanut Butter Chicken Coconut Noodles,To Finish,"Spring onion, sliced",,,Spring Onion,sliced,
d4197b97-369b-4e0f-a5ec-555c4ac2d620|1|2,Peanut Butter Chicken Coconut Noodles,To Finish,"Chilli oil, to drizzle",,,Chilli Oil,to drizzle,
43d552fd-4561-42bc-b9d5-07d70dd14912|0|0,Peanut Butter Chicken Katsu Noodles,Peanut Katsu Sauce,"1 carrot (~100g), cut into small pieces",1,,Carrot,~100g; cut into small pieces,
43d552fd-4561-42bc-b9d5-07d70dd14912|0|1,Peanut Butter Chicken Katsu Noodles,Peanut Katsu Sauce,"2 onions, cut into small pieces",2,,Yellow Onion,cut into small pieces,
43d552fd-4561-42bc-b9d5-07d70dd14912|0|2,Peanut Butter Chicken Katsu Noodles,Peanut Katsu Sauce,5 garlic cloves,5,,Garlic Clove,,
43d552fd-4561-42bc-b9d5-07d70dd14912|0|3,Peanut Butter Chicken Katsu Noodles,Peanut Katsu Sauce,3 inch piece fresh ginger,3,,Ginger,,
43d552fd-4561-42bc-b9d5-07d70dd14912|0|4,Peanut Butter Chicken Katsu Noodles,Peanut Katsu Sauce,1 heaped tsp curry powder,1,tsp,Curry Powder,heaped,
43d552fd-4561-42bc-b9d5-07d70dd14912|0|5,Peanut Butter Chicken Katsu Noodles,Peanut Katsu Sauce,1 tbsp soy sauce (check GF),1,tbsp,Soy Sauce,check GF,
43d552fd-4561-42bc-b9d5-07d70dd14912|0|6,Peanut Butter Chicken Katsu Noodles,Peanut Katsu Sauce,½ tsp turmeric,0.5,tsp,Turmeric Powder,,
43d552fd-4561-42bc-b9d5-07d70dd14912|0|7,Peanut Butter Chicken Katsu Noodles,Peanut Katsu Sauce,2 tbsp smooth peanut butter,2,tbsp,Smooth Peanut Butter,,
43d552fd-4561-42bc-b9d5-07d70dd14912|0|8,Peanut Butter Chicken Katsu Noodles,Peanut Katsu Sauce,500ml vegetable stock,500,ml,Vegetable Stock,,
43d552fd-4561-42bc-b9d5-07d70dd14912|1|0,Peanut Butter Chicken Katsu Noodles,To Serve,Rice of choice,,,Rice,,
43d552fd-4561-42bc-b9d5-07d70dd14912|1|1,Peanut Butter Chicken Katsu Noodles,To Serve,"Chicken breast or thighs, cooked",,,Chicken Breast,"or thighs, cooked",
43d552fd-4561-42bc-b9d5-07d70dd14912|1|2,Peanut Butter Chicken Katsu Noodles,To Serve,Side salad,,,Side Salad,,
d0f0d16f-5d01-4cd2-aac5-7c2f47f699c2|0|0,Peanut Butter Cup Overnight Oats,Main,"50g oats, blended",50,g,Oats,blended,
d0f0d16f-5d01-4cd2-aac5-7c2f47f699c2|0|1,Peanut Butter Cup Overnight Oats,Main,1 scoop vegan chocolate hazelnut protein powder,1,scoop,Vegan Chocolate Hazelnut Protein Powder,,
d0f0d16f-5d01-4cd2-aac5-7c2f47f699c2|0|2,Peanut Butter Cup Overnight Oats,Main,2 tbsp sugar-free maple syrup,2,tbsp,Sugar Free Maple Syrup,,
d0f0d16f-5d01-4cd2-aac5-7c2f47f699c2|0|3,Peanut Butter Cup Overnight Oats,Main,Approx. 100ml almond milk (enough for cake batter consistency),100,ml,Almond Milk,enough for cake batter consistency,
d0f0d16f-5d01-4cd2-aac5-7c2f47f699c2|0|4,Peanut Butter Cup Overnight Oats,Main,Optional: 1 tbsp peanut butter (pressed into centre),1,tbsp,Peanut Butter,pressed into centre,
d0f0d16f-5d01-4cd2-aac5-7c2f47f699c2|1|0,Peanut Butter Cup Overnight Oats,Topping,1 peanut butter cup (e.g. Gatao & Co or similar),1,,Peanut Butter Cup,e.g. Gatao & Co or similar,
4baff14f-f055-4f9e-b42d-e94250a85288|0|0,Peanut Butter Protein Balls,Dry,2 cups oats,2,cup,Oats,,
4baff14f-f055-4f9e-b42d-e94250a85288|0|1,Peanut Butter Protein Balls,Dry,1/4 cup roasted peanuts,0.25,cup,Peanuts,,
4baff14f-f055-4f9e-b42d-e94250a85288|0|2,Peanut Butter Protein Balls,Dry,2 scoops vanilla protein powder,2,scoop,Vanilla Protein Powder,,
4baff14f-f055-4f9e-b42d-e94250a85288|0|3,Peanut Butter Protein Balls,Dry,Pinch salt,1,pinch,Salt,,
4baff14f-f055-4f9e-b42d-e94250a85288|0|4,Peanut Butter Protein Balls,Dry,Pinch cinnamon,1,pinch,Cinnamon,,
4baff14f-f055-4f9e-b42d-e94250a85288|1|0,Peanut Butter Protein Balls,Wet,1/2 cup peanut butter,0.5,cup,Peanut Butter,,
4baff14f-f055-4f9e-b42d-e94250a85288|1|1,Peanut Butter Protein Balls,Wet,3 tbsp coconut oil,3,tbsp,Coconut Oil,,
4baff14f-f055-4f9e-b42d-e94250a85288|1|2,Peanut Butter Protein Balls,Wet,3-4 tbsp maple syrup,3,tbsp,Maple Syrup,range,
4baff14f-f055-4f9e-b42d-e94250a85288|1|3,Peanut Butter Protein Balls,Wet,"A handful (about 6) medjool dates, soaked in hot water",1,handful,Medjool Date,about 6; soaked in hot water,
4baff14f-f055-4f9e-b42d-e94250a85288|2|0,Peanut Butter Protein Balls,Topping,Melted dark chocolate,,,Dark Chocolate,Melted,
4baff14f-f055-4f9e-b42d-e94250a85288|2|1,Peanut Butter Protein Balls,Topping,Cacao nibs,,,Cacao Nib,,
4baff14f-f055-4f9e-b42d-e94250a85288|2|2,Peanut Butter Protein Balls,Topping,Pinch sea salt,1,pinch,Sea Salt,,
f9dd0eea-31e2-49b7-829d-9de12baf0e97|0|0,Peanut Noodle Stir Fry,Peanut Sauce,1/2 cup peanut butter,0.5,cup,Peanut Butter,,
f9dd0eea-31e2-49b7-829d-9de12baf0e97|0|1,Peanut Noodle Stir Fry,Peanut Sauce,3 tbsp tamari,3,tbsp,Tamari,,
f9dd0eea-31e2-49b7-829d-9de12baf0e97|0|2,Peanut Noodle Stir Fry,Peanut Sauce,2 tbsp lime juice,2,tbsp,Lime Juice,,
f9dd0eea-31e2-49b7-829d-9de12baf0e97|0|3,Peanut Noodle Stir Fry,Peanut Sauce,1 tbsp rice malt syrup,1,tbsp,Rice Malt Syrup,,
f9dd0eea-31e2-49b7-829d-9de12baf0e97|0|4,Peanut Noodle Stir Fry,Peanut Sauce,2 tsp curry powder,2,tsp,Curry Powder,,
f9dd0eea-31e2-49b7-829d-9de12baf0e97|0|5,Peanut Noodle Stir Fry,Peanut Sauce,1/2 tsp garlic powder,0.5,tsp,Garlic Granules,,
f9dd0eea-31e2-49b7-829d-9de12baf0e97|0|6,Peanut Noodle Stir Fry,Peanut Sauce,1/2 tsp chilli powder,0.5,tsp,Chilli Powder,,
f9dd0eea-31e2-49b7-829d-9de12baf0e97|0|7,Peanut Noodle Stir Fry,Peanut Sauce,Pinch of pepper,1,pinch,Pepper,,
f9dd0eea-31e2-49b7-829d-9de12baf0e97|0|8,Peanut Noodle Stir Fry,Peanut Sauce,3-4 tbsp water (to thin),3,tbsp,Water,to thin; range,
f9dd0eea-31e2-49b7-829d-9de12baf0e97|1|0,Peanut Noodle Stir Fry,Stir Fry,"2 heads bok choy, chopped",2,head,Bok Choy,chopped,
f9dd0eea-31e2-49b7-829d-9de12baf0e97|1|1,Peanut Noodle Stir Fry,Stir Fry,"1 zucchini, diced",1,,Zucchini,diced,
f9dd0eea-31e2-49b7-829d-9de12baf0e97|1|2,Peanut Noodle Stir Fry,Stir Fry,"1 bunch broccolini, sliced",1,bunch,Broccolini,sliced,
f9dd0eea-31e2-49b7-829d-9de12baf0e97|1|3,Peanut Noodle Stir Fry,Stir Fry,"1 green capsicum, sliced",1,,Green Bell Pepper,sliced,
f9dd0eea-31e2-49b7-829d-9de12baf0e97|1|4,Peanut Noodle Stir Fry,Stir Fry,1 cup frozen peas,1,cup,Peas,,
f9dd0eea-31e2-49b7-829d-9de12baf0e97|1|5,Peanut Noodle Stir Fry,Stir Fry,"450g firm tofu, crumbled",450,g,Firm Tofu,crumbled,
f9dd0eea-31e2-49b7-829d-9de12baf0e97|1|6,Peanut Noodle Stir Fry,Stir Fry,1 tbsp water,1,tbsp,Water,,
f9dd0eea-31e2-49b7-829d-9de12baf0e97|1|7,Peanut Noodle Stir Fry,Stir Fry,"200g vermicelli rice noodles, cooked and drained",200,g,Vermicelli Rice Noodles,cooked and drained,
f9dd0eea-31e2-49b7-829d-9de12baf0e97|2|0,Peanut Noodle Stir Fry,Garnish,Sesame seeds,,,Sesame Seeds,,
f9dd0eea-31e2-49b7-829d-9de12baf0e97|2|1,Peanut Noodle Stir Fry,Garnish,Coriander,,,Coriander,,
1f2fb1c7-a20a-4579-ae09-d9b845765595|0|0,Peanut Tofu Salad Jars,Tofu,1 x 16oz block extra firm tofu,1,,Block Extra Firm Tofu,,
1f2fb1c7-a20a-4579-ae09-d9b845765595|0|1,Peanut Tofu Salad Jars,Tofu,2 tbsp coconut aminos,2,tbsp,Coconut Aminos,,
1f2fb1c7-a20a-4579-ae09-d9b845765595|0|2,Peanut Tofu Salad Jars,Tofu,1 tbsp soy sauce,1,tbsp,Soy Sauce,,
1f2fb1c7-a20a-4579-ae09-d9b845765595|0|3,Peanut Tofu Salad Jars,Tofu,1 tsp garlic powder,1,tsp,Garlic Granules,,
1f2fb1c7-a20a-4579-ae09-d9b845765595|0|4,Peanut Tofu Salad Jars,Tofu,1 tsp onion powder,1,tsp,Onion Powder,,
1f2fb1c7-a20a-4579-ae09-d9b845765595|1|0,Peanut Tofu Salad Jars,Salad,Cooked quinoa (frozen microwave quinoa works well),,,Quinoa,frozen microwave quinoa works well,
1f2fb1c7-a20a-4579-ae09-d9b845765595|1|1,Peanut Tofu Salad Jars,Salad,1 cucumber,1,,Cucumber,,
1f2fb1c7-a20a-4579-ae09-d9b845765595|1|2,Peanut Tofu Salad Jars,Salad,Shredded carrots,,,Carrot,Shredded,
1f2fb1c7-a20a-4579-ae09-d9b845765595|1|3,Peanut Tofu Salad Jars,Salad,Shredded purple cabbage,,,Purple Cabbage,Shredded,
1f2fb1c7-a20a-4579-ae09-d9b845765595|1|4,Peanut Tofu Salad Jars,Salad,3 green onions,3,,Green Onion,,
1f2fb1c7-a20a-4579-ae09-d9b845765595|1|5,Peanut Tofu Salad Jars,Salad,1¼ cups edamame (frozen works well),1,,Edamame,frozen works well,
1f2fb1c7-a20a-4579-ae09-d9b845765595|2|0,Peanut Tofu Salad Jars,Peanut Dressing,1/3 cup powdered peanut butter,0.333,cup,Peanut Butter Powder,,
1f2fb1c7-a20a-4579-ae09-d9b845765595|2|1,Peanut Tofu Salad Jars,Peanut Dressing,3 tbsp coconut aminos,3,tbsp,Coconut Aminos,,
1f2fb1c7-a20a-4579-ae09-d9b845765595|2|2,Peanut Tofu Salad Jars,Peanut Dressing,2 tsp lime juice,2,tsp,Lime Juice,,
1f2fb1c7-a20a-4579-ae09-d9b845765595|2|3,Peanut Tofu Salad Jars,Peanut Dressing,1 tbsp maple syrup,1,tbsp,Maple Syrup,,
1f2fb1c7-a20a-4579-ae09-d9b845765595|2|4,Peanut Tofu Salad Jars,Peanut Dressing,2 tsp sriracha,2,tsp,Sriracha,,
1f2fb1c7-a20a-4579-ae09-d9b845765595|2|5,Peanut Tofu Salad Jars,Peanut Dressing,1 tsp garlic powder,1,tsp,Garlic Granules,,
1f2fb1c7-a20a-4579-ae09-d9b845765595|2|6,Peanut Tofu Salad Jars,Peanut Dressing,1/2 tsp onion powder,0.5,tsp,Onion Powder,,
1f2fb1c7-a20a-4579-ae09-d9b845765595|2|7,Peanut Tofu Salad Jars,Peanut Dressing,3 tbsp warm water (add more 1 tbsp at a time if too thick),3,tbsp,Warm Water,add more 1 tbsp at a time if too thick,
fab8d7d6-0d2f-4f93-960c-6ff7aa348ec4|0|0,Peanutty Chicken Salad,Peanut Dressing,1 tbsp soy sauce (check GF),1,tbsp,Soy Sauce,check GF,
fab8d7d6-0d2f-4f93-960c-6ff7aa348ec4|0|1,Peanutty Chicken Salad,Peanut Dressing,1 tsp garlic and ginger paste,1,tsp,Garlic Paste,,split
fab8d7d6-0d2f-4f93-960c-6ff7aa348ec4|0|1-2,Peanutty Chicken Salad,Peanut Dressing,1 tsp garlic and ginger paste,,,Ginger Paste,(split — set qty),split
fab8d7d6-0d2f-4f93-960c-6ff7aa348ec4|0|2,Peanutty Chicken Salad,Peanut Dressing,1 tsp sriracha,1,tsp,Sriracha,,
fab8d7d6-0d2f-4f93-960c-6ff7aa348ec4|0|3,Peanutty Chicken Salad,Peanut Dressing,15g smooth peanut butter,15,g,Smooth Peanut Butter,,
fab8d7d6-0d2f-4f93-960c-6ff7aa348ec4|0|4,Peanutty Chicken Salad,Peanut Dressing,Juice of ½ large lime (or 1 small),,,Lime Juice,or 1 small,
fab8d7d6-0d2f-4f93-960c-6ff7aa348ec4|1|0,Peanutty Chicken Salad,Salad,"1 small carrot (~70g), julienned",1,,Carrot,~70g; julienned,
fab8d7d6-0d2f-4f93-960c-6ff7aa348ec4|1|1,Peanutty Chicken Salad,Salad,"~10cm cucumber, cored and finely sliced",,,Cucumber,10cm piece; cored and finely sliced,
fab8d7d6-0d2f-4f93-960c-6ff7aa348ec4|1|2,Peanutty Chicken Salad,Salad,Handful fresh mint leaves,1,handful,Mint,,
fab8d7d6-0d2f-4f93-960c-6ff7aa348ec4|1|3,Peanutty Chicken Salad,Salad,Handful fresh coriander leaves,1,handful,Coriander,,
fab8d7d6-0d2f-4f93-960c-6ff7aa348ec4|1|4,Peanutty Chicken Salad,Salad,"75g frozen edamame, thawed",75,g,Edamame,thawed,
fab8d7d6-0d2f-4f93-960c-6ff7aa348ec4|1|5,Peanutty Chicken Salad,Salad,"½ red chilli, sliced",0.5,,Red Chilli,sliced,
fab8d7d6-0d2f-4f93-960c-6ff7aa348ec4|1|6,Peanutty Chicken Salad,Salad,"1 cooked chicken breast (~150g), shredded",1,,Chicken Breast,~150g; shredded,
fab8d7d6-0d2f-4f93-960c-6ff7aa348ec4|1|7,Peanutty Chicken Salad,Salad,"~8g toasted peanuts, roughly chopped",,,Peanuts,roughly chopped,
fab8d7d6-0d2f-4f93-960c-6ff7aa348ec4|1|8,Peanutty Chicken Salad,Salad,1 tsp sesame seeds,1,tsp,Sesame Seeds,,
8990b52a-c5d1-4c76-b61e-a367b11a25fc|0|0,Pho Gà - Vietnamese Chicken Pho,Charred Aromatics,1 tbsp vegetable or neutral oil,1,tbsp,Vegetable,or neutral oil,
8990b52a-c5d1-4c76-b61e-a367b11a25fc|0|1,Pho Gà - Vietnamese Chicken Pho,Charred Aromatics,"2 onions, halved",2,,Yellow Onion,halved,
8990b52a-c5d1-4c76-b61e-a367b11a25fc|0|2,Pho Gà - Vietnamese Chicken Pho,Charred Aromatics,"5cm (2in) piece fresh ginger, sliced 0.75cm thick (unpeeled)",,,Ginger,2in; unpeeled; 5cm piece; 0.75cm piece; sliced thick,
8990b52a-c5d1-4c76-b61e-a367b11a25fc|1|0,Pho Gà - Vietnamese Chicken Pho,Pho Broth,2 litres (2 quarts) water,2,l,Water,2 quarts,
8990b52a-c5d1-4c76-b61e-a367b11a25fc|1|1,Pho Gà - Vietnamese Chicken Pho,Pho Broth,"1.5kg (3 lb) bone-in, skin-on chicken thighs",1.5,kg,Bone-in,3 lb; skin-on chicken thighs,
8990b52a-c5d1-4c76-b61e-a367b11a25fc|1|2,Pho Gà - Vietnamese Chicken Pho,Pho Broth,"1 small bunch fresh coriander, stems and leaves",1,bunch,Coriander,stems and leaves,
8990b52a-c5d1-4c76-b61e-a367b11a25fc|1|3,Pho Gà - Vietnamese Chicken Pho,Pho Broth,5 star anise pods,5,,Star Anise,,
8990b52a-c5d1-4c76-b61e-a367b11a25fc|1|4,Pho Gà - Vietnamese Chicken Pho,Pho Broth,1 cinnamon stick,1,,Cinnamon Stick,,
8990b52a-c5d1-4c76-b61e-a367b11a25fc|1|5,Pho Gà - Vietnamese Chicken Pho,Pho Broth,4 cloves,,,,,review-parse
8990b52a-c5d1-4c76-b61e-a367b11a25fc|1|6,Pho Gà - Vietnamese Chicken Pho,Pho Broth,2 tsp fennel seeds,2,tsp,Fennel Seed,,
8990b52a-c5d1-4c76-b61e-a367b11a25fc|1|7,Pho Gà - Vietnamese Chicken Pho,Pho Broth,2 tsp coriander seeds,2,tsp,Coriander Seed,,
8990b52a-c5d1-4c76-b61e-a367b11a25fc|1|8,Pho Gà - Vietnamese Chicken Pho,Pho Broth,8 tsp fish sauce,8,tsp,Fish Sauce,,
8990b52a-c5d1-4c76-b61e-a367b11a25fc|1|9,Pho Gà - Vietnamese Chicken Pho,Pho Broth,6 tsp white sugar,6,tsp,White Sugar,,
8990b52a-c5d1-4c76-b61e-a367b11a25fc|1|10,Pho Gà - Vietnamese Chicken Pho,Pho Broth,"¾ tsp cooking salt (or ½ tsp fine salt), added at end",0.75,tsp,Cooking Salt,or ½ tsp fine salt; added at end,
8990b52a-c5d1-4c76-b61e-a367b11a25fc|2|0,Pho Gà - Vietnamese Chicken Pho,Noodle Bowls,360g (13oz) dried thin flat rice noodles (or 600g fresh),360,g,Vermicelli Rice Noodles,13oz; or 600g fresh,
8990b52a-c5d1-4c76-b61e-a367b11a25fc|2|1,Pho Gà - Vietnamese Chicken Pho,Noodle Bowls,"2 spring onion stems, finely sliced",2,,Spring Onion,finely sliced,
8990b52a-c5d1-4c76-b61e-a367b11a25fc|3|0,Pho Gà - Vietnamese Chicken Pho,Toppings,3 cups bean sprouts,3,cup,Bean Sprout,,
8990b52a-c5d1-4c76-b61e-a367b11a25fc|3|1,Pho Gà - Vietnamese Chicken Pho,Toppings,Thai basil,,,Thai Basil,,
8990b52a-c5d1-4c76-b61e-a367b11a25fc|3|2,Pho Gà - Vietnamese Chicken Pho,Toppings,Fresh mint,,,Mint,,
8990b52a-c5d1-4c76-b61e-a367b11a25fc|3|3,Pho Gà - Vietnamese Chicken Pho,Toppings,Fresh coriander,,,Coriander,,
8990b52a-c5d1-4c76-b61e-a367b11a25fc|3|4,Pho Gà - Vietnamese Chicken Pho,Toppings,"2 limes, cut into wedges",2,,Lime,cut into wedges,
8990b52a-c5d1-4c76-b61e-a367b11a25fc|3|5,Pho Gà - Vietnamese Chicken Pho,Toppings,Hoisin sauce (check GF),,,Hoisin Sauce,check GF,
8990b52a-c5d1-4c76-b61e-a367b11a25fc|3|6,Pho Gà - Vietnamese Chicken Pho,Toppings,Sriracha,,,Sriracha,,
8990b52a-c5d1-4c76-b61e-a367b11a25fc|3|7,Pho Gà - Vietnamese Chicken Pho,Toppings,"Red chillies, finely sliced (optional)",,,Chilli,optional; finely sliced,
0195b252-ec38-4b8d-933e-82a3c81169d9|0|0,Phò Inspired Chicken Broth and Rice,Broth,6 star anise,6,,Star Anise,,
0195b252-ec38-4b8d-933e-82a3c81169d9|0|1,Phò Inspired Chicken Broth and Rice,Broth,5 cardamom pods,5,,Cardamom Pod,,
0195b252-ec38-4b8d-933e-82a3c81169d9|0|2,Phò Inspired Chicken Broth and Rice,Broth,1 tsp coriander seeds,1,tsp,Coriander Seed,,
0195b252-ec38-4b8d-933e-82a3c81169d9|0|3,Phò Inspired Chicken Broth and Rice,Broth,1 tsp cloves,1,tsp,Clove,,
0195b252-ec38-4b8d-933e-82a3c81169d9|0|4,Phò Inspired Chicken Broth and Rice,Broth,1 cinnamon quill,1,,Cinnamon Stick,,
0195b252-ec38-4b8d-933e-82a3c81169d9|0|5,Phò Inspired Chicken Broth and Rice,Broth,"1 white onion, roughly chopped",1,,White Onion,roughly chopped,
0195b252-ec38-4b8d-933e-82a3c81169d9|0|6,Phò Inspired Chicken Broth and Rice,Broth,"1 spring onion, roughly chopped",1,,Spring Onion,roughly chopped,
0195b252-ec38-4b8d-933e-82a3c81169d9|0|7,Phò Inspired Chicken Broth and Rice,Broth,"3 garlic cloves, roughly chopped",3,,Garlic Clove,roughly chopped,
0195b252-ec38-4b8d-933e-82a3c81169d9|0|8,Phò Inspired Chicken Broth and Rice,Broth,"5 pieces fresh ginger, sliced",5,piece,Ginger,sliced,
0195b252-ec38-4b8d-933e-82a3c81169d9|0|9,Phò Inspired Chicken Broth and Rice,Broth,720ml (3 cups) chicken broth,720,ml,Chicken Broth,3 cups,
0195b252-ec38-4b8d-933e-82a3c81169d9|0|10,Phò Inspired Chicken Broth and Rice,Broth,1 tbsp fish sauce,1,tbsp,Fish Sauce,,
0195b252-ec38-4b8d-933e-82a3c81169d9|0|11,Phò Inspired Chicken Broth and Rice,Broth,1 tsp soy sauce (check GF),1,tsp,Soy Sauce,check GF,
0195b252-ec38-4b8d-933e-82a3c81169d9|0|12,Phò Inspired Chicken Broth and Rice,Broth,1 bunch coriander roots,1,bunch,Coriander Root,,
0195b252-ec38-4b8d-933e-82a3c81169d9|0|13,Phò Inspired Chicken Broth and Rice,Broth,1 tbsp palm sugar or brown sugar,1,tbsp,Palm Sugar,or brown sugar,
0195b252-ec38-4b8d-933e-82a3c81169d9|1|0,Phò Inspired Chicken Broth and Rice,Herb Rice,1 tsp sesame oil,1,tsp,Sesame Oil,,
0195b252-ec38-4b8d-933e-82a3c81169d9|1|1,Phò Inspired Chicken Broth and Rice,Herb Rice,"2 garlic cloves, finely chopped",2,,Garlic Clove,finely chopped,
0195b252-ec38-4b8d-933e-82a3c81169d9|1|2,Phò Inspired Chicken Broth and Rice,Herb Rice,"2cm fresh ginger, grated",,,Ginger,2cm piece; grated,
0195b252-ec38-4b8d-933e-82a3c81169d9|1|3,Phò Inspired Chicken Broth and Rice,Herb Rice,"2 tbsp fresh coriander, finely chopped",2,tbsp,Coriander,finely chopped,
0195b252-ec38-4b8d-933e-82a3c81169d9|1|4,Phò Inspired Chicken Broth and Rice,Herb Rice,"2 tbsp fresh mint, finely chopped",2,tbsp,Mint,finely chopped,
0195b252-ec38-4b8d-933e-82a3c81169d9|1|5,Phò Inspired Chicken Broth and Rice,Herb Rice,"½ cup (90g) jasmine rice, washed",0.5,cup,Jasmine Rice,90g; washed,
0195b252-ec38-4b8d-933e-82a3c81169d9|1|6,Phò Inspired Chicken Broth and Rice,Herb Rice,1 slice lemon,1,slice,Lemon,,
0195b252-ec38-4b8d-933e-82a3c81169d9|1|7,Phò Inspired Chicken Broth and Rice,Herb Rice,1 cup (240ml) water,1,cup,Water,240ml,
0195b252-ec38-4b8d-933e-82a3c81169d9|2|0,Phò Inspired Chicken Broth and Rice,Miso Glazed Chicken,"1 chicken breast, cut in half",1,,Chicken Breast,cut in half,
0195b252-ec38-4b8d-933e-82a3c81169d9|2|1,Phò Inspired Chicken Broth and Rice,Miso Glazed Chicken,¼ cup (60ml) hoisin sauce (check GF),0.25,cup,Hoisin Sauce,60ml; check GF,
0195b252-ec38-4b8d-933e-82a3c81169d9|2|2,Phò Inspired Chicken Broth and Rice,Miso Glazed Chicken,1 tsp miso paste,1,tsp,Miso Paste,,
0195b252-ec38-4b8d-933e-82a3c81169d9|2|3,Phò Inspired Chicken Broth and Rice,Miso Glazed Chicken,1 tbsp honey,1,tbsp,Honey,,
0195b252-ec38-4b8d-933e-82a3c81169d9|2|4,Phò Inspired Chicken Broth and Rice,Miso Glazed Chicken,1 tbsp fish sauce,1,tbsp,Fish Sauce,,
0195b252-ec38-4b8d-933e-82a3c81169d9|2|5,Phò Inspired Chicken Broth and Rice,Miso Glazed Chicken,1 tsp gochujang,1,tsp,Gochujang Paste,,
0195b252-ec38-4b8d-933e-82a3c81169d9|2|6,Phò Inspired Chicken Broth and Rice,Miso Glazed Chicken,Good crack of black pepper,,,Black Pepper,,
0195b252-ec38-4b8d-933e-82a3c81169d9|3|0,Phò Inspired Chicken Broth and Rice,Garnish,2 spring onions,2,,Spring Onion,,
0195b252-ec38-4b8d-933e-82a3c81169d9|3|1,Phò Inspired Chicken Broth and Rice,Garnish,Bok choy,,,Bok Choy,,
0195b252-ec38-4b8d-933e-82a3c81169d9|3|2,Phò Inspired Chicken Broth and Rice,Garnish,Black sesame seeds,,,Black Sesame Seed,,
0195b252-ec38-4b8d-933e-82a3c81169d9|3|3,Phò Inspired Chicken Broth and Rice,Garnish,Fried shallots (check GF),,,Fried Shallot,check GF,
0195b252-ec38-4b8d-933e-82a3c81169d9|3|4,Phò Inspired Chicken Broth and Rice,Garnish,Fresh coriander,,,Coriander,,
d83f684b-d6ad-49cb-aed5-e09c59c7d1e2|0|0,Pickled Red Onions,Main,"1 red onion, sliced in half moons",1,,Red Onion,sliced in half moons,
d83f684b-d6ad-49cb-aed5-e09c59c7d1e2|0|1,Pickled Red Onions,Main,3/4 cup apple cider vinegar,0.75,cup,Apple Cider Vinegar,,
d83f684b-d6ad-49cb-aed5-e09c59c7d1e2|0|2,Pickled Red Onions,Main,1/2 cup water,0.5,cup,Water,,
d83f684b-d6ad-49cb-aed5-e09c59c7d1e2|0|3,Pickled Red Onions,Main,1 tsp sea salt,1,tsp,Sea Salt,,
d83f684b-d6ad-49cb-aed5-e09c59c7d1e2|0|4,Pickled Red Onions,Main,2 tsp maple syrup,2,tsp,Maple Syrup,,
d83f684b-d6ad-49cb-aed5-e09c59c7d1e2|0|5,Pickled Red Onions,Main,1 tsp black peppercorns,1,tsp,Black Peppercorn,,
c54f15d4-e38e-4dae-8a41-c1f1d49e4fd4|0|0,Pistachio Tiramisu Oats,Oats,20g oats,20,g,Oats,,
c54f15d4-e38e-4dae-8a41-c1f1d49e4fd4|0|1,Pistachio Tiramisu Oats,Oats,1 tsp chia seeds,1,tsp,Chia Seed,,
c54f15d4-e38e-4dae-8a41-c1f1d49e4fd4|0|2,Pistachio Tiramisu Oats,Oats,70ml (¼ cup) milk of choice,70,ml,Milk Choice,¼ cup,
c54f15d4-e38e-4dae-8a41-c1f1d49e4fd4|0|3,Pistachio Tiramisu Oats,Oats,"5g white chocolate, grated or melted",5,g,White Chocolate,or melted; grated,
c54f15d4-e38e-4dae-8a41-c1f1d49e4fd4|0|4,Pistachio Tiramisu Oats,Oats,"5g pistachios (around 10), crushed — half for base, half for topping",5,g,Pistachios,"around 10; crushed — half for base,  half for topping",
c54f15d4-e38e-4dae-8a41-c1f1d49e4fd4|0|5,Pistachio Tiramisu Oats,Oats,1 tsp instant coffee dissolved in 1 tbsp hot water (optional),1,tsp,Instant Coffee Dissolved In Hot Water,optional,
c54f15d4-e38e-4dae-8a41-c1f1d49e4fd4|1|0,Pistachio Tiramisu Oats,Yoghurt Layer,150g (⅔ cup) 0% fat Greek yoghurt or protein yoghurt (sub soya or coconut yoghurt to keep DF),150,g,Fat Greek Yoghurt,⅔ cup; sub soya or coconut yoghurt to keep DF; or protein yoghurt,
9d9f2ef6-dbc5-4cd1-b6f2-f0c11bf2cee0|0|0,Prawn Fried Rice,Prawn Marinade,"10 large fresh prawns, shelled and deveined",10,,Prawn,shelled and deveined,
9d9f2ef6-dbc5-4cd1-b6f2-f0c11bf2cee0|0|1,Prawn Fried Rice,Prawn Marinade,1 tsp neutral oil,1,tsp,Oil,,
9d9f2ef6-dbc5-4cd1-b6f2-f0c11bf2cee0|0|2,Prawn Fried Rice,Prawn Marinade,½ tsp salt,0.5,tsp,Salt,,
9d9f2ef6-dbc5-4cd1-b6f2-f0c11bf2cee0|0|3,Prawn Fried Rice,Prawn Marinade,½ tsp white pepper,0.5,tsp,White Pepper,,
9d9f2ef6-dbc5-4cd1-b6f2-f0c11bf2cee0|0|4,Prawn Fried Rice,Prawn Marinade,¼ tsp baking soda,0.25,tsp,Baking Soda,,
9d9f2ef6-dbc5-4cd1-b6f2-f0c11bf2cee0|1|0,Prawn Fried Rice,Fried Rice,"Neutral oil, to cook",,,Oil,to cook,
9d9f2ef6-dbc5-4cd1-b6f2-f0c11bf2cee0|1|1,Prawn Fried Rice,Fried Rice,"2 cups white rice, day old",2,cup,White Rice,day old,
9d9f2ef6-dbc5-4cd1-b6f2-f0c11bf2cee0|1|2,Prawn Fried Rice,Fried Rice,"4 spring onion, chopped (whites and greens separated)",4,,Spring Onion,whites and greens separated; chopped,
9d9f2ef6-dbc5-4cd1-b6f2-f0c11bf2cee0|1|3,Prawn Fried Rice,Fried Rice,"4 eggs, whisked",4,,Egg,whisked,
9d9f2ef6-dbc5-4cd1-b6f2-f0c11bf2cee0|1|4,Prawn Fried Rice,Fried Rice,1 tsp salt,1,tsp,Salt,,
9d9f2ef6-dbc5-4cd1-b6f2-f0c11bf2cee0|1|5,Prawn Fried Rice,Fried Rice,1 tsp sugar,1,tsp,Sugar,,
9d9f2ef6-dbc5-4cd1-b6f2-f0c11bf2cee0|1|6,Prawn Fried Rice,Fried Rice,½ tsp white pepper,0.5,tsp,White Pepper,,
9d9f2ef6-dbc5-4cd1-b6f2-f0c11bf2cee0|1|7,Prawn Fried Rice,Fried Rice,1 tsp chicken bouillon powder,1,tsp,Chicken Bouillon Powder,,
076f6f8a-2a88-4fbf-951a-4d259a1d91ef|0|0,Protein Berry Parfait,Main,3/4 cup Greek yogurt,0.75,cup,Greek Yoghurt,,
076f6f8a-2a88-4fbf-951a-4d259a1d91ef|0|1,Protein Berry Parfait,Main,3/4 scoop vanilla protein powder,0.75,scoop,Vanilla Protein Powder,,
076f6f8a-2a88-4fbf-951a-4d259a1d91ef|0|2,Protein Berry Parfait,Main,1 serving warmed frozen berries,1,,Serving Warmed Berry,,
076f6f8a-2a88-4fbf-951a-4d259a1d91ef|0|3,Protein Berry Parfait,Main,Zest of 1/2 lemon,,,Zest,,
1d6e4c0b-1364-460b-a09d-1c631a5440f9|0|0,Protein Brownie (Pumpkin),Base,10g cocoa powder,10,g,Cocoa Powder,,
1d6e4c0b-1364-460b-a09d-1c631a5440f9|0|1,Protein Brownie (Pumpkin),Base,Pinch of sea salt,1,pinch,Sea Salt,,
1d6e4c0b-1364-460b-a09d-1c631a5440f9|0|2,Protein Brownie (Pumpkin),Base,50g liquid egg whites,50,g,Liquid Egg White,,
1d6e4c0b-1364-460b-a09d-1c631a5440f9|0|3,Protein Brownie (Pumpkin),Base,20g pure maple syrup,20,g,Maple Syrup,,
1d6e4c0b-1364-460b-a09d-1c631a5440f9|0|4,Protein Brownie (Pumpkin),Base,2 tbsp applesauce or soya milk,2,tbsp,Applesauce,or soya milk,
1d6e4c0b-1364-460b-a09d-1c631a5440f9|0|5,Protein Brownie (Pumpkin),Base,"20g dark chocolate (74%), roughly chopped",20,g,Dark Chocolate,74%; roughly chopped,
1d6e4c0b-1364-460b-a09d-1c631a5440f9|1|0,Protein Brownie (Pumpkin),Pumpkin Add-ins,240g (1 cup) pumpkin purée,240,g,Pumpkin Puree,1 cup,
1d6e4c0b-1364-460b-a09d-1c631a5440f9|1|1,Protein Brownie (Pumpkin),Pumpkin Add-ins,75g chocolate protein powder,75,g,Chocolate Protein Powder,,
1d6e4c0b-1364-460b-a09d-1c631a5440f9|1|2,Protein Brownie (Pumpkin),Pumpkin Add-ins,2 tbsp additional cocoa powder,2,tbsp,Cocoa Powder,,
1d6e4c0b-1364-460b-a09d-1c631a5440f9|1|3,Protein Brownie (Pumpkin),Pumpkin Add-ins,20g oat flour,20,g,Oat Flour,,
1d6e4c0b-1364-460b-a09d-1c631a5440f9|1|4,Protein Brownie (Pumpkin),Pumpkin Add-ins,1 tbsp PBfit powder,1,tbsp,Peanut Butter Powder,,
6dd9450c-7dea-4c1b-89d6-6921dfc4c9ee|0|0,Protein Brownie (Sweet Potato),Base,10g cocoa powder,10,g,Cocoa Powder,,
6dd9450c-7dea-4c1b-89d6-6921dfc4c9ee|0|1,Protein Brownie (Sweet Potato),Base,Pinch of sea salt,1,pinch,Sea Salt,,
6dd9450c-7dea-4c1b-89d6-6921dfc4c9ee|0|2,Protein Brownie (Sweet Potato),Base,50g liquid egg whites,50,g,Liquid Egg White,,
6dd9450c-7dea-4c1b-89d6-6921dfc4c9ee|0|3,Protein Brownie (Sweet Potato),Base,20g pure maple syrup,20,g,Maple Syrup,,
6dd9450c-7dea-4c1b-89d6-6921dfc4c9ee|0|4,Protein Brownie (Sweet Potato),Base,2 tbsp applesauce or soya milk,2,tbsp,Applesauce,or soya milk,
6dd9450c-7dea-4c1b-89d6-6921dfc4c9ee|0|5,Protein Brownie (Sweet Potato),Base,"20g dark chocolate (74%), roughly chopped",20,g,Dark Chocolate,74%; roughly chopped,
6dd9450c-7dea-4c1b-89d6-6921dfc4c9ee|1|0,Protein Brownie (Sweet Potato),Sweet Potato Add-ins,"135g sweet potato, cooked and mashed",135,g,Sweet Potato,cooked and mashed,
6dd9450c-7dea-4c1b-89d6-6921dfc4c9ee|1|1,Protein Brownie (Sweet Potato),Sweet Potato Add-ins,30g chocolate protein powder,30,g,Chocolate Protein Powder,,
6dd9450c-7dea-4c1b-89d6-6921dfc4c9ee|1|2,Protein Brownie (Sweet Potato),Sweet Potato Add-ins,10g additional cocoa powder,10,g,Cocoa Powder,,
644c7138-5686-4f16-bd12-d5a7ceaba00b|0|0,Protein Brownie Bake,Main,100g plain soya yoghurt,100,g,Soya Yoghurt,,
644c7138-5686-4f16-bd12-d5a7ceaba00b|0|1,Protein Brownie Bake,Main,1 large egg,1,,Egg,,
644c7138-5686-4f16-bd12-d5a7ceaba00b|0|2,Protein Brownie Bake,Main,20g gluten-free or oat flour,20,g,Gluten-free,or oat flour,
644c7138-5686-4f16-bd12-d5a7ceaba00b|0|3,Protein Brownie Bake,Main,20g vegan chocolate protein powder,20,g,Vegan Chocolate Protein Powder,,
644c7138-5686-4f16-bd12-d5a7ceaba00b|0|4,Protein Brownie Bake,Main,15g cocoa powder,15,g,Cocoa Powder,,
644c7138-5686-4f16-bd12-d5a7ceaba00b|0|5,Protein Brownie Bake,Main,15g coconut sugar,15,g,Coconut Sugar,,
644c7138-5686-4f16-bd12-d5a7ceaba00b|0|6,Protein Brownie Bake,Main,½ tsp baking powder,0.5,tsp,Baking Powder,,
644c7138-5686-4f16-bd12-d5a7ceaba00b|0|7,Protein Brownie Bake,Main,½ tsp baking soda,0.5,tsp,Baking Soda,,
644c7138-5686-4f16-bd12-d5a7ceaba00b|0|8,Protein Brownie Bake,Main,Pinch of salt,1,pinch,Salt,,
644c7138-5686-4f16-bd12-d5a7ceaba00b|0|9,Protein Brownie Bake,Main,"20g dark chocolate (74%), roughly chopped",20,g,Dark Chocolate,74%; roughly chopped,
6035db4c-9e7e-4231-9a30-d8d043edbaba|0|0,Protein Oatmeal Breakfast Cookies,Main,1 cup oat flour,1,cup,Oat Flour,,
6035db4c-9e7e-4231-9a30-d8d043edbaba|0|1,Protein Oatmeal Breakfast Cookies,Main,1/4 cup milk of choice,0.25,cup,Milk Choice,,
6035db4c-9e7e-4231-9a30-d8d043edbaba|0|2,Protein Oatmeal Breakfast Cookies,Main,1/2 cup vanilla protein powder,0.5,cup,Vanilla Protein Powder,,
6035db4c-9e7e-4231-9a30-d8d043edbaba|0|3,Protein Oatmeal Breakfast Cookies,Main,1/4 cup peanut butter,0.25,cup,Peanut Butter,,
6035db4c-9e7e-4231-9a30-d8d043edbaba|0|4,Protein Oatmeal Breakfast Cookies,Main,1/4 cup maple syrup,0.25,cup,Maple Syrup,,
6035db4c-9e7e-4231-9a30-d8d043edbaba|0|5,Protein Oatmeal Breakfast Cookies,Main,Chocolate chips,,,Chocolate Chip,,
6035db4c-9e7e-4231-9a30-d8d043edbaba|0|6,Protein Oatmeal Breakfast Cookies,Main,Pinch of salt,1,pinch,Salt,,
f2bd306c-beeb-49e8-95d6-a7f5b6b22476|0|0,Protein Packed Roasted Squash Pasta,Crispy Breadcrumbs,"2 slices crusty bread, torn into small pieces",2,slice,Crusty Bread,torn into small pieces,
f2bd306c-beeb-49e8-95d6-a7f5b6b22476|0|1,Protein Packed Roasted Squash Pasta,Crispy Breadcrumbs,2 tbsp olive oil,2,tbsp,Olive Oil,,
f2bd306c-beeb-49e8-95d6-a7f5b6b22476|0|2,Protein Packed Roasted Squash Pasta,Crispy Breadcrumbs,1/2 tsp paprika,0.5,tsp,Paprika,,
f2bd306c-beeb-49e8-95d6-a7f5b6b22476|0|3,Protein Packed Roasted Squash Pasta,Crispy Breadcrumbs,Handful of thyme leaves (about 30g),1,handful,Thyme,about 30g,
f2bd306c-beeb-49e8-95d6-a7f5b6b22476|1|0,Protein Packed Roasted Squash Pasta,Pasta & Sauce,"1 butternut squash (about 650g), peeled, deseeded and cut into 1cm cubes",1,,Butternut Squash,"about 650g; 1cm piece; peeled,  deseeded and cut into cubes",
f2bd306c-beeb-49e8-95d6-a7f5b6b22476|1|1,Protein Packed Roasted Squash Pasta,Pasta & Sauce,"2 onions, halved and finely sliced",2,,Yellow Onion,halved and finely sliced,
f2bd306c-beeb-49e8-95d6-a7f5b6b22476|1|2,Protein Packed Roasted Squash Pasta,Pasta & Sauce,1 bulb garlic,1,,Garlic,,
f2bd306c-beeb-49e8-95d6-a7f5b6b22476|1|3,Protein Packed Roasted Squash Pasta,Pasta & Sauce,2 tbsp olive oil (+ extra to garnish),2,tbsp,Olive Oil,+ extra to garnish,
f2bd306c-beeb-49e8-95d6-a7f5b6b22476|1|4,Protein Packed Roasted Squash Pasta,Pasta & Sauce,"1 pack silken tofu (about 300g), drained",1,pack,Silken Tofu,about 300g; drained,
f2bd306c-beeb-49e8-95d6-a7f5b6b22476|1|5,Protein Packed Roasted Squash Pasta,Pasta & Sauce,75ml oat milk,75,ml,Oat Milk,,
f2bd306c-beeb-49e8-95d6-a7f5b6b22476|1|6,Protein Packed Roasted Squash Pasta,Pasta & Sauce,"1 lemon, zested and juiced",1,,Lemon,zested and juiced,
f2bd306c-beeb-49e8-95d6-a7f5b6b22476|1|7,Protein Packed Roasted Squash Pasta,Pasta & Sauce,1 tbsp smooth Dijon mustard,1,tbsp,Dijon Mustard,,
f2bd306c-beeb-49e8-95d6-a7f5b6b22476|1|8,Protein Packed Roasted Squash Pasta,Pasta & Sauce,2 tbsp nutritional yeast,2,tbsp,Nutritional Yeast,,
f2bd306c-beeb-49e8-95d6-a7f5b6b22476|1|9,Protein Packed Roasted Squash Pasta,Pasta & Sauce,1 tsp tamari,1,tsp,Tamari,,
f2bd306c-beeb-49e8-95d6-a7f5b6b22476|1|10,Protein Packed Roasted Squash Pasta,Pasta & Sauce,Pinch of ground turmeric,1,pinch,Turmeric Powder,,
f2bd306c-beeb-49e8-95d6-a7f5b6b22476|1|11,Protein Packed Roasted Squash Pasta,Pasta & Sauce,Pinches of flaky sea salt and black pepper,,,Salt,,split
f2bd306c-beeb-49e8-95d6-a7f5b6b22476|1|11-2,Protein Packed Roasted Squash Pasta,Pasta & Sauce,Pinches of flaky sea salt and black pepper,,,Black Pepper,(split — set qty),split
f2bd306c-beeb-49e8-95d6-a7f5b6b22476|1|12,Protein Packed Roasted Squash Pasta,Pasta & Sauce,4 servings of pasta (about 300g),4,,Serving Pasta,about 300g,
e1afaed0-d69b-4f1b-ad34-5bbe27213faf|0|0,Protein Pancakes,Dry,"50g gluten-free self-raising, plain, or oat flour",50,g,Gluten-free Self-raising Flour,"or oat flour; plain,",
e1afaed0-d69b-4f1b-ad34-5bbe27213faf|0|1,Protein Pancakes,Dry,25g egg white powder,25,g,Egg White Powder,,
e1afaed0-d69b-4f1b-ad34-5bbe27213faf|0|2,Protein Pancakes,Dry,20g vegan protein powder,20,g,Vegan Protein Powder,,
e1afaed0-d69b-4f1b-ad34-5bbe27213faf|0|3,Protein Pancakes,Dry,½ tsp baking powder,0.5,tsp,Baking Powder,,
e1afaed0-d69b-4f1b-ad34-5bbe27213faf|0|4,Protein Pancakes,Dry,2g baking soda,2,g,Baking Soda,,
e1afaed0-d69b-4f1b-ad34-5bbe27213faf|0|5,Protein Pancakes,Dry,1g ground cinnamon (optional),1,g,Cinnamon,optional,
e1afaed0-d69b-4f1b-ad34-5bbe27213faf|0|6,Protein Pancakes,Dry,Pinch of salt,1,pinch,Salt,,
e1afaed0-d69b-4f1b-ad34-5bbe27213faf|0|7,Protein Pancakes,Dry,1 tbsp coconut sugar,1,tbsp,Coconut Sugar,,
e1afaed0-d69b-4f1b-ad34-5bbe27213faf|1|0,Protein Pancakes,Wet,160ml water,160,ml,Water,,
e1afaed0-d69b-4f1b-ad34-5bbe27213faf|1|1,Protein Pancakes,Wet,60g unsweetened applesauce,60,g,Unsweetened Applesauce,,
e1afaed0-d69b-4f1b-ad34-5bbe27213faf|1|2,Protein Pancakes,Wet,3 tbsp plain soya yoghurt,3,tbsp,Soya Yoghurt,,
e1afaed0-d69b-4f1b-ad34-5bbe27213faf|2|0,Protein Pancakes,Fold-ins,50g fresh or frozen blueberries,50,g,Blueberry,or frozen blueberries,
e1afaed0-d69b-4f1b-ad34-5bbe27213faf|2|1,Protein Pancakes,Fold-ins,60g dark chocolate chunks,60,g,Dark Chocolate Chunk,,
3be84121-e49c-4bcd-ae35-94cdcbecc4c3|0|0,Protein Pancakes (Simple),Main,1 cup oat flour (or flour of choice),1,cup,Oat Flour,or flour of choice,
3be84121-e49c-4bcd-ae35-94cdcbecc4c3|0|1,Protein Pancakes (Simple),Main,1-2 scoops protein powder,1,scoop,Protein Powder,range,
3be84121-e49c-4bcd-ae35-94cdcbecc4c3|0|2,Protein Pancakes (Simple),Main,1 tsp baking powder,1,tsp,Baking Powder,,
3be84121-e49c-4bcd-ae35-94cdcbecc4c3|0|3,Protein Pancakes (Simple),Main,1 egg (or flaxseed egg),1,,Egg,or flaxseed egg,
3be84121-e49c-4bcd-ae35-94cdcbecc4c3|0|4,Protein Pancakes (Simple),Main,1/2 cup milk of choice,0.5,cup,Milk Choice,,
3be84121-e49c-4bcd-ae35-94cdcbecc4c3|0|5,Protein Pancakes (Simple),Main,Sweetener of choice (optional),,,Sweetner,optional,
9039c715-da9e-4044-863f-d3c776d2688a|0|0,Protein Power BLT,,2 slices bread of choice (sourdough),2,slice,Bread,sourdough,
9039c715-da9e-4044-863f-d3c776d2688a|0|1,Protein Power BLT,,1 heaped tbsp Greek yoghurt,1,tbsp,Greek Yoghurt,heaped,
9039c715-da9e-4044-863f-d3c776d2688a|0|2,Protein Power BLT,,1 tbsp chopped fresh basil,1,tbsp,Basil,chopped,
9039c715-da9e-4044-863f-d3c776d2688a|0|3,Protein Power BLT,,½ tsp garlic granules,0.5,tsp,Garlic Granules,,
9039c715-da9e-4044-863f-d3c776d2688a|0|4,Protein Power BLT,,80–100g shredded roast chicken,80,g,Roast Chicken,range; shredded,
9039c715-da9e-4044-863f-d3c776d2688a|0|5,Protein Power BLT,,2 slices cured ham (parma or serrano),2,slice,Cured Ham,parma or serrano,
9039c715-da9e-4044-863f-d3c776d2688a|0|6,Protein Power BLT,,"1 medium tomato, sliced",1,,Tomato,sliced,
9039c715-da9e-4044-863f-d3c776d2688a|0|7,Protein Power BLT,,little gem lettuce,,,Gem Lettuce,,
9039c715-da9e-4044-863f-d3c776d2688a|0|8,Protein Power BLT,,1 heaped tsp sun-dried tomato paste,1,tsp,Sundried Tomato Paste,heaped,
0b72d704-286b-4232-914a-5b8479a02b77|0|0,Protein Pumpkin Chocolate Chip Muffins,Main,1 egg,1,,Egg,,
0b72d704-286b-4232-914a-5b8479a02b77|0|1,Protein Pumpkin Chocolate Chip Muffins,Main,1/4 cup unsweetened apple sauce,0.25,cup,Unsweetened Apple Sauce,,
0b72d704-286b-4232-914a-5b8479a02b77|0|2,Protein Pumpkin Chocolate Chip Muffins,Main,1 tsp vanilla extract,1,tsp,Vanilla Extract,,
0b72d704-286b-4232-914a-5b8479a02b77|0|3,Protein Pumpkin Chocolate Chip Muffins,Main,1/2 cup brown sugar substitute (or regular brown sugar),0.5,cup,Brown Sugar Substitute,or regular brown sugar,
0b72d704-286b-4232-914a-5b8479a02b77|0|4,Protein Pumpkin Chocolate Chip Muffins,Main,1 cup pumpkin puree,1,cup,Pumpkin Puree,,
0b72d704-286b-4232-914a-5b8479a02b77|0|5,Protein Pumpkin Chocolate Chip Muffins,Main,1 cup protein almond milk or Fairlife milk,1,cup,Almond Milk,or Fairlife milk,
0b72d704-286b-4232-914a-5b8479a02b77|0|6,Protein Pumpkin Chocolate Chip Muffins,Main,2 cups pancake and waffle mix,2,cup,Pancake And Waffle Mix,,
0b72d704-286b-4232-914a-5b8479a02b77|0|7,Protein Pumpkin Chocolate Chip Muffins,Main,1 tsp baking powder,1,tsp,Baking Powder,,
0b72d704-286b-4232-914a-5b8479a02b77|0|8,Protein Pumpkin Chocolate Chip Muffins,Main,2 tsp pumpkin pie spice,2,tsp,Pumpkin Pie Spice,,
0b72d704-286b-4232-914a-5b8479a02b77|0|9,Protein Pumpkin Chocolate Chip Muffins,Main,2/3 cup dark chocolate chips,0.667,cup,Dark Chocolate Chip,,
f49ee7d0-514f-4c1c-94ef-7ee2522c0ced|0|0,Pumpkin Bread,Bread,2 eggs,2,,Egg,,
f49ee7d0-514f-4c1c-94ef-7ee2522c0ced|0|1,Pumpkin Bread,Bread,1/3 cup coconut oil,0.333,cup,Coconut Oil,,
f49ee7d0-514f-4c1c-94ef-7ee2522c0ced|0|2,Pumpkin Bread,Bread,1/2 cup maple syrup,0.5,cup,Maple Syrup,,
f49ee7d0-514f-4c1c-94ef-7ee2522c0ced|0|3,Pumpkin Bread,Bread,1 cup pumpkin puree,1,cup,Pumpkin Puree,,
f49ee7d0-514f-4c1c-94ef-7ee2522c0ced|0|4,Pumpkin Bread,Bread,1 tsp vanilla extract,1,tsp,Vanilla Extract,,
f49ee7d0-514f-4c1c-94ef-7ee2522c0ced|0|5,Pumpkin Bread,Bread,1 1/2 cup whole wheat flour,1.5,cup,Wheat Flour,,
f49ee7d0-514f-4c1c-94ef-7ee2522c0ced|0|6,Pumpkin Bread,Bread,1 tsp baking soda,1,tsp,Baking Soda,,
f49ee7d0-514f-4c1c-94ef-7ee2522c0ced|0|7,Pumpkin Bread,Bread,1 tsp baking powder,1,tsp,Baking Powder,,
f49ee7d0-514f-4c1c-94ef-7ee2522c0ced|0|8,Pumpkin Bread,Bread,1/4 tsp salt,0.25,tsp,Salt,,
f49ee7d0-514f-4c1c-94ef-7ee2522c0ced|0|9,Pumpkin Bread,Bread,1 tbsp pumpkin pie spice,1,tbsp,Pumpkin Pie Spice,,
f49ee7d0-514f-4c1c-94ef-7ee2522c0ced|1|0,Pumpkin Bread,Maple Glaze,1 cup powdered sugar,1,cup,Powdered Sugar,,
f49ee7d0-514f-4c1c-94ef-7ee2522c0ced|1|1,Pumpkin Bread,Maple Glaze,1/4 cup maple syrup,0.25,cup,Maple Syrup,,
f49ee7d0-514f-4c1c-94ef-7ee2522c0ced|1|2,Pumpkin Bread,Maple Glaze,Dash of vanilla extract,1,dash,Vanilla Extract,,
d89a9f25-8c79-4752-b644-21de42e68a6a|0|0,Pumpkin Brookies,Pumpkin Batter,1/3 cup coconut sugar,0.333,cup,Coconut Sugar,,
d89a9f25-8c79-4752-b644-21de42e68a6a|0|1,Pumpkin Brookies,Pumpkin Batter,2/3 cup olive oil,0.667,cup,Olive Oil,,
d89a9f25-8c79-4752-b644-21de42e68a6a|0|2,Pumpkin Brookies,Pumpkin Batter,1 cup pumpkin puree,1,cup,Pumpkin Puree,,
d89a9f25-8c79-4752-b644-21de42e68a6a|0|3,Pumpkin Brookies,Pumpkin Batter,2 large eggs,2,,Egg,,
d89a9f25-8c79-4752-b644-21de42e68a6a|0|4,Pumpkin Brookies,Pumpkin Batter,1 1/2 tsp vanilla paste,1.5,tsp,Vanilla Bean Paste,,
d89a9f25-8c79-4752-b644-21de42e68a6a|0|5,Pumpkin Brookies,Pumpkin Batter,1 1/3 cup gluten free all purpose flour,1.333,cup,Gluten-free Plain Flour,,
d89a9f25-8c79-4752-b644-21de42e68a6a|0|6,Pumpkin Brookies,Pumpkin Batter,1/4 tsp baking soda,0.25,tsp,Baking Soda,,
d89a9f25-8c79-4752-b644-21de42e68a6a|0|7,Pumpkin Brookies,Pumpkin Batter,1/4 tsp salt,0.25,tsp,Salt,,
d89a9f25-8c79-4752-b644-21de42e68a6a|0|8,Pumpkin Brookies,Pumpkin Batter,1 tsp cinnamon,1,tsp,Cinnamon,,
d89a9f25-8c79-4752-b644-21de42e68a6a|0|9,Pumpkin Brookies,Pumpkin Batter,1/2 tsp nutmeg,0.5,tsp,Nutmeg,,
d89a9f25-8c79-4752-b644-21de42e68a6a|0|10,Pumpkin Brookies,Pumpkin Batter,1/2 cup dark chocolate chips,0.5,cup,Dark Chocolate Chip,,
d89a9f25-8c79-4752-b644-21de42e68a6a|1|0,Pumpkin Brookies,Brownie Batter,1 1/2 cups dark chocolate chips,1.5,cup,Dark Chocolate Chip,,
d89a9f25-8c79-4752-b644-21de42e68a6a|1|1,Pumpkin Brookies,Brownie Batter,2/3 cup olive oil,0.667,cup,Olive Oil,,
d89a9f25-8c79-4752-b644-21de42e68a6a|1|2,Pumpkin Brookies,Brownie Batter,4 large eggs,4,,Egg,,
d89a9f25-8c79-4752-b644-21de42e68a6a|1|3,Pumpkin Brookies,Brownie Batter,3/4 cup coconut sugar,0.75,cup,Coconut Sugar,,
d89a9f25-8c79-4752-b644-21de42e68a6a|1|4,Pumpkin Brookies,Brownie Batter,1 tsp vanilla paste,1,tsp,Vanilla Bean Paste,,
d89a9f25-8c79-4752-b644-21de42e68a6a|1|5,Pumpkin Brookies,Brownie Batter,1/2 cup gluten free all purpose flour,0.5,cup,Gluten-free Plain Flour,,
d89a9f25-8c79-4752-b644-21de42e68a6a|1|6,Pumpkin Brookies,Brownie Batter,1/3 cup cocoa powder,0.333,cup,Cocoa Powder,,
d89a9f25-8c79-4752-b644-21de42e68a6a|1|7,Pumpkin Brookies,Brownie Batter,1/4 tsp salt,0.25,tsp,Salt,,
d89a9f25-8c79-4752-b644-21de42e68a6a|1|8,Pumpkin Brookies,Brownie Batter,Flaky sea salt,,,Flakey Sea Salt,,
58ad2189-2120-455e-90fa-57928d48b7aa|0|0,Pumpkin Candy Apple Salad,Main,"2 apples, diced into small pieces",2,,Apple,diced into small pieces,
58ad2189-2120-455e-90fa-57928d48b7aa|0|1,Pumpkin Candy Apple Salad,Main,1/2 cup coconut yogurt or coconut whip topping,0.5,cup,Coconut Yoghurt,or coconut whip topping,
58ad2189-2120-455e-90fa-57928d48b7aa|0|2,Pumpkin Candy Apple Salad,Main,2 tbsp almond butter,2,tbsp,Almond Butter,,
58ad2189-2120-455e-90fa-57928d48b7aa|0|3,Pumpkin Candy Apple Salad,Main,1/2 tsp vanilla bean paste (or 1/2 tbsp maple syrup + 1/2 tsp vanilla extract),0.5,tsp,Vanilla Bean Paste,or 1/2 tbsp maple syrup + 1/2 tsp vanilla extract,
58ad2189-2120-455e-90fa-57928d48b7aa|0|4,Pumpkin Candy Apple Salad,Main,2 tbsp mini chocolate chips,2,tbsp,Chocolate Chip,,
58ad2189-2120-455e-90fa-57928d48b7aa|0|5,Pumpkin Candy Apple Salad,Main,1/4 cup pumpkin spice granola,0.25,cup,Pumpkin Spice Granola,,
58ad2189-2120-455e-90fa-57928d48b7aa|0|6,Pumpkin Candy Apple Salad,Main,2 tbsp chopped pecans and pumpkin seeds,2,tbsp,Pecans,chopped,split
58ad2189-2120-455e-90fa-57928d48b7aa|0|6-2,Pumpkin Candy Apple Salad,Main,2 tbsp chopped pecans and pumpkin seeds,,,Pumpkin Seeds,chopped; (split — set qty),split
ba4bd5d7-702d-49e2-9756-06046c30c3d1|0|0,Pumpkin Chocolate Chip Cookies,Main,2 tbsp pumpkin puree,2,tbsp,Pumpkin Puree,,
ba4bd5d7-702d-49e2-9756-06046c30c3d1|0|1,Pumpkin Chocolate Chip Cookies,Main,1 tbsp peanut butter,1,tbsp,Peanut Butter,,
ba4bd5d7-702d-49e2-9756-06046c30c3d1|0|2,Pumpkin Chocolate Chip Cookies,Main,1 tbsp maple syrup,1,tbsp,Maple Syrup,,
ba4bd5d7-702d-49e2-9756-06046c30c3d1|0|3,Pumpkin Chocolate Chip Cookies,Main,1 tbsp cocoa powder,1,tbsp,Cocoa Powder,,
ba4bd5d7-702d-49e2-9756-06046c30c3d1|0|4,Pumpkin Chocolate Chip Cookies,Main,2 tbsp almond flour,2,tbsp,Almond Flour,,
ba4bd5d7-702d-49e2-9756-06046c30c3d1|0|5,Pumpkin Chocolate Chip Cookies,Main,1/8 tsp baking soda,0.125,tsp,Baking Soda,,
ba4bd5d7-702d-49e2-9756-06046c30c3d1|0|6,Pumpkin Chocolate Chip Cookies,Main,Pinch of salt,1,pinch,Salt,,
ba4bd5d7-702d-49e2-9756-06046c30c3d1|0|7,Pumpkin Chocolate Chip Cookies,Main,1/4 tsp vanilla extract,0.25,tsp,Vanilla Extract,,
ba4bd5d7-702d-49e2-9756-06046c30c3d1|0|8,Pumpkin Chocolate Chip Cookies,Main,1 tbsp chocolate chips,1,tbsp,Chocolate Chip,,
ba4bd5d7-702d-49e2-9756-06046c30c3d1|1|0,Pumpkin Chocolate Chip Cookies,Toppings,Ice cream,,,Ice Cream,,
ba4bd5d7-702d-49e2-9756-06046c30c3d1|1|1,Pumpkin Chocolate Chip Cookies,Toppings,Chocolate shavings,,,Chocolate Shaving,,
60fd9792-927e-46fd-970f-b058765b2658|0|0,Pumpkin Cream Cheese Muffins,Muffin Batter,3 eggs,3,,Egg,,
60fd9792-927e-46fd-970f-b058765b2658|0|1,Pumpkin Cream Cheese Muffins,Muffin Batter,1 cup pumpkin puree,1,cup,Pumpkin Puree,,
60fd9792-927e-46fd-970f-b058765b2658|0|2,Pumpkin Cream Cheese Muffins,Muffin Batter,"1/4 cup coconut oil, melted",0.25,cup,Coconut Oil,melted,
60fd9792-927e-46fd-970f-b058765b2658|0|3,Pumpkin Cream Cheese Muffins,Muffin Batter,1/3 cup maple syrup,0.333,cup,Maple Syrup,,
60fd9792-927e-46fd-970f-b058765b2658|0|4,Pumpkin Cream Cheese Muffins,Muffin Batter,2 tsp vanilla extract,2,tsp,Vanilla Extract,,
60fd9792-927e-46fd-970f-b058765b2658|0|5,Pumpkin Cream Cheese Muffins,Muffin Batter,1 cup almond flour,1,cup,Almond Flour,,
60fd9792-927e-46fd-970f-b058765b2658|0|6,Pumpkin Cream Cheese Muffins,Muffin Batter,1/2 cup organic arrowroot flour (or tapioca flour or cornstarch),0.5,cup,Arrowroot Starch,or tapioca flour or cornstarch,
60fd9792-927e-46fd-970f-b058765b2658|0|7,Pumpkin Cream Cheese Muffins,Muffin Batter,1/4 cup coconut flour,0.25,cup,Coconut Flour,,
60fd9792-927e-46fd-970f-b058765b2658|0|8,Pumpkin Cream Cheese Muffins,Muffin Batter,1 tbsp pumpkin pie spice,1,tbsp,Pumpkin Pie Spice,,
60fd9792-927e-46fd-970f-b058765b2658|0|9,Pumpkin Cream Cheese Muffins,Muffin Batter,1 tsp cinnamon,1,tsp,Cinnamon,,
60fd9792-927e-46fd-970f-b058765b2658|0|10,Pumpkin Cream Cheese Muffins,Muffin Batter,1 tsp baking soda,1,tsp,Baking Soda,,
60fd9792-927e-46fd-970f-b058765b2658|0|11,Pumpkin Cream Cheese Muffins,Muffin Batter,1/4 tsp salt,0.25,tsp,Salt,,
60fd9792-927e-46fd-970f-b058765b2658|0|12,Pumpkin Cream Cheese Muffins,Muffin Batter,Pumpkin seeds for topping,,,Pumpkin Seeds,,
60fd9792-927e-46fd-970f-b058765b2658|1|0,Pumpkin Cream Cheese Muffins,Cream Cheese Filling,"7 oz cream cheese, softened",7,oz,Cream Cheese,softened,
60fd9792-927e-46fd-970f-b058765b2658|1|1,Pumpkin Cream Cheese Muffins,Cream Cheese Filling,2½ tbsp maple syrup,2,,Maple Syrup,,
60fd9792-927e-46fd-970f-b058765b2658|1|2,Pumpkin Cream Cheese Muffins,Cream Cheese Filling,2 tbsp GF flour,2,tbsp,Gluten-free Flour,,
60fd9792-927e-46fd-970f-b058765b2658|1|3,Pumpkin Cream Cheese Muffins,Cream Cheese Filling,2 tbsp milk of choice,2,tbsp,Milk Choice,,
60fd9792-927e-46fd-970f-b058765b2658|1|4,Pumpkin Cream Cheese Muffins,Cream Cheese Filling,1½ tsp vanilla,1,,Vanilla,,
f5522466-8c07-421e-8fcb-c791fd3401b1|0|0,Pumpkin Donuts,Dough,1/2 cup + 1 tbsp pumpkin puree,0.5,cup,Pumpkin Puree,,
f5522466-8c07-421e-8fcb-c791fd3401b1|0|1,Pumpkin Donuts,Dough,1 cup self rising flour (sub AP flour with 1 tsp baking powder),1,cup,Self-Raising Flour,sub AP flour with 1 tsp baking powder,
f5522466-8c07-421e-8fcb-c791fd3401b1|0|2,Pumpkin Donuts,Dough,1 tbsp maple syrup,1,tbsp,Maple Syrup,,
f5522466-8c07-421e-8fcb-c791fd3401b1|0|3,Pumpkin Donuts,Dough,1/4 tsp salt,0.25,tsp,Salt,,
f5522466-8c07-421e-8fcb-c791fd3401b1|0|4,Pumpkin Donuts,Dough,Avocado oil for coating,,,Avocado Oil,,
f5522466-8c07-421e-8fcb-c791fd3401b1|1|0,Pumpkin Donuts,Coating,1 tsp cinnamon,1,tsp,Cinnamon,,
f5522466-8c07-421e-8fcb-c791fd3401b1|1|1,Pumpkin Donuts,Coating,1/2 tsp pumpkin pie spice,0.5,tsp,Pumpkin Pie Spice,,
f5522466-8c07-421e-8fcb-c791fd3401b1|1|2,Pumpkin Donuts,Coating,1/4 cup coconut sugar or white sugar,0.25,cup,Coconut Sugar,or white sugar,
5275bb50-a54e-42fd-8d6e-3aa00a2ed560|0|0,Pumpkin Pecan Pancakes,Dry,1½ cup sprouted oats,1,,Sprouted Oat,,
5275bb50-a54e-42fd-8d6e-3aa00a2ed560|0|1,Pumpkin Pecan Pancakes,Dry,½ cup raw pecans,0.5,cup,Pecans,,
5275bb50-a54e-42fd-8d6e-3aa00a2ed560|0|2,Pumpkin Pecan Pancakes,Dry,1 tbsp pumpkin pie spice,1,tbsp,Pumpkin Pie Spice,,
5275bb50-a54e-42fd-8d6e-3aa00a2ed560|0|3,Pumpkin Pecan Pancakes,Dry,1 tbsp baking powder,1,tbsp,Baking Powder,,
5275bb50-a54e-42fd-8d6e-3aa00a2ed560|0|4,Pumpkin Pecan Pancakes,Dry,¼ tsp salt,0.25,tsp,Salt,,
5275bb50-a54e-42fd-8d6e-3aa00a2ed560|1|0,Pumpkin Pecan Pancakes,Wet,½ cup pumpkin purée,0.5,cup,Pumpkin Puree,,
5275bb50-a54e-42fd-8d6e-3aa00a2ed560|1|1,Pumpkin Pecan Pancakes,Wet,¾ cup milk of choice,0.75,cup,Milk Choice,,
5275bb50-a54e-42fd-8d6e-3aa00a2ed560|1|2,Pumpkin Pecan Pancakes,Wet,2 tbsp maple syrup,2,tbsp,Maple Syrup,,
5275bb50-a54e-42fd-8d6e-3aa00a2ed560|1|3,Pumpkin Pecan Pancakes,Wet,1 tsp vanilla extract,1,tsp,Vanilla Extract,,
5275bb50-a54e-42fd-8d6e-3aa00a2ed560|2|0,Pumpkin Pecan Pancakes,To Serve,Pecans,,,Pecans,,
5275bb50-a54e-42fd-8d6e-3aa00a2ed560|2|1,Pumpkin Pecan Pancakes,To Serve,Maple syrup or honey,,,Maple Syrup,or honey,
5b996d0f-9b8c-4580-90bc-69f13ed238c5|0|0,Pumpkin Protein Muffins,Dry,120g (1 cup) oat flour,120,g,Oat Flour,1 cup,
5b996d0f-9b8c-4580-90bc-69f13ed238c5|0|1,Pumpkin Protein Muffins,Dry,60g (½ cup) protein powder,60,g,Protein Powder,½ cup,
5b996d0f-9b8c-4580-90bc-69f13ed238c5|0|2,Pumpkin Protein Muffins,Dry,1 tsp baking powder,1,tsp,Baking Powder,,
5b996d0f-9b8c-4580-90bc-69f13ed238c5|0|3,Pumpkin Protein Muffins,Dry,½ tsp baking soda,0.5,tsp,Baking Soda,,
5b996d0f-9b8c-4580-90bc-69f13ed238c5|0|4,Pumpkin Protein Muffins,Dry,½ tsp salt,0.5,tsp,Salt,,
5b996d0f-9b8c-4580-90bc-69f13ed238c5|0|5,Pumpkin Protein Muffins,Dry,1–2 tsp ground cinnamon and/or pumpkin spice,1,tsp,Cinnamon,or pumpkin spice; range,
5b996d0f-9b8c-4580-90bc-69f13ed238c5|1|0,Pumpkin Protein Muffins,Wet,240g (1 cup) pumpkin purée,240,g,Pumpkin Puree,1 cup,
5b996d0f-9b8c-4580-90bc-69f13ed238c5|1|1,Pumpkin Protein Muffins,Wet,1 large egg,1,,Egg,,
5b996d0f-9b8c-4580-90bc-69f13ed238c5|1|2,Pumpkin Protein Muffins,Wet,1 egg white,1,,Liquid Egg White,,
5b996d0f-9b8c-4580-90bc-69f13ed238c5|1|3,Pumpkin Protein Muffins,Wet,40g date purée,40,g,Date Pur E,,
5b996d0f-9b8c-4580-90bc-69f13ed238c5|1|4,Pumpkin Protein Muffins,Wet,2 tbsp neutral oil,2,tbsp,Oil,,
5b996d0f-9b8c-4580-90bc-69f13ed238c5|1|5,Pumpkin Protein Muffins,Wet,60ml (¼ cup) unsweetened soya milk,60,ml,"Soya Milk, Unsweetened",¼ cup,
5b996d0f-9b8c-4580-90bc-69f13ed238c5|1|6,Pumpkin Protein Muffins,Wet,1 tsp vanilla extract,1,tsp,Vanilla Extract,,
5b996d0f-9b8c-4580-90bc-69f13ed238c5|1|7,Pumpkin Protein Muffins,Wet,1–2 tsp lemon juice or apple cider vinegar,1,tsp,Lemon Juice,or apple cider vinegar; range,
b12257a3-dcbd-4943-a12d-5995d47fe452|0|0,Pumpkin Protein Mug Cake,Main,1 scoop vanilla protein powder,1,scoop,Vanilla Protein Powder,,
b12257a3-dcbd-4943-a12d-5995d47fe452|0|1,Pumpkin Protein Mug Cake,Main,1 tbsp oat flour,1,tbsp,Oat Flour,,
b12257a3-dcbd-4943-a12d-5995d47fe452|0|2,Pumpkin Protein Mug Cake,Main,1/2 tsp baking powder,0.5,tsp,Baking Powder,,
b12257a3-dcbd-4943-a12d-5995d47fe452|0|3,Pumpkin Protein Mug Cake,Main,1 tsp pumpkin pie spice,1,tsp,Pumpkin Pie Spice,,
b12257a3-dcbd-4943-a12d-5995d47fe452|0|4,Pumpkin Protein Mug Cake,Main,Pinch of salt,1,pinch,Salt,,
b12257a3-dcbd-4943-a12d-5995d47fe452|0|5,Pumpkin Protein Mug Cake,Main,3 tbsp pumpkin puree,3,tbsp,Pumpkin Puree,,
b12257a3-dcbd-4943-a12d-5995d47fe452|0|6,Pumpkin Protein Mug Cake,Main,2 tbsp sugar free maple syrup (or regular),2,tbsp,Sugar Free Maple Syrup,or regular,
b12257a3-dcbd-4943-a12d-5995d47fe452|0|7,Pumpkin Protein Mug Cake,Main,1 tsp vanilla extract,1,tsp,Vanilla Extract,,
b12257a3-dcbd-4943-a12d-5995d47fe452|0|8,Pumpkin Protein Mug Cake,Main,1 egg,1,,Egg,,
b12257a3-dcbd-4943-a12d-5995d47fe452|0|9,Pumpkin Protein Mug Cake,Main,1/4 cup unsweetened almond milk,0.25,cup,"Almond Milk, Unsweetened",,
b12257a3-dcbd-4943-a12d-5995d47fe452|0|10,Pumpkin Protein Mug Cake,Main,Chocolate chips for topping,,,Chocolate Chip Topping,,
ecf940d3-c992-4d71-b933-b63db2dfb046|0|0,Pumpkin Season Baked Oats,Batter,½ cup oats,0.5,cup,Oats,,
ecf940d3-c992-4d71-b933-b63db2dfb046|0|1,Pumpkin Season Baked Oats,Batter,2 tbsp pumpkin purée,2,tbsp,Pumpkin Puree,,
ecf940d3-c992-4d71-b933-b63db2dfb046|0|2,Pumpkin Season Baked Oats,Batter,¼ cup milk of choice,0.25,cup,Milk Choice,,
ecf940d3-c992-4d71-b933-b63db2dfb046|0|3,Pumpkin Season Baked Oats,Batter,1 egg,1,,Egg,,
ecf940d3-c992-4d71-b933-b63db2dfb046|0|4,Pumpkin Season Baked Oats,Batter,1 tbsp maple syrup (optional),1,tbsp,Maple Syrup,optional,
ecf940d3-c992-4d71-b933-b63db2dfb046|0|5,Pumpkin Season Baked Oats,Batter,½ tsp vanilla extract,0.5,tsp,Vanilla Extract,,
ecf940d3-c992-4d71-b933-b63db2dfb046|0|6,Pumpkin Season Baked Oats,Batter,½ tsp cinnamon,0.5,tsp,Cinnamon,,
ecf940d3-c992-4d71-b933-b63db2dfb046|0|7,Pumpkin Season Baked Oats,Batter,¼ tsp pumpkin pie spice,0.25,tsp,Pumpkin Pie Spice,,
ecf940d3-c992-4d71-b933-b63db2dfb046|0|8,Pumpkin Season Baked Oats,Batter,¼ tsp baking powder,0.25,tsp,Baking Powder,,
ecf940d3-c992-4d71-b933-b63db2dfb046|0|9,Pumpkin Season Baked Oats,Batter,Pinch of salt,1,pinch,Salt,,
ecf940d3-c992-4d71-b933-b63db2dfb046|1|0,Pumpkin Season Baked Oats,Toppings,Pecans,,,Pecans,,
ecf940d3-c992-4d71-b933-b63db2dfb046|1|1,Pumpkin Season Baked Oats,Toppings,Chocolate,,,Chocolate,,
dc24041c-43ac-4a90-bed8-ef466895bbbf|0|0,Pumpkin Spice Olive Oil Cake,Cake,"2/3 cup olive oil, plus more for oiling dish",0.667,cup,Olive Oil,plus more for oiling dish,
dc24041c-43ac-4a90-bed8-ef466895bbbf|0|1,Pumpkin Spice Olive Oil Cake,Cake,1 cup pumpkin puree,1,cup,Pumpkin Puree,,
dc24041c-43ac-4a90-bed8-ef466895bbbf|0|2,Pumpkin Spice Olive Oil Cake,Cake,1 cup maple syrup,1,cup,Maple Syrup,,
dc24041c-43ac-4a90-bed8-ef466895bbbf|0|3,Pumpkin Spice Olive Oil Cake,Cake,1/4 cup coconut sugar,0.25,cup,Coconut Sugar,,
dc24041c-43ac-4a90-bed8-ef466895bbbf|0|4,Pumpkin Spice Olive Oil Cake,Cake,3 eggs,3,,Egg,,
dc24041c-43ac-4a90-bed8-ef466895bbbf|0|5,Pumpkin Spice Olive Oil Cake,Cake,2 tsp vanilla extract,2,tsp,Vanilla Extract,,
dc24041c-43ac-4a90-bed8-ef466895bbbf|0|6,Pumpkin Spice Olive Oil Cake,Cake,3 1/2 cups almond flour,3.5,cup,Almond Flour,,
dc24041c-43ac-4a90-bed8-ef466895bbbf|0|7,Pumpkin Spice Olive Oil Cake,Cake,2 tsp cinnamon,2,tsp,Cinnamon,,
dc24041c-43ac-4a90-bed8-ef466895bbbf|0|8,Pumpkin Spice Olive Oil Cake,Cake,2 tsp ground ginger,2,tsp,Ginger,,
dc24041c-43ac-4a90-bed8-ef466895bbbf|0|9,Pumpkin Spice Olive Oil Cake,Cake,1/2 tsp ground nutmeg,0.5,tsp,Nutmeg,,
dc24041c-43ac-4a90-bed8-ef466895bbbf|0|10,Pumpkin Spice Olive Oil Cake,Cake,1/2 tsp ground cloves,0.5,tsp,Clove,,
dc24041c-43ac-4a90-bed8-ef466895bbbf|0|11,Pumpkin Spice Olive Oil Cake,Cake,1 tsp baking soda,1,tsp,Baking Soda,,
dc24041c-43ac-4a90-bed8-ef466895bbbf|0|12,Pumpkin Spice Olive Oil Cake,Cake,1 tsp baking powder,1,tsp,Baking Powder,,
dc24041c-43ac-4a90-bed8-ef466895bbbf|0|13,Pumpkin Spice Olive Oil Cake,Cake,1/2 tsp salt,0.5,tsp,Salt,,
dc24041c-43ac-4a90-bed8-ef466895bbbf|1|0,Pumpkin Spice Olive Oil Cake,Caramel Sauce,1/2 cup coconut oil,0.5,cup,Coconut Oil,,
dc24041c-43ac-4a90-bed8-ef466895bbbf|1|1,Pumpkin Spice Olive Oil Cake,Caramel Sauce,1/2 cup maple syrup,0.5,cup,Maple Syrup,,
dc24041c-43ac-4a90-bed8-ef466895bbbf|1|2,Pumpkin Spice Olive Oil Cake,Caramel Sauce,1/4 cup almond butter,0.25,cup,Almond Butter,,
dc24041c-43ac-4a90-bed8-ef466895bbbf|1|3,Pumpkin Spice Olive Oil Cake,Caramel Sauce,Pinch of sea salt,1,pinch,Sea Salt,,
103fa13c-0404-46e7-b749-6074633b4127|0|0,Quick Chicken Laksa,Laksa,2 packs instant laksa noodles (reserve flavour sachets — check GF),2,pack,Instant Laksa Noodles,reserve flavour sachets — check GF,
103fa13c-0404-46e7-b749-6074633b4127|0|1,Quick Chicken Laksa,Laksa,2 tbsp vegetable oil,2,tbsp,Vegetable Oil,,
103fa13c-0404-46e7-b749-6074633b4127|0|2,Quick Chicken Laksa,Laksa,2 tsp minced garlic,2,tsp,Garlic,minced,
103fa13c-0404-46e7-b749-6074633b4127|0|3,Quick Chicken Laksa,Laksa,1 tsp minced ginger,1,tsp,Ginger,minced,
103fa13c-0404-46e7-b749-6074633b4127|0|4,Quick Chicken Laksa,Laksa,2 tbsp laksa paste (or red curry paste),2,tbsp,Laksa Paste,or red curry paste,
103fa13c-0404-46e7-b749-6074633b4127|0|5,Quick Chicken Laksa,Laksa,300ml coconut milk,300,ml,Coconut Milk,,
103fa13c-0404-46e7-b749-6074633b4127|0|6,Quick Chicken Laksa,Laksa,300ml water,300,ml,Water,,
103fa13c-0404-46e7-b749-6074633b4127|0|7,Quick Chicken Laksa,Laksa,"1 stalk lemongrass, white part only, bruised",1,,Lemongrass,"white part only,  bruised",
103fa13c-0404-46e7-b749-6074633b4127|0|8,Quick Chicken Laksa,Laksa,"Lime juice, to taste",,,Lime Juice,to taste,
103fa13c-0404-46e7-b749-6074633b4127|0|9,Quick Chicken Laksa,Laksa,250g shredded rotisserie chicken,250,g,Rotisserie Chicken,shredded,
103fa13c-0404-46e7-b749-6074633b4127|1|0,Quick Chicken Laksa,Garnish,Bean sprouts,,,Bean Sprout,,
103fa13c-0404-46e7-b749-6074633b4127|1|1,Quick Chicken Laksa,Garnish,Fresh coriander,,,Coriander,,
103fa13c-0404-46e7-b749-6074633b4127|1|2,Quick Chicken Laksa,Garnish,Fried shallots,,,Fried Shallot,,
103fa13c-0404-46e7-b749-6074633b4127|1|3,Quick Chicken Laksa,Garnish,Chilli oil,,,Chilli Oil,,
103fa13c-0404-46e7-b749-6074633b4127|1|4,Quick Chicken Laksa,Garnish,Lime wedges,,,Lime Wedge,,
63f1b0ba-c24d-4240-8faa-a3d7c4761465|0|0,Quick Chinese Vegetable Noodle Soup,Infused Asian Broth,"1 litre / 4 cups chicken stock/broth, low sodium",1,l,Chicken Stock,low sodium,
63f1b0ba-c24d-4240-8faa-a3d7c4761465|0|1,Quick Chinese Vegetable Noodle Soup,Infused Asian Broth,"2 garlic cloves, peeled and halved",2,,Garlic Clove,peeled and halved,
63f1b0ba-c24d-4240-8faa-a3d7c4761465|0|2,Quick Chinese Vegetable Noodle Soup,Infused Asian Broth,"1.5cm / 1/2"" ginger piece, cut into 5 thin slices (optional, recommended)",,,Ginger,"optional, recommended; 1.5cm piece; piece; cut into 5 thin slices",
63f1b0ba-c24d-4240-8faa-a3d7c4761465|0|3,Quick Chinese Vegetable Noodle Soup,Infused Asian Broth,"1 star anise, optional",1,,Star Anise,optional,
63f1b0ba-c24d-4240-8faa-a3d7c4761465|0|4,Quick Chinese Vegetable Noodle Soup,Infused Asian Broth,1½ tbsp light soy sauce or all purpose soy sauce,1,,Light Soy Sauce,or all purpose soy sauce,
63f1b0ba-c24d-4240-8faa-a3d7c4761465|0|5,Quick Chinese Vegetable Noodle Soup,Infused Asian Broth,2 tsp sugar,2,tsp,Sugar,,
63f1b0ba-c24d-4240-8faa-a3d7c4761465|0|6,Quick Chinese Vegetable Noodle Soup,Infused Asian Broth,1½ tbsp Chinese cooking wine,1,,Chinese Cooking Wine,,
63f1b0ba-c24d-4240-8faa-a3d7c4761465|0|7,Quick Chinese Vegetable Noodle Soup,Infused Asian Broth,1/2 tsp toasted sesame oil (optional),0.5,tsp,Sesame Oil,optional; toasted,
63f1b0ba-c24d-4240-8faa-a3d7c4761465|1|0,Quick Chinese Vegetable Noodle Soup,Vegetables,"4-6 stems Chinese broccoli or bok choy, stems and leaves sliced and separated",4,,Chinese Broccoli,"or bok choy, stems and leaves sliced and separated; range",
63f1b0ba-c24d-4240-8faa-a3d7c4761465|1|1,Quick Chinese Vegetable Noodle Soup,Vegetables,"1 small carrot, peeled, cut in half lengthways then finely sliced on the diagonal",1,,Carrot,"peeled,  cut in half lengthways then finely sliced on the diagonal",
63f1b0ba-c24d-4240-8faa-a3d7c4761465|1|2,Quick Chinese Vegetable Noodle Soup,Vegetables,75g / 2.5oz enoki mushrooms (or other mushrooms sliced or quartered),75,g,Mushroom,or other mushrooms sliced or quartered,
63f1b0ba-c24d-4240-8faa-a3d7c4761465|2|0,Quick Chinese Vegetable Noodle Soup,Toppings,1/2 cup coriander/cilantro sprigs/leaves,0.5,cup,Coriander,,
63f1b0ba-c24d-4240-8faa-a3d7c4761465|2|1,Quick Chinese Vegetable Noodle Soup,Toppings,"1 green onion, green part only, finely sliced",1,,Green Onion,"green part only,  finely sliced",
63f1b0ba-c24d-4240-8faa-a3d7c4761465|2|2,Quick Chinese Vegetable Noodle Soup,Toppings,2 tbsp crispy fried shallots,2,tbsp,Crispy Fried Shallot,,
63f1b0ba-c24d-4240-8faa-a3d7c4761465|2|3,Quick Chinese Vegetable Noodle Soup,Toppings,"Chilli crisp, chilli sauce or sriracha, optional",,,Chilli Crisp,"or sriracha, optional; chilli sauce",
7495b06c-d15d-4398-af46-49ef5fecaeac|0|0,Raspberry Cheesecake Protein Bowl,Main,3/4 cup Greek yogurt,0.75,cup,Greek Yoghurt,,
7495b06c-d15d-4398-af46-49ef5fecaeac|0|1,Raspberry Cheesecake Protein Bowl,Main,2 tbsp whipped cream cheese,2,tbsp,Cream Cheese,,
7495b06c-d15d-4398-af46-49ef5fecaeac|0|2,Raspberry Cheesecake Protein Bowl,Main,1/2 scoop vanilla protein powder,0.5,scoop,Vanilla Protein Powder,,
7495b06c-d15d-4398-af46-49ef5fecaeac|0|3,Raspberry Cheesecake Protein Bowl,Main,Splash of vanilla,1,,Vanilla,,
7495b06c-d15d-4398-af46-49ef5fecaeac|0|4,Raspberry Cheesecake Protein Bowl,Main,Fresh raspberries,,,Raspberry,,
7495b06c-d15d-4398-af46-49ef5fecaeac|0|5,Raspberry Cheesecake Protein Bowl,Main,Crushed low-carb cinnamon crackers (optional),,,Low-carb Cinnamon Cracker,optional; Crushed,
218e17ca-716d-429a-8d53-98ea9e8d4ce5|0|0,Raspberry Chocolate Chip Baked Oatmeal,Batter,¾ cup oats,0.75,cup,Oats,,
218e17ca-716d-429a-8d53-98ea9e8d4ce5|0|1,Raspberry Chocolate Chip Baked Oatmeal,Batter,¾ cup milk of choice,0.75,cup,Milk Choice,,
218e17ca-716d-429a-8d53-98ea9e8d4ce5|0|2,Raspberry Chocolate Chip Baked Oatmeal,Batter,1 tbsp maple syrup,1,tbsp,Maple Syrup,,
218e17ca-716d-429a-8d53-98ea9e8d4ce5|0|3,Raspberry Chocolate Chip Baked Oatmeal,Batter,1 tbsp chia seeds,1,tbsp,Chia Seed,,
218e17ca-716d-429a-8d53-98ea9e8d4ce5|0|4,Raspberry Chocolate Chip Baked Oatmeal,Batter,2 tbsp sunbutter,2,tbsp,Sunbutter,,
218e17ca-716d-429a-8d53-98ea9e8d4ce5|0|5,Raspberry Chocolate Chip Baked Oatmeal,Batter,Splash of vanilla extract,1,,Vanilla Extract,,
218e17ca-716d-429a-8d53-98ea9e8d4ce5|0|6,Raspberry Chocolate Chip Baked Oatmeal,Batter,Pinch of salt,1,pinch,Salt,,
218e17ca-716d-429a-8d53-98ea9e8d4ce5|0|7,Raspberry Chocolate Chip Baked Oatmeal,Batter,½ tsp baking powder,0.5,tsp,Baking Powder,,
218e17ca-716d-429a-8d53-98ea9e8d4ce5|1|0,Raspberry Chocolate Chip Baked Oatmeal,Fold-ins & Topping,Raspberries,,,Raspberry,,
218e17ca-716d-429a-8d53-98ea9e8d4ce5|1|1,Raspberry Chocolate Chip Baked Oatmeal,Fold-ins & Topping,Chocolate chips,,,Chocolate Chip,,
a4a06fe6-a9b6-4856-84bd-4ef887ed5706|0|0,Raspberry Coconut Chocolate Bars,Main,1.5 cups dark chocolate chips,1.5,cup,Dark Chocolate Chip,,
a4a06fe6-a9b6-4856-84bd-4ef887ed5706|0|1,Raspberry Coconut Chocolate Bars,Main,1 cup coconut shreds,1,cup,Desiccated Coconut,,
a4a06fe6-a9b6-4856-84bd-4ef887ed5706|0|2,Raspberry Coconut Chocolate Bars,Main,2 tsp vanilla,2,tsp,Vanilla,,
a4a06fe6-a9b6-4856-84bd-4ef887ed5706|0|3,Raspberry Coconut Chocolate Bars,Main,1.5 cups frozen raspberries,1.5,cup,Raspberry,,
a4a06fe6-a9b6-4856-84bd-4ef887ed5706|0|4,Raspberry Coconut Chocolate Bars,Main,1 tbsp maple syrup,1,tbsp,Maple Syrup,,
ed2bee86-79fb-4ce4-84a9-9e9452d33fa7|0|0,"Rice Cakes with Nut Butter, Strawberries & Chocolate",Main,2 lightly salted or plain rice cakes,2,,Lightly Salted,or plain rice cakes,
ed2bee86-79fb-4ce4-84a9-9e9452d33fa7|0|1,"Rice Cakes with Nut Butter, Strawberries & Chocolate",Main,15g nut butter of choice,15,g,Nut Butter,,
ed2bee86-79fb-4ce4-84a9-9e9452d33fa7|0|2,"Rice Cakes with Nut Butter, Strawberries & Chocolate",Main,"4 medium strawberries, hulled and sliced",4,,Strawberry,hulled and sliced,
ed2bee86-79fb-4ce4-84a9-9e9452d33fa7|0|3,"Rice Cakes with Nut Butter, Strawberries & Chocolate",Main,"15g dark chocolate (70%), grated or finely chopped",15,g,Dark Chocolate,70%; or finely chopped; grated,
ed2bee86-79fb-4ce4-84a9-9e9452d33fa7|0|4,"Rice Cakes with Nut Butter, Strawberries & Chocolate",Main,Pinch of sea salt,1,pinch,Sea Salt,,
9d25d2c2-d278-413c-8f75-09579489dd5c|0|0,Rice Paper Kimchi Jeon with Tuna,Filling,"2 cups kimchi, finely chopped",2,cup,Kimchi,finely chopped,
9d25d2c2-d278-413c-8f75-09579489dd5c|0|1,Rice Paper Kimchi Jeon with Tuna,Filling,4 green onions,4,,Green Onion,,
9d25d2c2-d278-413c-8f75-09579489dd5c|0|2,Rice Paper Kimchi Jeon with Tuna,Filling,"¼ jalapeño, whole",0.25,,Jalapeño,whole,
9d25d2c2-d278-413c-8f75-09579489dd5c|0|3,Rice Paper Kimchi Jeon with Tuna,Filling,"6 oz light canned tuna, drained",6,oz,Tinned Tuna,drained,
9d25d2c2-d278-413c-8f75-09579489dd5c|0|4,Rice Paper Kimchi Jeon with Tuna,Filling,1.5 tbsp cornstarch,1.5,tbsp,Cornstarch,,
9d25d2c2-d278-413c-8f75-09579489dd5c|0|5,Rice Paper Kimchi Jeon with Tuna,Filling,1 tsp sesame oil,1,tsp,Sesame Oil,,
9d25d2c2-d278-413c-8f75-09579489dd5c|0|6,Rice Paper Kimchi Jeon with Tuna,Filling,¼ tsp salt,0.25,tsp,Salt,,
9d25d2c2-d278-413c-8f75-09579489dd5c|0|7,Rice Paper Kimchi Jeon with Tuna,Filling,9 sheets rice paper,9,sheet,Rice Paper,,
9d25d2c2-d278-413c-8f75-09579489dd5c|0|8,Rice Paper Kimchi Jeon with Tuna,Filling,1 tbsp gochugaru,1,tbsp,Gochugaru,,
9d25d2c2-d278-413c-8f75-09579489dd5c|0|9,Rice Paper Kimchi Jeon with Tuna,Filling,2 second cooking spray oil,2,,Second Cooking Spray Oil,,
9d25d2c2-d278-413c-8f75-09579489dd5c|1|0,Rice Paper Kimchi Jeon with Tuna,Dipping Sauce,2 tbsp soy sauce,2,tbsp,Soy Sauce,,
9d25d2c2-d278-413c-8f75-09579489dd5c|1|1,Rice Paper Kimchi Jeon with Tuna,Dipping Sauce,1 tbsp rice vinegar,1,tbsp,Rice Vinegar,,
9d25d2c2-d278-413c-8f75-09579489dd5c|1|2,Rice Paper Kimchi Jeon with Tuna,Dipping Sauce,2 tsp sesame oil,2,tsp,Sesame Oil,,
9d25d2c2-d278-413c-8f75-09579489dd5c|1|3,Rice Paper Kimchi Jeon with Tuna,Dipping Sauce,2 tsp minced garlic,2,tsp,Garlic,minced,
f22b4a0b-5edf-4c88-8fe1-93c335802e3e|0|0,Rice Paper Pad See Ew with Shrimp,Main,5-6 sheets rice paper,5,sheet,Rice Paper,range,
f22b4a0b-5edf-4c88-8fe1-93c335802e3e|0|1,Rice Paper Pad See Ew with Shrimp,Main,"½ lb Argentine red shrimp, raw",0.5,lb,Argentine Red Shrimp,raw,
f22b4a0b-5edf-4c88-8fe1-93c335802e3e|0|2,Rice Paper Pad See Ew with Shrimp,Main,1.5 cups Chinese broccoli,1.5,cup,Chinese Broccoli,,
f22b4a0b-5edf-4c88-8fe1-93c335802e3e|0|3,Rice Paper Pad See Ew with Shrimp,Main,1 egg,1,,Egg,,
f22b4a0b-5edf-4c88-8fe1-93c335802e3e|0|4,Rice Paper Pad See Ew with Shrimp,Main,2 tbsp minced garlic,2,tbsp,Garlic,minced,
f22b4a0b-5edf-4c88-8fe1-93c335802e3e|0|5,Rice Paper Pad See Ew with Shrimp,Main,1 second spray oil,1,,Second Spray Oil,,
f22b4a0b-5edf-4c88-8fe1-93c335802e3e|0|6,Rice Paper Pad See Ew with Shrimp,Main,1 tbsp oyster sauce,1,tbsp,Oyster Sauce,,
f22b4a0b-5edf-4c88-8fe1-93c335802e3e|0|7,Rice Paper Pad See Ew with Shrimp,Main,2 tbsp soy sauce,2,tbsp,Soy Sauce,,
f22b4a0b-5edf-4c88-8fe1-93c335802e3e|0|8,Rice Paper Pad See Ew with Shrimp,Main,2 tsp sugar,2,tsp,Sugar,,
326278cf-28f6-4f03-bb84-4a26babd9f49|0|0,Roast Chicken and Charred Corn Rice Salad,Salad,200g leftover cooked rice,200,g,Leftover Rice,,
326278cf-28f6-4f03-bb84-4a26babd9f49|0|1,Roast Chicken and Charred Corn Rice Salad,Salad,"250g sweetcorn (tinned, drained)",250,g,Sweetcorn,"tinned, drained",
326278cf-28f6-4f03-bb84-4a26babd9f49|0|2,Roast Chicken and Charred Corn Rice Salad,Salad,200g shredded cooked chicken,200,g,Chicken,shredded,
326278cf-28f6-4f03-bb84-4a26babd9f49|0|3,Roast Chicken and Charred Corn Rice Salad,Salad,1 head romaine lettuce,1,head,Romaine Lettuce,,
326278cf-28f6-4f03-bb84-4a26babd9f49|0|4,Roast Chicken and Charred Corn Rice Salad,Salad,"3 salad tomatoes, roughly chopped",3,,Salad Tomatoes,roughly chopped,
326278cf-28f6-4f03-bb84-4a26babd9f49|0|5,Roast Chicken and Charred Corn Rice Salad,Salad,"Pickled red onions, to garnish",,,Pickled Red Onion,to garnish,
326278cf-28f6-4f03-bb84-4a26babd9f49|0|6,Roast Chicken and Charred Corn Rice Salad,Salad,"Lime wedges, to garnish",,,Lime Wedge,to garnish,
326278cf-28f6-4f03-bb84-4a26babd9f49|1|0,Roast Chicken and Charred Corn Rice Salad,Avocado Dressing,1 tbsp pickled jalapeños,1,tbsp,Pickled Jalapeño,,
326278cf-28f6-4f03-bb84-4a26babd9f49|1|1,Roast Chicken and Charred Corn Rice Salad,Avocado Dressing,1 tbsp nutritional yeast,1,tbsp,Nutritional Yeast,,
326278cf-28f6-4f03-bb84-4a26babd9f49|1|2,Roast Chicken and Charred Corn Rice Salad,Avocado Dressing,1 garlic clove,1,,Garlic Clove,,
326278cf-28f6-4f03-bb84-4a26babd9f49|1|3,Roast Chicken and Charred Corn Rice Salad,Avocado Dressing,½ avocado (~75g),0.5,,Avocado,~75g,
326278cf-28f6-4f03-bb84-4a26babd9f49|1|4,Roast Chicken and Charred Corn Rice Salad,Avocado Dressing,1 tbsp Greek yoghurt (sub soya yoghurt to keep DF),1,tbsp,Greek Yoghurt,sub soya yoghurt to keep DF,
326278cf-28f6-4f03-bb84-4a26babd9f49|1|5,Roast Chicken and Charred Corn Rice Salad,Avocado Dressing,Juice of ½ lemon,,,Lemon Juice,,
326278cf-28f6-4f03-bb84-4a26babd9f49|1|6,Roast Chicken and Charred Corn Rice Salad,Avocado Dressing,Salt and pepper,,,Salt,,split
326278cf-28f6-4f03-bb84-4a26babd9f49|1|6-2,Roast Chicken and Charred Corn Rice Salad,Avocado Dressing,Salt and pepper,,,Black Pepper,(split — set qty),split
326278cf-28f6-4f03-bb84-4a26babd9f49|1|7,Roast Chicken and Charred Corn Rice Salad,Avocado Dressing,"Olive oil, to thin",,,Olive Oil,to thin,
2bbd59fc-f264-4ef6-b073-e6593ca83798|0|0,Roast Chicken Breast,Brine,2 litres cold water,2,l,Cold Water,,
2bbd59fc-f264-4ef6-b073-e6593ca83798|0|1,Roast Chicken Breast,Brine,100g rock salt or fine sea salt,100,g,Rock Salt,or fine sea salt,
2bbd59fc-f264-4ef6-b073-e6593ca83798|0|2,Roast Chicken Breast,Brine,2 tbsp caster sugar,2,tbsp,Caster Sugar,,
2bbd59fc-f264-4ef6-b073-e6593ca83798|0|3,Roast Chicken Breast,Brine,1 tsp garlic granules,1,tsp,Garlic Granules,,
2bbd59fc-f264-4ef6-b073-e6593ca83798|0|4,Roast Chicken Breast,Brine,1 sprig fresh thyme (optional),1,sprig,Thyme,optional,
2bbd59fc-f264-4ef6-b073-e6593ca83798|1|0,Roast Chicken Breast,For Cooking,4 boneless chicken breasts,4,,Chicken Breast,,
2bbd59fc-f264-4ef6-b073-e6593ca83798|1|1,Roast Chicken Breast,For Cooking,Light drizzle of olive oil,,,Olive Oil,,
2bbd59fc-f264-4ef6-b073-e6593ca83798|1|2,Roast Chicken Breast,For Cooking,½ tsp white pepper,0.5,tsp,White Pepper,,
2bbd59fc-f264-4ef6-b073-e6593ca83798|1|3,Roast Chicken Breast,For Cooking,½ tsp onion powder,0.5,tsp,Onion Powder,,
2bbd59fc-f264-4ef6-b073-e6593ca83798|1|4,Roast Chicken Breast,For Cooking,½ tsp garlic powder,0.5,tsp,Garlic Granules,,
2bbd59fc-f264-4ef6-b073-e6593ca83798|1|5,Roast Chicken Breast,For Cooking,Pinch of dried mixed herbs,1,pinch,Mixed Herb,,
4046f696-3c65-4d1f-8846-d38f53aabf6f|0|0,Roast Chicken Crispy Rice Salad with Tahini Miso Dressing,Risotto-Style Crispy Rice,270g sushi rice,270,g,Sushi Rice,,
4046f696-3c65-4d1f-8846-d38f53aabf6f|0|1,Roast Chicken Crispy Rice Salad with Tahini Miso Dressing,Risotto-Style Crispy Rice,500g chicken bone broth,500,g,Chicken Bone Broth,,
4046f696-3c65-4d1f-8846-d38f53aabf6f|0|2,Roast Chicken Crispy Rice Salad with Tahini Miso Dressing,Risotto-Style Crispy Rice,120ml white wine,120,ml,White Wine,,
4046f696-3c65-4d1f-8846-d38f53aabf6f|0|3,Roast Chicken Crispy Rice Salad with Tahini Miso Dressing,Risotto-Style Crispy Rice,"3 shallots, finely diced",3,,Shallot,finely diced,
4046f696-3c65-4d1f-8846-d38f53aabf6f|0|4,Roast Chicken Crispy Rice Salad with Tahini Miso Dressing,Risotto-Style Crispy Rice,"5 garlic cloves, grated",5,,Garlic Clove,grated,
4046f696-3c65-4d1f-8846-d38f53aabf6f|0|5,Roast Chicken Crispy Rice Salad with Tahini Miso Dressing,Risotto-Style Crispy Rice,"250g mushrooms, sliced or torn",250,g,Mushroom,or torn; sliced,
4046f696-3c65-4d1f-8846-d38f53aabf6f|0|6,Roast Chicken Crispy Rice Salad with Tahini Miso Dressing,Risotto-Style Crispy Rice,60g butter (sub dairy-free butter spread to keep DF),60,g,Butter,sub dairy-free butter spread to keep DF,
4046f696-3c65-4d1f-8846-d38f53aabf6f|0|7,Roast Chicken Crispy Rice Salad with Tahini Miso Dressing,Risotto-Style Crispy Rice,30ml olive oil,30,ml,Olive Oil,,
4046f696-3c65-4d1f-8846-d38f53aabf6f|1|0,Roast Chicken Crispy Rice Salad with Tahini Miso Dressing,Tahini Miso Dressing,60g tahini,60,g,Tahini,,
4046f696-3c65-4d1f-8846-d38f53aabf6f|1|1,Roast Chicken Crispy Rice Salad with Tahini Miso Dressing,Tahini Miso Dressing,30g soy sauce (check GF),30,g,Soy Sauce,check GF,
4046f696-3c65-4d1f-8846-d38f53aabf6f|1|2,Roast Chicken Crispy Rice Salad with Tahini Miso Dressing,Tahini Miso Dressing,60g rice vinegar,60,g,Rice Vinegar,,
4046f696-3c65-4d1f-8846-d38f53aabf6f|1|3,Roast Chicken Crispy Rice Salad with Tahini Miso Dressing,Tahini Miso Dressing,40g miso paste,40,g,Miso Paste,,
4046f696-3c65-4d1f-8846-d38f53aabf6f|1|4,Roast Chicken Crispy Rice Salad with Tahini Miso Dressing,Tahini Miso Dressing,30g sugar,30,g,Sugar,,
4046f696-3c65-4d1f-8846-d38f53aabf6f|1|5,Roast Chicken Crispy Rice Salad with Tahini Miso Dressing,Tahini Miso Dressing,50ml water,50,ml,Water,,
4046f696-3c65-4d1f-8846-d38f53aabf6f|2|0,Roast Chicken Crispy Rice Salad with Tahini Miso Dressing,Salad and Chicken,1.2kg boneless skinless chicken thighs,1.2,kg,Chicken Thigh,,
4046f696-3c65-4d1f-8846-d38f53aabf6f|2|1,Roast Chicken Crispy Rice Salad with Tahini Miso Dressing,Salad and Chicken,"1 bunch spring onions, sliced",1,bunch,Spring Onion,sliced,
4046f696-3c65-4d1f-8846-d38f53aabf6f|2|2,Roast Chicken Crispy Rice Salad with Tahini Miso Dressing,Salad and Chicken,Handful fresh mint leaves,1,handful,Mint,,
4046f696-3c65-4d1f-8846-d38f53aabf6f|2|3,Roast Chicken Crispy Rice Salad with Tahini Miso Dressing,Salad and Chicken,"1 large cucumber, finely sliced",1,,Cucumber,finely sliced,
4046f696-3c65-4d1f-8846-d38f53aabf6f|2|4,Roast Chicken Crispy Rice Salad with Tahini Miso Dressing,Salad and Chicken,Handful fresh coriander leaves,1,handful,Coriander,,
4046f696-3c65-4d1f-8846-d38f53aabf6f|2|5,Roast Chicken Crispy Rice Salad with Tahini Miso Dressing,Salad and Chicken,Salt and pepper,,,Salt,,split
4046f696-3c65-4d1f-8846-d38f53aabf6f|2|5-2,Roast Chicken Crispy Rice Salad with Tahini Miso Dressing,Salad and Chicken,Salt and pepper,,,Black Pepper,(split — set qty),split
199a8e55-dcbd-4356-a692-ab0e730b851e|0|0,Roast Chicken Rice Salad,Dressing,1 tablespoon pickled jalapeños,1,tbsp,Pickled Jalapeño,,
199a8e55-dcbd-4356-a692-ab0e730b851e|0|1,Roast Chicken Rice Salad,Dressing,1 tbsp nutritional yeast,1,tbsp,Nutritional Yeast,,
199a8e55-dcbd-4356-a692-ab0e730b851e|0|2,Roast Chicken Rice Salad,Dressing,1 garlic clove,1,,Garlic Clove,,
199a8e55-dcbd-4356-a692-ab0e730b851e|0|3,Roast Chicken Rice Salad,Dressing,½ avocado,0.5,,Avocado,,
199a8e55-dcbd-4356-a692-ab0e730b851e|0|4,Roast Chicken Rice Salad,Dressing,1 tbsp Greek yoghurt,1,tbsp,Greek Yoghurt,,
199a8e55-dcbd-4356-a692-ab0e730b851e|0|5,Roast Chicken Rice Salad,Dressing,"½ lemon, juiced",0.5,,Lemon,juiced,
199a8e55-dcbd-4356-a692-ab0e730b851e|0|6,Roast Chicken Rice Salad,Dressing,salt & pepper,,,Salt Pepper,,
199a8e55-dcbd-4356-a692-ab0e730b851e|0|7,Roast Chicken Rice Salad,Dressing,olive oil (to blend),,,Olive Oil,to blend,
199a8e55-dcbd-4356-a692-ab0e730b851e|1|0,Roast Chicken Rice Salad,Salad,200g leftover rice,200,g,Leftover Rice,,
199a8e55-dcbd-4356-a692-ab0e730b851e|1|1,Roast Chicken Rice Salad,Salad,250g sweetcorn,250,g,Sweetcorn,,
199a8e55-dcbd-4356-a692-ab0e730b851e|1|2,Roast Chicken Rice Salad,Salad,200g shredded chicken,200,g,Chicken,shredded,
199a8e55-dcbd-4356-a692-ab0e730b851e|1|3,Roast Chicken Rice Salad,Salad,1 head of romaine,1,head,Romaine Lettuce,,
199a8e55-dcbd-4356-a692-ab0e730b851e|1|4,Roast Chicken Rice Salad,Salad,3 salad tomatoes,3,,Salad Tomatoes,,
199a8e55-dcbd-4356-a692-ab0e730b851e|1|5,Roast Chicken Rice Salad,Salad,pickled onions and lime to garnish,,,Pickled Onion,to garnish,split
199a8e55-dcbd-4356-a692-ab0e730b851e|1|5-2,Roast Chicken Rice Salad,Salad,pickled onions and lime to garnish,,,Lime,to garnish; (split — set qty),split
3a7392a5-b19e-45e9-8b25-55d41e4b75e4|0|0,Roasted Butternut Squash and Carrot Soup,Main,"1 butternut squash, peeled, seeds removed, chopped",1,,Butternut Squash,"peeled,  seeds removed,  chopped",
3a7392a5-b19e-45e9-8b25-55d41e4b75e4|0|1,Roasted Butternut Squash and Carrot Soup,Main,"3 carrots, peeled and chopped",3,,Carrot,peeled and chopped,
3a7392a5-b19e-45e9-8b25-55d41e4b75e4|0|2,Roasted Butternut Squash and Carrot Soup,Main,"1 onion, diced",1,,Yellow Onion,diced,
3a7392a5-b19e-45e9-8b25-55d41e4b75e4|0|3,Roasted Butternut Squash and Carrot Soup,Main,"3 garlic cloves, minced or grated",3,,Garlic Clove,or grated; minced,
3a7392a5-b19e-45e9-8b25-55d41e4b75e4|0|4,Roasted Butternut Squash and Carrot Soup,Main,"1 tbsp fresh ginger, minced or grated",1,tbsp,Ginger,or grated; minced,
3a7392a5-b19e-45e9-8b25-55d41e4b75e4|0|5,Roasted Butternut Squash and Carrot Soup,Main,1 tsp curry powder,1,tsp,Curry Powder,,
3a7392a5-b19e-45e9-8b25-55d41e4b75e4|0|6,Roasted Butternut Squash and Carrot Soup,Main,½ tsp cumin,0.5,tsp,Cumin,,
3a7392a5-b19e-45e9-8b25-55d41e4b75e4|0|7,Roasted Butternut Squash and Carrot Soup,Main,½ tsp coriander,0.5,tsp,Coriander,,
3a7392a5-b19e-45e9-8b25-55d41e4b75e4|0|8,Roasted Butternut Squash and Carrot Soup,Main,½ tsp turmeric,0.5,tsp,Turmeric Powder,,
3a7392a5-b19e-45e9-8b25-55d41e4b75e4|0|9,Roasted Butternut Squash and Carrot Soup,Main,½ can coconut milk,0.5,can,Coconut Milk,,
3a7392a5-b19e-45e9-8b25-55d41e4b75e4|0|10,Roasted Butternut Squash and Carrot Soup,Main,1000ml veg stock,1000,ml,Vegetable Stock,,
3a7392a5-b19e-45e9-8b25-55d41e4b75e4|0|11,Roasted Butternut Squash and Carrot Soup,Main,2-3 tbsp olive oil,2,tbsp,Olive Oil,range,
3a7392a5-b19e-45e9-8b25-55d41e4b75e4|0|12,Roasted Butternut Squash and Carrot Soup,Main,Salt and pepper to taste,,,Salt,to taste,split
3a7392a5-b19e-45e9-8b25-55d41e4b75e4|0|12-2,Roasted Butternut Squash and Carrot Soup,Main,Salt and pepper to taste,,,Black Pepper,to taste; (split — set qty),split
ed533df0-cb52-4817-8b51-6b04cb643aaa|0|0,Roasted Cod on Sweet Potato,Main,2 large sweet potatoes (600g),2,,Sweet Potatoes,600g,
ed533df0-cb52-4817-8b51-6b04cb643aaa|0|1,Roasted Cod on Sweet Potato,Main,70g chorizo,70,g,Chorizo,,
ed533df0-cb52-4817-8b51-6b04cb643aaa|0|2,Roasted Cod on Sweet Potato,Main,50g peas,50,g,Peas,,
ed533df0-cb52-4817-8b51-6b04cb643aaa|0|3,Roasted Cod on Sweet Potato,Main,2 cod fillets,2,,Cod,fillets,
ed533df0-cb52-4817-8b51-6b04cb643aaa|0|4,Roasted Cod on Sweet Potato,Main,1/2 tsp smoked paprika,0.5,tsp,Smoked Paprika,,
ed533df0-cb52-4817-8b51-6b04cb643aaa|0|5,Roasted Cod on Sweet Potato,Main,Drizzle of honey,,,Honey,,
ed533df0-cb52-4817-8b51-6b04cb643aaa|1|0,Roasted Cod on Sweet Potato,Garnish,Parsley,,,Parsley,,
ed533df0-cb52-4817-8b51-6b04cb643aaa|1|1,Roasted Cod on Sweet Potato,Garnish,Lemon,,,Lemon,,
5ca18527-5d6b-45e9-905b-4f3f19220b0a|0|0,Salmon Crispy Rice Paper Bites,Main,"2 salmon fillets, cut into cubes",2,,Salmon,fillets; cut into cubes,
5ca18527-5d6b-45e9-905b-4f3f19220b0a|0|1,Salmon Crispy Rice Paper Bites,Main,6 rice paper sheets,6,,Rice Paper,,
5ca18527-5d6b-45e9-905b-4f3f19220b0a|0|2,Salmon Crispy Rice Paper Bites,Main,2 tbsp soy sauce or coconut aminos,2,tbsp,Soy Sauce,or coconut aminos,
5ca18527-5d6b-45e9-905b-4f3f19220b0a|0|3,Salmon Crispy Rice Paper Bites,Main,1 tbsp honey,1,tbsp,Honey,,
5ca18527-5d6b-45e9-905b-4f3f19220b0a|0|4,Salmon Crispy Rice Paper Bites,Main,1 tbsp lime juice,1,tbsp,Lime Juice,,
5ca18527-5d6b-45e9-905b-4f3f19220b0a|0|5,Salmon Crispy Rice Paper Bites,Main,1/4 tsp garlic powder,0.25,tsp,Garlic Granules,,
5ca18527-5d6b-45e9-905b-4f3f19220b0a|0|6,Salmon Crispy Rice Paper Bites,Main,Cucumber,,,Cucumber,,
5ca18527-5d6b-45e9-905b-4f3f19220b0a|0|7,Salmon Crispy Rice Paper Bites,Main,Carrot,,,Carrot,,
5ca18527-5d6b-45e9-905b-4f3f19220b0a|0|8,Salmon Crispy Rice Paper Bites,Main,Sesame seeds,,,Sesame Seeds,,
5ca18527-5d6b-45e9-905b-4f3f19220b0a|0|9,Salmon Crispy Rice Paper Bites,Main,Green onions,,,Green Onion,,
a11e2974-0717-4940-af8f-b3b3034f82f5|0|0,Salmon Poke Bowl Meal Prep,Salmon,,,,,,NULL_LINE re-enter
a11e2974-0717-4940-af8f-b3b3034f82f5|0|1,Salmon Poke Bowl Meal Prep,Salmon,,,,,,NULL_LINE re-enter
a11e2974-0717-4940-af8f-b3b3034f82f5|0|2,Salmon Poke Bowl Meal Prep,Salmon,,,,,,NULL_LINE re-enter
a11e2974-0717-4940-af8f-b3b3034f82f5|0|3,Salmon Poke Bowl Meal Prep,Salmon,,,,,,NULL_LINE re-enter
a11e2974-0717-4940-af8f-b3b3034f82f5|0|4,Salmon Poke Bowl Meal Prep,Salmon,,,,,,NULL_LINE re-enter
a11e2974-0717-4940-af8f-b3b3034f82f5|0|5,Salmon Poke Bowl Meal Prep,Salmon,,,,,,NULL_LINE re-enter
a11e2974-0717-4940-af8f-b3b3034f82f5|0|6,Salmon Poke Bowl Meal Prep,Salmon,,,,,,NULL_LINE re-enter
a11e2974-0717-4940-af8f-b3b3034f82f5|0|7,Salmon Poke Bowl Meal Prep,Salmon,,,,,,NULL_LINE re-enter
a11e2974-0717-4940-af8f-b3b3034f82f5|0|8,Salmon Poke Bowl Meal Prep,Salmon,,,,,,NULL_LINE re-enter
a11e2974-0717-4940-af8f-b3b3034f82f5|0|9,Salmon Poke Bowl Meal Prep,Salmon,,,,,,NULL_LINE re-enter
a11e2974-0717-4940-af8f-b3b3034f82f5|0|10,Salmon Poke Bowl Meal Prep,Salmon,,,,,,NULL_LINE re-enter
a11e2974-0717-4940-af8f-b3b3034f82f5|1|0,Salmon Poke Bowl Meal Prep,Rest,,,,,,NULL_LINE re-enter
a11e2974-0717-4940-af8f-b3b3034f82f5|1|1,Salmon Poke Bowl Meal Prep,Rest,,,,,,NULL_LINE re-enter
a11e2974-0717-4940-af8f-b3b3034f82f5|1|2,Salmon Poke Bowl Meal Prep,Rest,,,,,,NULL_LINE re-enter
a11e2974-0717-4940-af8f-b3b3034f82f5|1|3,Salmon Poke Bowl Meal Prep,Rest,,,,,,NULL_LINE re-enter
a11e2974-0717-4940-af8f-b3b3034f82f5|1|4,Salmon Poke Bowl Meal Prep,Rest,,,,,,NULL_LINE re-enter
7b43b05a-89d3-418b-ab59-9b44b95fe404|0|0,Saucy Shredded Chicken Tacos,,2.5 lb boneless skinless chicken thighs,2.5,lb,Chicken Thigh,,
7b43b05a-89d3-418b-ab59-9b44b95fe404|0|1,Saucy Shredded Chicken Tacos,,½ cup sugar-free ketchup,0.5,cup,Sugar-free Ketchup,,
7b43b05a-89d3-418b-ab59-9b44b95fe404|0|2,Saucy Shredded Chicken Tacos,,⅓ cup coconut aminos,0.333,cup,Coconut Aminos,,
7b43b05a-89d3-418b-ab59-9b44b95fe404|0|3,Saucy Shredded Chicken Tacos,,3 tablespoons maple syrup,3,tbsp,Maple Syrup,,
7b43b05a-89d3-418b-ab59-9b44b95fe404|0|4,Saucy Shredded Chicken Tacos,,2 tablespoons apple cider vinegar,2,tbsp,Apple Cider Vinegar,,
7b43b05a-89d3-418b-ab59-9b44b95fe404|0|5,Saucy Shredded Chicken Tacos,,1 tablespoon Dijon mustard,1,tbsp,Dijon Mustard,,
7b43b05a-89d3-418b-ab59-9b44b95fe404|0|6,Saucy Shredded Chicken Tacos,,1 tablespoon avocado oil,1,tbsp,Avocado Oil,,
7b43b05a-89d3-418b-ab59-9b44b95fe404|0|7,Saucy Shredded Chicken Tacos,,1 teaspoon smoked paprika,1,tsp,Smoked Paprika,,
7b43b05a-89d3-418b-ab59-9b44b95fe404|0|8,Saucy Shredded Chicken Tacos,,1 teaspoon garlic powder,1,tsp,Garlic Granules,,
7b43b05a-89d3-418b-ab59-9b44b95fe404|0|9,Saucy Shredded Chicken Tacos,,½ teaspoon onion powder,0.5,tsp,Onion Powder,,
7b43b05a-89d3-418b-ab59-9b44b95fe404|0|10,Saucy Shredded Chicken Tacos,,¾ teaspoon kosher salt,0.75,tsp,Kosher Salt,,
7b43b05a-89d3-418b-ab59-9b44b95fe404|0|11,Saucy Shredded Chicken Tacos,,¼ teaspoon black pepper,0.25,tsp,Black Pepper,,
7b43b05a-89d3-418b-ab59-9b44b95fe404|0|12,Saucy Shredded Chicken Tacos,,3 tablespoons water + 1 teaspoon arrowroot starch,3,tbsp,Arrowroot Starch,,
7b43b05a-89d3-418b-ab59-9b44b95fe404|0|13,Saucy Shredded Chicken Tacos,,"to serve: corn tortillas, guacamole, pickled red onion, cilantro",,,Corn Tortilla,"guacamole,  pickled red onion,  cilantro",
7da7380e-f05e-4288-852e-c5d8459b7b1f|0|0,Seared Miso Tuna Crispy Rice Bowl,Crispy Rice,250g leftover rice,250,g,Leftover Rice,,
7da7380e-f05e-4288-852e-c5d8459b7b1f|0|1,Seared Miso Tuna Crispy Rice Bowl,Crispy Rice,Neutral oil for frying,,,Oil,,
7da7380e-f05e-4288-852e-c5d8459b7b1f|1|0,Seared Miso Tuna Crispy Rice Bowl,Smacked Cucumber Salad,1 cucumber,1,,Cucumber,,
7da7380e-f05e-4288-852e-c5d8459b7b1f|1|1,Seared Miso Tuna Crispy Rice Bowl,Smacked Cucumber Salad,Handful edamame,1,handful,Edamame,,
7da7380e-f05e-4288-852e-c5d8459b7b1f|1|2,Seared Miso Tuna Crispy Rice Bowl,Smacked Cucumber Salad,Handful mangetout,1,handful,Mangetout,,
7da7380e-f05e-4288-852e-c5d8459b7b1f|1|3,Seared Miso Tuna Crispy Rice Bowl,Smacked Cucumber Salad,Handful peas,1,handful,Peas,,
7da7380e-f05e-4288-852e-c5d8459b7b1f|1|4,Seared Miso Tuna Crispy Rice Bowl,Smacked Cucumber Salad,Handful tenderstem broccoli,1,handful,Tenderstem Broccoli,,
7da7380e-f05e-4288-852e-c5d8459b7b1f|1|5,Seared Miso Tuna Crispy Rice Bowl,Smacked Cucumber Salad,3 spring onions,3,,Spring Onion,,
7da7380e-f05e-4288-852e-c5d8459b7b1f|2|0,Seared Miso Tuna Crispy Rice Bowl,Salad Dressing,1 garlic clove,1,,Garlic Clove,,
7da7380e-f05e-4288-852e-c5d8459b7b1f|2|1,Seared Miso Tuna Crispy Rice Bowl,Salad Dressing,Juice of 1/2 lemon,,,Juice,,
7da7380e-f05e-4288-852e-c5d8459b7b1f|2|2,Seared Miso Tuna Crispy Rice Bowl,Salad Dressing,2 tsp rice vinegar,2,tsp,Rice Vinegar,,
7da7380e-f05e-4288-852e-c5d8459b7b1f|2|3,Seared Miso Tuna Crispy Rice Bowl,Salad Dressing,1 tbsp soy sauce,1,tbsp,Soy Sauce,,
7da7380e-f05e-4288-852e-c5d8459b7b1f|2|4,Seared Miso Tuna Crispy Rice Bowl,Salad Dressing,1 tbsp sesame oil,1,tbsp,Sesame Oil,,
7da7380e-f05e-4288-852e-c5d8459b7b1f|2|5,Seared Miso Tuna Crispy Rice Bowl,Salad Dressing,1-2 tbsp gochugaru flakes,1,tbsp,Gochugaru Flake,range,
7da7380e-f05e-4288-852e-c5d8459b7b1f|2|6,Seared Miso Tuna Crispy Rice Bowl,Salad Dressing,Pinch sugar,1,pinch,Sugar,,
7da7380e-f05e-4288-852e-c5d8459b7b1f|2|7,Seared Miso Tuna Crispy Rice Bowl,Salad Dressing,Pinch MSG,1,pinch,Msg,,
7da7380e-f05e-4288-852e-c5d8459b7b1f|2|8,Seared Miso Tuna Crispy Rice Bowl,Salad Dressing,3 tbsp sesame seeds,3,tbsp,Sesame Seeds,,
7da7380e-f05e-4288-852e-c5d8459b7b1f|3|0,Seared Miso Tuna Crispy Rice Bowl,Miso Tuna,2 tuna steaks,2,,Tuna Steak,,
7da7380e-f05e-4288-852e-c5d8459b7b1f|3|1,Seared Miso Tuna Crispy Rice Bowl,Miso Tuna,1 tbsp white miso,1,tbsp,White Miso Paste,,
7da7380e-f05e-4288-852e-c5d8459b7b1f|3|2,Seared Miso Tuna Crispy Rice Bowl,Miso Tuna,1 tbsp sesame oil,1,tbsp,Sesame Oil,,
7da7380e-f05e-4288-852e-c5d8459b7b1f|3|3,Seared Miso Tuna Crispy Rice Bowl,Miso Tuna,1 tbsp rice wine vinegar,1,tbsp,Rice Vinegar,,
7da7380e-f05e-4288-852e-c5d8459b7b1f|3|4,Seared Miso Tuna Crispy Rice Bowl,Miso Tuna,Pinch sugar,1,pinch,Sugar,,
7da7380e-f05e-4288-852e-c5d8459b7b1f|3|5,Seared Miso Tuna Crispy Rice Bowl,Miso Tuna,1 tsp soy sauce,1,tsp,Soy Sauce,,
7da7380e-f05e-4288-852e-c5d8459b7b1f|3|6,Seared Miso Tuna Crispy Rice Bowl,Miso Tuna,Sesame seeds to coat,,,Sesame Seeds,,
20598858-c078-48be-8553-a0a5826b00b4|0|0,Shrimp Avocado and Greens with Lemony Tahini,Shrimp,"400g raw wild shrimp, peeled and deveined",400,g,Wild Shrimp,peeled and deveined,
20598858-c078-48be-8553-a0a5826b00b4|0|1,Shrimp Avocado and Greens with Lemony Tahini,Shrimp,2 tsp olive oil,2,tsp,Olive Oil,,
20598858-c078-48be-8553-a0a5826b00b4|0|2,Shrimp Avocado and Greens with Lemony Tahini,Shrimp,¾ tsp sea salt,0.75,tsp,Sea Salt,,
20598858-c078-48be-8553-a0a5826b00b4|0|3,Shrimp Avocado and Greens with Lemony Tahini,Shrimp,½ tsp garlic powder,0.5,tsp,Garlic Granules,,
20598858-c078-48be-8553-a0a5826b00b4|0|4,Shrimp Avocado and Greens with Lemony Tahini,Shrimp,½ tsp smoked paprika,0.5,tsp,Smoked Paprika,,
20598858-c078-48be-8553-a0a5826b00b4|0|5,Shrimp Avocado and Greens with Lemony Tahini,Shrimp,Fresh cracked pepper,,,Black Pepper,,
20598858-c078-48be-8553-a0a5826b00b4|1|0,Shrimp Avocado and Greens with Lemony Tahini,Salad,4 cups (80g) rocket (arugula) or greens of choice,4,cup,Rocket,80g; arugula; or greens of choice,
20598858-c078-48be-8553-a0a5826b00b4|1|1,Shrimp Avocado and Greens with Lemony Tahini,Salad,1 cup (60g) fresh watercress,1,cup,Watercress,60g,
20598858-c078-48be-8553-a0a5826b00b4|1|2,Shrimp Avocado and Greens with Lemony Tahini,Salad,"1 avocado (~150g), sliced",1,,Avocado,~150g; sliced,
20598858-c078-48be-8553-a0a5826b00b4|1|3,Shrimp Avocado and Greens with Lemony Tahini,Salad,"1 jalapeño, thinly sliced (deseeded if preferred)",1,,Jalapeño,deseeded if preferred; thinly sliced,
20598858-c078-48be-8553-a0a5826b00b4|1|4,Shrimp Avocado and Greens with Lemony Tahini,Salad,"1 medium cucumber (~150g), sliced",1,,Cucumber,~150g; sliced,
20598858-c078-48be-8553-a0a5826b00b4|2|0,Shrimp Avocado and Greens with Lemony Tahini,Lemony Tahini Dressing,2 tbsp high quality tahini,2,tbsp,Tahini,,
20598858-c078-48be-8553-a0a5826b00b4|2|1,Shrimp Avocado and Greens with Lemony Tahini,Lemony Tahini Dressing,1 tbsp olive oil,1,tbsp,Olive Oil,,
20598858-c078-48be-8553-a0a5826b00b4|2|2,Shrimp Avocado and Greens with Lemony Tahini,Lemony Tahini Dressing,Juice of ½ large lemon (~30ml),,,Lemon Juice,~30ml,
20598858-c078-48be-8553-a0a5826b00b4|2|3,Shrimp Avocado and Greens with Lemony Tahini,Lemony Tahini Dressing,½ tsp sea salt,0.5,tsp,Sea Salt,,
20598858-c078-48be-8553-a0a5826b00b4|2|4,Shrimp Avocado and Greens with Lemony Tahini,Lemony Tahini Dressing,1 tsp freshly minced garlic,1,tsp,Freshly Garlic,,
20598858-c078-48be-8553-a0a5826b00b4|2|5,Shrimp Avocado and Greens with Lemony Tahini,Lemony Tahini Dressing,1 tbsp finely chopped fresh coriander,1,tbsp,Coriander,finely chopped,
20598858-c078-48be-8553-a0a5826b00b4|2|6,Shrimp Avocado and Greens with Lemony Tahini,Lemony Tahini Dressing,2–3 tbsp water to thin,2,tbsp,Water,range,
9177ed1f-5e57-492b-a1c7-6662ca698f6b|0|0,Simple Honey Date Cake,Cake,12 medjool dates,12,,Medjool Date,,
9177ed1f-5e57-492b-a1c7-6662ca698f6b|0|1,Simple Honey Date Cake,Cake,1 cup boiling water,1,cup,Boiling Water,,
9177ed1f-5e57-492b-a1c7-6662ca698f6b|0|2,Simple Honey Date Cake,Cake,1/4 cup + 1 tbsp raw honey,0.25,cup,Honey,,
9177ed1f-5e57-492b-a1c7-6662ca698f6b|0|3,Simple Honey Date Cake,Cake,3 large eggs,3,,Egg,,
9177ed1f-5e57-492b-a1c7-6662ca698f6b|0|4,Simple Honey Date Cake,Cake,1 cup gluten free all purpose flour,1,cup,Gluten-free Plain Flour,,
9177ed1f-5e57-492b-a1c7-6662ca698f6b|0|5,Simple Honey Date Cake,Cake,3 tsp cinnamon,3,tsp,Cinnamon,,
9177ed1f-5e57-492b-a1c7-6662ca698f6b|0|6,Simple Honey Date Cake,Cake,1/4 cup olive oil,0.25,cup,Olive Oil,,
9177ed1f-5e57-492b-a1c7-6662ca698f6b|0|7,Simple Honey Date Cake,Cake,1 tsp vanilla paste,1,tsp,Vanilla Bean Paste,,
9177ed1f-5e57-492b-a1c7-6662ca698f6b|0|8,Simple Honey Date Cake,Cake,1 tsp baking powder,1,tsp,Baking Powder,,
9177ed1f-5e57-492b-a1c7-6662ca698f6b|0|9,Simple Honey Date Cake,Cake,1/2 tsp baking soda,0.5,tsp,Baking Soda,,
9177ed1f-5e57-492b-a1c7-6662ca698f6b|0|10,Simple Honey Date Cake,Cake,Dash of salt,1,dash,Salt,,
f812194f-6f62-44b1-817d-231046e933a4|0|0,Simple Salmon Bowl,Main,1 salmon fillet,1,,Salmon,fillet,
f812194f-6f62-44b1-817d-231046e933a4|0|1,Simple Salmon Bowl,Main,1/2 pack microwave rice or 60g sushi rice,0.5,pack,Microwave Rice,or 60g sushi rice,
f812194f-6f62-44b1-817d-231046e933a4|0|2,Simple Salmon Bowl,Main,10g sriracha,10,g,Sriracha,,
f812194f-6f62-44b1-817d-231046e933a4|0|3,Simple Salmon Bowl,Main,15g kewpie mayo,15,g,Kewpie Mayonnaise,,
f812194f-6f62-44b1-817d-231046e933a4|0|4,Simple Salmon Bowl,Main,40g cucumber,40,g,Cucumber,,
f812194f-6f62-44b1-817d-231046e933a4|0|5,Simple Salmon Bowl,Main,1 packet of seaweed thins,1,packet,Seaweed Thin,,
b5efe3b1-1126-4c46-9e0b-bf7d78657511|0|0,Singapore Chicken Noodles,Singapore Noodles Sauce,3 tbsp light soy sauce,3,tbsp,Light Soy Sauce,,
b5efe3b1-1126-4c46-9e0b-bf7d78657511|0|1,Singapore Chicken Noodles,Singapore Noodles Sauce,"3 tbsp Chinese cooking wine (Shaoxing wine, sub low-salt chicken stock)",3,tbsp,Chinese Cooking Wine,"Shaoxing wine, sub low-salt chicken stock",
b5efe3b1-1126-4c46-9e0b-bf7d78657511|0|2,Singapore Chicken Noodles,Singapore Noodles Sauce,3 tsp curry powder,3,tsp,Curry Powder,,
b5efe3b1-1126-4c46-9e0b-bf7d78657511|0|3,Singapore Chicken Noodles,Singapore Noodles Sauce,1 tsp white sugar,1,tsp,White Sugar,,
b5efe3b1-1126-4c46-9e0b-bf7d78657511|0|4,Singapore Chicken Noodles,Singapore Noodles Sauce,½ tsp white pepper,0.5,tsp,White Pepper,,
b5efe3b1-1126-4c46-9e0b-bf7d78657511|1|0,Singapore Chicken Noodles,Chicken,"150g skinless boneless chicken thighs, cut in half lengthways then sliced into 5mm strips",150,g,Chicken Thigh,cut in half lengthways then sliced into 5mm strips,
b5efe3b1-1126-4c46-9e0b-bf7d78657511|1|1,Singapore Chicken Noodles,Chicken,¼ tsp cooking/kosher salt,0.25,tsp,Cooking,,
b5efe3b1-1126-4c46-9e0b-bf7d78657511|1|2,Singapore Chicken Noodles,Chicken,½ tsp curry powder,0.5,tsp,Curry Powder,,
b5efe3b1-1126-4c46-9e0b-bf7d78657511|2|0,Singapore Chicken Noodles,Stir Fry,"100g dried vermicelli noodles, prepared per packet",100,g,Vermicelli Rice Noodles,prepared per packet,
b5efe3b1-1126-4c46-9e0b-bf7d78657511|2|1,Singapore Chicken Noodles,Stir Fry,"2 tbsp plain oil (canola, veg, or peanut)",2,tbsp,Oil,"canola, veg, or peanut",
b5efe3b1-1126-4c46-9e0b-bf7d78657511|2|2,Singapore Chicken Noodles,Stir Fry,"2 eggs, whisked",2,,Egg,whisked,
b5efe3b1-1126-4c46-9e0b-bf7d78657511|2|3,Singapore Chicken Noodles,Stir Fry,"100g streaky bacon, chopped into small pieces",100,g,Streaky Bacon,chopped into small pieces,
b5efe3b1-1126-4c46-9e0b-bf7d78657511|2|4,Singapore Chicken Noodles,Stir Fry,"½ brown onion, finely sliced",0.5,,Brown Onion,finely sliced,
b5efe3b1-1126-4c46-9e0b-bf7d78657511|2|5,Singapore Chicken Noodles,Stir Fry,"3 garlic cloves, finely minced",3,,Garlic Clove,finely minced,
b5efe3b1-1126-4c46-9e0b-bf7d78657511|2|6,Singapore Chicken Noodles,Stir Fry,"1 red capsicum (bell pepper), deseeded and finely sliced",1,,Red Capsicum,bell pepper; deseeded and finely sliced,
b5efe3b1-1126-4c46-9e0b-bf7d78657511|2|7,Singapore Chicken Noodles,Stir Fry,1 very heaped cup each bean sprouts & baby spinach,1,,Bean Sprout,heaped,split
b5efe3b1-1126-4c46-9e0b-bf7d78657511|2|7-2,Singapore Chicken Noodles,Stir Fry,1 very heaped cup each bean sprouts & baby spinach,,,Spinach,heaped; (split — set qty),split
60b24c73-ead9-405a-90f5-09fac7bc394d|0|0,Single Serve Baked French Toast,Main,"2 slices GF bread, crusts removed",2,slice,Gluten-free Bread,crusts removed,
60b24c73-ead9-405a-90f5-09fac7bc394d|0|1,Single Serve Baked French Toast,Main,2 eggs,2,,Egg,,
60b24c73-ead9-405a-90f5-09fac7bc394d|0|2,Single Serve Baked French Toast,Main,1 tsp vanilla extract,1,tsp,Vanilla Extract,,
60b24c73-ead9-405a-90f5-09fac7bc394d|0|3,Single Serve Baked French Toast,Main,½ tsp cinnamon,0.5,tsp,Cinnamon,,
60b24c73-ead9-405a-90f5-09fac7bc394d|0|4,Single Serve Baked French Toast,Main,1 tbsp maple syrup,1,tbsp,Maple Syrup,,
60b24c73-ead9-405a-90f5-09fac7bc394d|0|5,Single Serve Baked French Toast,Main,¾ cup almond milk,0.75,cup,Almond Milk,,
60b24c73-ead9-405a-90f5-09fac7bc394d|0|6,Single Serve Baked French Toast,Main,Handful frozen blueberries,1,handful,Blueberry,,
7a0644a4-c448-43fe-b1e1-13bed72a7309|0|0,Single Serve Double Chocolate Butter Cake,Main,2 tbsp vegan butter,2,tbsp,Vegan Butter,,
7a0644a4-c448-43fe-b1e1-13bed72a7309|0|1,Single Serve Double Chocolate Butter Cake,Main,4 tbsp brown sugar,4,tbsp,Brown Sugar,,
7a0644a4-c448-43fe-b1e1-13bed72a7309|0|2,Single Serve Double Chocolate Butter Cake,Main,1 tbsp oil,1,tbsp,Oil,,
7a0644a4-c448-43fe-b1e1-13bed72a7309|0|3,Single Serve Double Chocolate Butter Cake,Main,1/4 tsp vanilla extract,0.25,tsp,Vanilla Extract,,
7a0644a4-c448-43fe-b1e1-13bed72a7309|0|4,Single Serve Double Chocolate Butter Cake,Main,1 1/2 tbsp cocoa powder,1.5,tbsp,Cocoa Powder,,
7a0644a4-c448-43fe-b1e1-13bed72a7309|0|5,Single Serve Double Chocolate Butter Cake,Main,1/8 tsp baking soda,0.125,tsp,Baking Soda,,
7a0644a4-c448-43fe-b1e1-13bed72a7309|0|6,Single Serve Double Chocolate Butter Cake,Main,1/8 tsp salt,0.125,tsp,Salt,,
7a0644a4-c448-43fe-b1e1-13bed72a7309|0|7,Single Serve Double Chocolate Butter Cake,Main,4 tbsp all purpose flour,4,tbsp,Plain Flour,,
7a0644a4-c448-43fe-b1e1-13bed72a7309|0|8,Single Serve Double Chocolate Butter Cake,Main,Vegan chocolate chips,,,Vegan Chocolate Chip,,
0a7f5180-b8f6-4a49-a1c9-51fa47030f3c|0|0,Single Serve Sticky Date Pudding,Pudding,1 medjool date (25g dates),1,,Medjool Date,25g dates,
0a7f5180-b8f6-4a49-a1c9-51fa47030f3c|0|1,Single Serve Sticky Date Pudding,Pudding,1/4 tsp bicarb soda,0.25,tsp,Baking Soda,,
0a7f5180-b8f6-4a49-a1c9-51fa47030f3c|0|2,Single Serve Sticky Date Pudding,Pudding,2 tbsp boiling water,2,tbsp,Boiling Water,,
0a7f5180-b8f6-4a49-a1c9-51fa47030f3c|0|3,Single Serve Sticky Date Pudding,Pudding,25g self raising flour (can use GF),25,g,Self-raising Flour,can use GF,
0a7f5180-b8f6-4a49-a1c9-51fa47030f3c|0|4,Single Serve Sticky Date Pudding,Pudding,10g protein powder (or extra flour),10,g,Protein Powder,or extra flour,
0a7f5180-b8f6-4a49-a1c9-51fa47030f3c|0|5,Single Serve Sticky Date Pudding,Pudding,1 tbsp sweetener,1,tbsp,Sweetener,,
0a7f5180-b8f6-4a49-a1c9-51fa47030f3c|0|6,Single Serve Sticky Date Pudding,Pudding,"1/2 tsp butter, softened",0.5,tsp,Butter,softened,
0a7f5180-b8f6-4a49-a1c9-51fa47030f3c|0|7,Single Serve Sticky Date Pudding,Pudding,1-2 tbsp milk,1,tbsp,Milk,range,
0a7f5180-b8f6-4a49-a1c9-51fa47030f3c|0|8,Single Serve Sticky Date Pudding,Pudding,Pinch of salt,1,pinch,Salt,,
0a7f5180-b8f6-4a49-a1c9-51fa47030f3c|1|0,Single Serve Sticky Date Pudding,Caramel Sauce,5g biscoff (melted) or almond butter for GF,5,g,Biscoff,melted; or almond butter for GF,
0a7f5180-b8f6-4a49-a1c9-51fa47030f3c|1|1,Single Serve Sticky Date Pudding,Caramel Sauce,1 tbsp maple syrup,1,tbsp,Maple Syrup,,
0a7f5180-b8f6-4a49-a1c9-51fa47030f3c|1|2,Single Serve Sticky Date Pudding,Caramel Sauce,1 tbsp milk,1,tbsp,Milk,,
f5547427-fc37-47a7-ab26-1b200c55eb3f|0|0,Single Serve Vegan Chocolate Mug Cake,Main,2 tbsp plain flour,2,tbsp,Plain Flour,,
f5547427-fc37-47a7-ab26-1b200c55eb3f|0|1,Single Serve Vegan Chocolate Mug Cake,Main,1 tbsp cocoa powder,1,tbsp,Cocoa Powder,,
f5547427-fc37-47a7-ab26-1b200c55eb3f|0|2,Single Serve Vegan Chocolate Mug Cake,Main,1 tbsp coconut sugar,1,tbsp,Coconut Sugar,,
f5547427-fc37-47a7-ab26-1b200c55eb3f|0|3,Single Serve Vegan Chocolate Mug Cake,Main,Pinch of flaky salt,1,pinch,Flakey Salt,,
f5547427-fc37-47a7-ab26-1b200c55eb3f|0|4,Single Serve Vegan Chocolate Mug Cake,Main,1/2 tsp baking powder,0.5,tsp,Baking Powder,,
f5547427-fc37-47a7-ab26-1b200c55eb3f|0|5,Single Serve Vegan Chocolate Mug Cake,Main,1/2 tbsp olive oil,0.5,tbsp,Olive Oil,,
f5547427-fc37-47a7-ab26-1b200c55eb3f|0|6,Single Serve Vegan Chocolate Mug Cake,Main,4 tbsp plant-based milk,4,tbsp,Alternative Milk,,
f5547427-fc37-47a7-ab26-1b200c55eb3f|0|7,Single Serve Vegan Chocolate Mug Cake,Main,1 tsp peanut butter (for the middle),1,tsp,Peanut Butter,for the middle,
f5547427-fc37-47a7-ab26-1b200c55eb3f|0|8,Single Serve Vegan Chocolate Mug Cake,Main,Dark chocolate chips for topping,,,Dark Chocolate Chip Topping,,
7dad40e9-0da5-491d-8d69-f1b3eec89c68|0|0,Skillet Chicken Thighs with Mushroom Gravy,,6 boneless skinless chicken thighs,6,,Chicken Thigh,,
7dad40e9-0da5-491d-8d69-f1b3eec89c68|0|1,Skillet Chicken Thighs with Mushroom Gravy,,4 tbsp avocado oil,4,tbsp,Avocado Oil,,
7dad40e9-0da5-491d-8d69-f1b3eec89c68|0|2,Skillet Chicken Thighs with Mushroom Gravy,,"1 onion, diced",1,,Yellow Onion,diced,
7dad40e9-0da5-491d-8d69-f1b3eec89c68|0|3,Skillet Chicken Thighs with Mushroom Gravy,,"1 lb baby bella mushrooms, sliced thick",1,lb,Bella Mushroom,sliced thick,
7dad40e9-0da5-491d-8d69-f1b3eec89c68|0|4,Skillet Chicken Thighs with Mushroom Gravy,,"2 cloves garlic, minced",2,clove,Garlic,minced,
7dad40e9-0da5-491d-8d69-f1b3eec89c68|0|5,Skillet Chicken Thighs with Mushroom Gravy,,"2–3 tbsp fresh thyme leaves, roughly chopped",2,tbsp,Thyme,range; roughly chopped,
7dad40e9-0da5-491d-8d69-f1b3eec89c68|0|6,Skillet Chicken Thighs with Mushroom Gravy,,2 cups chicken broth,2,cup,Chicken Broth,,
7dad40e9-0da5-491d-8d69-f1b3eec89c68|0|7,Skillet Chicken Thighs with Mushroom Gravy,,2 tbsp tamari,2,tbsp,Tamari,,
7dad40e9-0da5-491d-8d69-f1b3eec89c68|0|8,Skillet Chicken Thighs with Mushroom Gravy,,2 tbsp arrowroot starch (or thickener of choice),2,tbsp,Arrowroot Starch,or thickener of choice,
7dad40e9-0da5-491d-8d69-f1b3eec89c68|0|9,Skillet Chicken Thighs with Mushroom Gravy,,salt and pepper to season,,,Salt,,split
7dad40e9-0da5-491d-8d69-f1b3eec89c68|0|9-2,Skillet Chicken Thighs with Mushroom Gravy,,salt and pepper to season,,,Black Pepper,(split — set qty),split
f69c8a94-2b76-4371-893b-92f4ef797efb|0|0,Smashed Broccoli Salad with Greek Yogurt Dressing,Smashed Broccoli,1.5 lbs broccoli florets,1.5,lb,Broccoli Floret,,
f69c8a94-2b76-4371-893b-92f4ef797efb|0|1,Smashed Broccoli Salad with Greek Yogurt Dressing,Smashed Broccoli,Finely shredded parmesan or pecorino cheese,,,Parmesan,or pecorino cheese; Finely shredded,
f69c8a94-2b76-4371-893b-92f4ef797efb|0|2,Smashed Broccoli Salad with Greek Yogurt Dressing,Smashed Broccoli,4 tbsp avocado oil,4,tbsp,Avocado Oil,,
f69c8a94-2b76-4371-893b-92f4ef797efb|0|3,Smashed Broccoli Salad with Greek Yogurt Dressing,Smashed Broccoli,1/2 tsp dried oregano,0.5,tsp,Oregano,,
f69c8a94-2b76-4371-893b-92f4ef797efb|0|4,Smashed Broccoli Salad with Greek Yogurt Dressing,Smashed Broccoli,1 tsp Chile lime seasoning,1,tsp,Chile Lime Seasoning,,
f69c8a94-2b76-4371-893b-92f4ef797efb|0|5,Smashed Broccoli Salad with Greek Yogurt Dressing,Smashed Broccoli,1 tsp smoked paprika,1,tsp,Smoked Paprika,,
f69c8a94-2b76-4371-893b-92f4ef797efb|1|0,Smashed Broccoli Salad with Greek Yogurt Dressing,Salad,"4 Persian cucumbers, thinly sliced",4,,Persian Cucumber,thinly sliced,
f69c8a94-2b76-4371-893b-92f4ef797efb|1|1,Smashed Broccoli Salad with Greek Yogurt Dressing,Salad,"1/2 red onion, finely diced",0.5,,Red Onion,finely diced,
f69c8a94-2b76-4371-893b-92f4ef797efb|1|2,Smashed Broccoli Salad with Greek Yogurt Dressing,Salad,"Large handful fresh dill, finely chopped",,,Dill,finely chopped,
f69c8a94-2b76-4371-893b-92f4ef797efb|1|3,Smashed Broccoli Salad with Greek Yogurt Dressing,Salad,"Large handful fresh parsley, finely chopped",,,Parsley,finely chopped,
f69c8a94-2b76-4371-893b-92f4ef797efb|1|4,Smashed Broccoli Salad with Greek Yogurt Dressing,Salad,1/4 to 1/2 cup toasted walnuts,0.25,cup,Walnut,range; toasted,
f69c8a94-2b76-4371-893b-92f4ef797efb|2|0,Smashed Broccoli Salad with Greek Yogurt Dressing,Greek Yogurt Dressing,2 tbsp Greek yogurt,2,tbsp,Greek Yoghurt,,
f69c8a94-2b76-4371-893b-92f4ef797efb|2|1,Smashed Broccoli Salad with Greek Yogurt Dressing,Greek Yogurt Dressing,2.5 tbsp mayo,2.5,tbsp,Mayonnaise,,
f69c8a94-2b76-4371-893b-92f4ef797efb|2|2,Smashed Broccoli Salad with Greek Yogurt Dressing,Greek Yogurt Dressing,1/2 tbsp Dijon mustard,0.5,tbsp,Dijon Mustard,,
f69c8a94-2b76-4371-893b-92f4ef797efb|2|3,Smashed Broccoli Salad with Greek Yogurt Dressing,Greek Yogurt Dressing,Juice of 1 large lemon,,,Lemon Juice,,
f69c8a94-2b76-4371-893b-92f4ef797efb|2|4,Smashed Broccoli Salad with Greek Yogurt Dressing,Greek Yogurt Dressing,A couple pinches of salt,,,Salt,,
f69c8a94-2b76-4371-893b-92f4ef797efb|2|5,Smashed Broccoli Salad with Greek Yogurt Dressing,Greek Yogurt Dressing,1 tsp Aleppo pepper,1,tsp,Aleppo Pepper,,
f69c8a94-2b76-4371-893b-92f4ef797efb|2|6,Smashed Broccoli Salad with Greek Yogurt Dressing,Greek Yogurt Dressing,1/2 tsp sweet paprika,0.5,tsp,Sweet Paprika,,
7dfcf1c8-0004-4c41-8619-78548b909e80|0|0,Smoky Caramelised Red Pepper Orzo,Main,"1 red pepper, sliced into strips",1,,Red Bell Pepper,sliced into strips,
7dfcf1c8-0004-4c41-8619-78548b909e80|0|1,Smoky Caramelised Red Pepper Orzo,Main,"1 large banana shallot, finely sliced",1,,Banana Shallot,finely sliced,
7dfcf1c8-0004-4c41-8619-78548b909e80|0|2,Smoky Caramelised Red Pepper Orzo,Main,"2 garlic cloves, minced",2,,Garlic Clove,minced,
7dfcf1c8-0004-4c41-8619-78548b909e80|0|3,Smoky Caramelised Red Pepper Orzo,Main,1 tsp honey,1,tsp,Honey,,
7dfcf1c8-0004-4c41-8619-78548b909e80|0|4,Smoky Caramelised Red Pepper Orzo,Main,1 heaped tsp sweet smoked paprika,1,tsp,Sweet Smoked Paprika,heaped,
7dfcf1c8-0004-4c41-8619-78548b909e80|0|5,Smoky Caramelised Red Pepper Orzo,Main,"200g cherry tomatoes, whole",200,g,Cherry Tomatoes,whole,
7dfcf1c8-0004-4c41-8619-78548b909e80|0|6,Smoky Caramelised Red Pepper Orzo,Main,1 chicken stock cube,1,,Chicken Stock Cube,,
7dfcf1c8-0004-4c41-8619-78548b909e80|0|7,Smoky Caramelised Red Pepper Orzo,Main,1 tbsp sundried tomato purée,1,tbsp,Sundried Tomatoes,,
7dfcf1c8-0004-4c41-8619-78548b909e80|0|8,Smoky Caramelised Red Pepper Orzo,Main,150g orzo,150,g,Orzo,,
7dfcf1c8-0004-4c41-8619-78548b909e80|0|9,Smoky Caramelised Red Pepper Orzo,Main,Fresh chives,,,Chives,,
7dfcf1c8-0004-4c41-8619-78548b909e80|0|10,Smoky Caramelised Red Pepper Orzo,Main,Lemon,,,Lemon,,
7dfcf1c8-0004-4c41-8619-78548b909e80|1|0,Smoky Caramelised Red Pepper Orzo,Optional Garlic Prawns,200g raw prawns,200,g,Prawn,,
7dfcf1c8-0004-4c41-8619-78548b909e80|1|1,Smoky Caramelised Red Pepper Orzo,Optional Garlic Prawns,1 tsp garlic granules,1,tsp,Garlic Granules,,
7dfcf1c8-0004-4c41-8619-78548b909e80|1|2,Smoky Caramelised Red Pepper Orzo,Optional Garlic Prawns,Olive oil,,,Olive Oil,,
7dfcf1c8-0004-4c41-8619-78548b909e80|1|3,Smoky Caramelised Red Pepper Orzo,Optional Garlic Prawns,"Salt, pepper and lemon",,,Salt,pepper and lemon,
7dfcf1c8-0004-4c41-8619-78548b909e80|2|0,Smoky Caramelised Red Pepper Orzo,To Serve,Feta,,,Feta,,
7dfcf1c8-0004-4c41-8619-78548b909e80|2|1,Smoky Caramelised Red Pepper Orzo,To Serve,More chives,,,Chives,,
ef770070-6513-47a5-8a8d-3b145c1b72c5|0|0,Smoky Chicken Tacos with Roasted Corn Salsa,Chicken,1.5 lbs boneless skinless chicken thighs,1.5,lb,Chicken Thigh,,
ef770070-6513-47a5-8a8d-3b145c1b72c5|0|1,Smoky Chicken Tacos with Roasted Corn Salsa,Chicken,1 tbsp olive oil,1,tbsp,Olive Oil,,
ef770070-6513-47a5-8a8d-3b145c1b72c5|0|2,Smoky Chicken Tacos with Roasted Corn Salsa,Chicken,juice of 1 large lime,,,Lime Juice,,
ef770070-6513-47a5-8a8d-3b145c1b72c5|0|3,Smoky Chicken Tacos with Roasted Corn Salsa,Chicken,2 tsp smoked paprika,2,tsp,Smoked Paprika,,
ef770070-6513-47a5-8a8d-3b145c1b72c5|0|4,Smoky Chicken Tacos with Roasted Corn Salsa,Chicken,½ tsp cayenne,0.5,tsp,Cayenne Pepper,,
ef770070-6513-47a5-8a8d-3b145c1b72c5|0|5,Smoky Chicken Tacos with Roasted Corn Salsa,Chicken,2 tsp chipotle powder,2,tsp,Chipotle Powder,,
ef770070-6513-47a5-8a8d-3b145c1b72c5|0|6,Smoky Chicken Tacos with Roasted Corn Salsa,Chicken,½ tsp cumin,0.5,tsp,Cumin,,
ef770070-6513-47a5-8a8d-3b145c1b72c5|0|7,Smoky Chicken Tacos with Roasted Corn Salsa,Chicken,2 tsp garlic powder,2,tsp,Garlic Granules,,
ef770070-6513-47a5-8a8d-3b145c1b72c5|0|8,Smoky Chicken Tacos with Roasted Corn Salsa,Chicken,salt & pepper,,,Salt Pepper,,
ef770070-6513-47a5-8a8d-3b145c1b72c5|1|0,Smoky Chicken Tacos with Roasted Corn Salsa,Roasted Corn Salsa,2 cups roasted corn (canned works too),2,cup,Corn,canned works too,
ef770070-6513-47a5-8a8d-3b145c1b72c5|1|1,Smoky Chicken Tacos with Roasted Corn Salsa,Roasted Corn Salsa,1 diced avocado,1,,Avocado,diced,
ef770070-6513-47a5-8a8d-3b145c1b72c5|1|2,Smoky Chicken Tacos with Roasted Corn Salsa,Roasted Corn Salsa,large handful chopped cilantro,,,Coriander,,
ef770070-6513-47a5-8a8d-3b145c1b72c5|1|3,Smoky Chicken Tacos with Roasted Corn Salsa,Roasted Corn Salsa,juice of 1 large lime,,,Lime Juice,,
ef770070-6513-47a5-8a8d-3b145c1b72c5|1|4,Smoky Chicken Tacos with Roasted Corn Salsa,Roasted Corn Salsa,¼ cup finely diced red onion,0.25,cup,Red Onion,finely diced,
ef770070-6513-47a5-8a8d-3b145c1b72c5|1|5,Smoky Chicken Tacos with Roasted Corn Salsa,Roasted Corn Salsa,salt to taste,,,Salt,to taste,
ef770070-6513-47a5-8a8d-3b145c1b72c5|2|0,Smoky Chicken Tacos with Roasted Corn Salsa,To Serve,low-carb tortillas,,,Low-carb Tortilla,,
ef770070-6513-47a5-8a8d-3b145c1b72c5|2|1,Smoky Chicken Tacos with Roasted Corn Salsa,To Serve,shredded cheese,,,Cheese,shredded,
ef770070-6513-47a5-8a8d-3b145c1b72c5|2|2,Smoky Chicken Tacos with Roasted Corn Salsa,To Serve,"jalapeños, avocado, hot sauce, lime",,,Jalapeño,"avocado,  hot sauce,  lime",
0c738100-6f5f-4b47-ae04-675ceaaff2b0|0|0,Snickers Overnight Oats,Main,50g oats,50,g,Oats,,
0c738100-6f5f-4b47-ae04-675ceaaff2b0|0|1,Snickers Overnight Oats,Main,130ml plant milk,130,ml,Alternative Milk,,
0c738100-6f5f-4b47-ae04-675ceaaff2b0|0|2,Snickers Overnight Oats,Main,1 tsp chia seeds,1,tsp,Chia Seed,,
0c738100-6f5f-4b47-ae04-675ceaaff2b0|0|3,Snickers Overnight Oats,Main,1 tbsp cocoa powder,1,tbsp,Cocoa Powder,,
0c738100-6f5f-4b47-ae04-675ceaaff2b0|0|4,Snickers Overnight Oats,Main,Pinch of salt,1,pinch,Salt,,
0c738100-6f5f-4b47-ae04-675ceaaff2b0|0|5,Snickers Overnight Oats,Main,1 tsp sweetener (e.g. maple syrup),1,tsp,Sweetener,e.g. maple syrup,
0c738100-6f5f-4b47-ae04-675ceaaff2b0|0|6,Snickers Overnight Oats,Main,1 tsp peanut butter,1,tsp,Peanut Butter,,
0c738100-6f5f-4b47-ae04-675ceaaff2b0|1|0,Snickers Overnight Oats,Topping,"30g dark chocolate, melted",30,g,Dark Chocolate,melted,
0c738100-6f5f-4b47-ae04-675ceaaff2b0|1|1,Snickers Overnight Oats,Topping,Peanuts,,,Peanuts,,
0c738100-6f5f-4b47-ae04-675ceaaff2b0|1|2,Snickers Overnight Oats,Topping,Pinch of sea salt,1,pinch,Sea Salt,,
a885cb88-1a81-42c9-8298-35d2e2290ece|0|0,Speedy Pad Thai Noodle Salad,,60g dry rice noodles,60,g,Rice Noodles,,
a885cb88-1a81-42c9-8298-35d2e2290ece|0|1,Speedy Pad Thai Noodle Salad,,1 heaped tsp peanut butter,1,tsp,Peanut Butter,heaped,
a885cb88-1a81-42c9-8298-35d2e2290ece|0|2,Speedy Pad Thai Noodle Salad,,"1 tsp each tamarind paste, honey, fish sauce, sriracha",1,tsp,Tamarind Paste,"honey,  fish sauce,  sriracha",
a885cb88-1a81-42c9-8298-35d2e2290ece|0|3,Speedy Pad Thai Noodle Salad,,"1 lime, zest and juice",1,,Lime,zest and juice,
a885cb88-1a81-42c9-8298-35d2e2290ece|0|4,Speedy Pad Thai Noodle Salad,,1 tsp water (plus more if needed),1,tsp,Water,plus more if needed,
a885cb88-1a81-42c9-8298-35d2e2290ece|0|5,Speedy Pad Thai Noodle Salad,,100g cooked shredded chicken,100,g,Chicken,,
a885cb88-1a81-42c9-8298-35d2e2290ece|0|6,Speedy Pad Thai Noodle Salad,,"2 spring onions, chopped",2,,Spring Onion,chopped,
a885cb88-1a81-42c9-8298-35d2e2290ece|0|7,Speedy Pad Thai Noodle Salad,,"handful cherry tomatoes, halved",1,handful,Cherry Tomatoes,halved,
a885cb88-1a81-42c9-8298-35d2e2290ece|0|8,Speedy Pad Thai Noodle Salad,,"1 carrot, julienned or grated",1,,Carrot,or grated; julienned,
a885cb88-1a81-42c9-8298-35d2e2290ece|0|9,Speedy Pad Thai Noodle Salad,,handful of coriander leaves,1,handful,Coriander,,
a885cb88-1a81-42c9-8298-35d2e2290ece|0|10,Speedy Pad Thai Noodle Salad,,"1 tbsp roasted peanuts, chopped",1,tbsp,Peanuts,chopped,
faf35148-7f5d-4cb7-8f5f-fe5660d464cb|0|0,Spicy Asian Noodles with Spinach and Chilli Crisp,Sauce,2 tbsp Chinese sesame paste (sub tahini or peanut butter),2,tbsp,Chinese Sesame Paste,sub tahini or peanut butter,
faf35148-7f5d-4cb7-8f5f-fe5660d464cb|0|1,Spicy Asian Noodles with Spinach and Chilli Crisp,Sauce,2 tbsp light soy sauce,2,tbsp,Light Soy Sauce,,
faf35148-7f5d-4cb7-8f5f-fe5660d464cb|0|2,Spicy Asian Noodles with Spinach and Chilli Crisp,Sauce,1 tbsp rice vinegar,1,tbsp,Rice Vinegar,,
faf35148-7f5d-4cb7-8f5f-fe5660d464cb|0|3,Spicy Asian Noodles with Spinach and Chilli Crisp,Sauce,1 tsp white sugar (or honey or maple),1,tsp,White Sugar,or honey or maple,
faf35148-7f5d-4cb7-8f5f-fe5660d464cb|0|4,Spicy Asian Noodles with Spinach and Chilli Crisp,Sauce,2 tsp sesame oil,2,tsp,Sesame Oil,,
faf35148-7f5d-4cb7-8f5f-fe5660d464cb|0|5,Spicy Asian Noodles with Spinach and Chilli Crisp,Sauce,1/8 tsp+ cooking/kosher salt,0.125,tsp,Cooking,,
faf35148-7f5d-4cb7-8f5f-fe5660d464cb|0|6,Spicy Asian Noodles with Spinach and Chilli Crisp,Sauce,2 heaped tbsp chilli crisp (use oil + chili bits),2,tbsp,Chilli Crisp,heaped; use oil + chili bits,
faf35148-7f5d-4cb7-8f5f-fe5660d464cb|0|7,Spicy Asian Noodles with Spinach and Chilli Crisp,Sauce,"1 tbsp each garlic and ginger, finely minced",1,tbsp,Garlic And Ginger,finely minced,
faf35148-7f5d-4cb7-8f5f-fe5660d464cb|0|8,Spicy Asian Noodles with Spinach and Chilli Crisp,Sauce,"1 green onion stem, finely sliced",1,,Green Onion,finely sliced,
faf35148-7f5d-4cb7-8f5f-fe5660d464cb|0|9,Spicy Asian Noodles with Spinach and Chilli Crisp,Sauce,"1/3 cup coriander/cilantro, roughly chopped (optional)",0.333,cup,Coriander,optional; roughly chopped,
faf35148-7f5d-4cb7-8f5f-fe5660d464cb|1|0,Spicy Asian Noodles with Spinach and Chilli Crisp,Noodles,"140g / 5oz instant noodles, ramen, knife-cut or Taiwanese wide flat noodle (or 250g / 8oz fresh noodles like hokkien or lo mein)",140,g,Instant Noodles,"or 250g / 8oz fresh noodles like hokkien or lo mein; or Taiwanese wide flat noodle; ramen,  knife-cut",
faf35148-7f5d-4cb7-8f5f-fe5660d464cb|2|0,Spicy Asian Noodles with Spinach and Chilli Crisp,Greens,3 big handfuls fresh spinach leaves or 150g baby spinach,3,handful,Spinach,or 150g baby spinach,
49fcd38f-bed3-46eb-931b-d542e55e210a|0|0,Spicy Chilli Rice Paper Wontons with Shrimp,Filling (per serving),"6oz Argentine red shrimp, raw",6,oz,Argentine Red Shrimp,raw,
49fcd38f-bed3-46eb-931b-d542e55e210a|0|1,Spicy Chilli Rice Paper Wontons with Shrimp,Filling (per serving),1/2 tbsp minced ginger,0.5,tbsp,Ginger,minced,
49fcd38f-bed3-46eb-931b-d542e55e210a|0|2,Spicy Chilli Rice Paper Wontons with Shrimp,Filling (per serving),1 tbsp minced garlic,1,tbsp,Garlic,minced,
49fcd38f-bed3-46eb-931b-d542e55e210a|0|3,Spicy Chilli Rice Paper Wontons with Shrimp,Filling (per serving),1 green onion,1,,Green Onion,,
49fcd38f-bed3-46eb-931b-d542e55e210a|0|4,Spicy Chilli Rice Paper Wontons with Shrimp,Filling (per serving),1 tsp soy sauce,1,tsp,Soy Sauce,,
49fcd38f-bed3-46eb-931b-d542e55e210a|0|5,Spicy Chilli Rice Paper Wontons with Shrimp,Filling (per serving),1 tsp cornstarch,1,tsp,Cornstarch,,
49fcd38f-bed3-46eb-931b-d542e55e210a|0|6,Spicy Chilli Rice Paper Wontons with Shrimp,Filling (per serving),1 tsp white pepper,1,tsp,White Pepper,,
49fcd38f-bed3-46eb-931b-d542e55e210a|0|7,Spicy Chilli Rice Paper Wontons with Shrimp,Filling (per serving),6 sheets of rice paper,6,sheet,Rice Paper,,
49fcd38f-bed3-46eb-931b-d542e55e210a|1|0,Spicy Chilli Rice Paper Wontons with Shrimp,Sauce,1/2 tbsp chili crisp,0.5,tbsp,Chilli Crisp,,
49fcd38f-bed3-46eb-931b-d542e55e210a|1|1,Spicy Chilli Rice Paper Wontons with Shrimp,Sauce,1/2 tbsp rice vinegar,0.5,tbsp,Rice Vinegar,,
49fcd38f-bed3-46eb-931b-d542e55e210a|1|2,Spicy Chilli Rice Paper Wontons with Shrimp,Sauce,1 tbsp soy sauce,1,tbsp,Soy Sauce,,
49fcd38f-bed3-46eb-931b-d542e55e210a|1|3,Spicy Chilli Rice Paper Wontons with Shrimp,Sauce,1/2 tbsp minced garlic,0.5,tbsp,Garlic,minced,
49fcd38f-bed3-46eb-931b-d542e55e210a|1|4,Spicy Chilli Rice Paper Wontons with Shrimp,Sauce,1/2 tbsp brown sugar,0.5,tbsp,Brown Sugar,,
49fcd38f-bed3-46eb-931b-d542e55e210a|1|5,Spicy Chilli Rice Paper Wontons with Shrimp,Sauce,"2 green onions, whole, medium",2,,Green Onion,"whole,  medium",
49fcd38f-bed3-46eb-931b-d542e55e210a|1|6,Spicy Chilli Rice Paper Wontons with Shrimp,Sauce,1/4 tbsp sesame oil,0.25,tbsp,Sesame Oil,,
49fcd38f-bed3-46eb-931b-d542e55e210a|1|7,Spicy Chilli Rice Paper Wontons with Shrimp,Sauce,1 tsp sesame seeds,1,tsp,Sesame Seeds,,
f6ea472a-c587-4242-952d-fe192377e552|0|0,Spicy Peanut Chicken Noodles,Miso Peanut Sauce,40g peanut butter,40,g,Peanut Butter,,
f6ea472a-c587-4242-952d-fe192377e552|0|1,Spicy Peanut Chicken Noodles,Miso Peanut Sauce,25g white miso,25,g,White Miso Paste,,
f6ea472a-c587-4242-952d-fe192377e552|0|2,Spicy Peanut Chicken Noodles,Miso Peanut Sauce,20ml rice vinegar,20,ml,Rice Vinegar,,
f6ea472a-c587-4242-952d-fe192377e552|0|3,Spicy Peanut Chicken Noodles,Miso Peanut Sauce,20ml soy sauce,20,ml,Soy Sauce,,
f6ea472a-c587-4242-952d-fe192377e552|0|4,Spicy Peanut Chicken Noodles,Miso Peanut Sauce,1 tbsp sugar,1,tbsp,Sugar,,
f6ea472a-c587-4242-952d-fe192377e552|0|5,Spicy Peanut Chicken Noodles,Miso Peanut Sauce,½ tsp MSG (optional),0.5,tsp,Msg,optional,
f6ea472a-c587-4242-952d-fe192377e552|0|6,Spicy Peanut Chicken Noodles,Miso Peanut Sauce,65ml water,65,ml,Water,,
f6ea472a-c587-4242-952d-fe192377e552|1|0,Spicy Peanut Chicken Noodles,Herb Salad,½ cucumber,0.5,,Cucumber,,
f6ea472a-c587-4242-952d-fe192377e552|1|1,Spicy Peanut Chicken Noodles,Herb Salad,10g fresh coriander,10,g,Coriander,,
f6ea472a-c587-4242-952d-fe192377e552|1|2,Spicy Peanut Chicken Noodles,Herb Salad,4 spring onions,4,,Spring Onion,,
f6ea472a-c587-4242-952d-fe192377e552|2|0,Spicy Peanut Chicken Noodles,Spicy Chicken,1 garlic clove,1,,Garlic Clove,,
f6ea472a-c587-4242-952d-fe192377e552|2|1,Spicy Peanut Chicken Noodles,Spicy Chicken,1 tbsp gochujang,1,tbsp,Gochujang Paste,,
f6ea472a-c587-4242-952d-fe192377e552|2|2,Spicy Peanut Chicken Noodles,Spicy Chicken,1 tbsp Korean chilli flakes,1,tbsp,Korean Chilli Flake,,
f6ea472a-c587-4242-952d-fe192377e552|2|3,Spicy Peanut Chicken Noodles,Spicy Chicken,1 tbsp dark soy sauce,1,tbsp,Dark Soy Sauce,,
f6ea472a-c587-4242-952d-fe192377e552|2|4,Spicy Peanut Chicken Noodles,Spicy Chicken,1 tbsp rice vinegar,1,tbsp,Rice Vinegar,,
f6ea472a-c587-4242-952d-fe192377e552|2|5,Spicy Peanut Chicken Noodles,Spicy Chicken,1 tbsp sugar,1,tbsp,Sugar,,
f6ea472a-c587-4242-952d-fe192377e552|2|6,Spicy Peanut Chicken Noodles,Spicy Chicken,400g chicken mince,400,g,Chicken Mince,,
f6ea472a-c587-4242-952d-fe192377e552|2|7,Spicy Peanut Chicken Noodles,Spicy Chicken,1 tbsp vegetable oil,1,tbsp,Vegetable Oil,,
f6ea472a-c587-4242-952d-fe192377e552|3|0,Spicy Peanut Chicken Noodles,To Serve,200g udon noodles,200,g,Udon Noodles,,
dbfbc4e8-686f-47dc-8e4a-5d67941a0353|0|0,Spicy Tofu Bowl,Main,1 pack soft tofu/silken tofu (13.5oz),1,pack,Soft Tofu,13.5oz,
dbfbc4e8-686f-47dc-8e4a-5d67941a0353|0|1,Spicy Tofu Bowl,Main,6 tbsp soy sauce,6,tbsp,Soy Sauce,,
dbfbc4e8-686f-47dc-8e4a-5d67941a0353|0|2,Spicy Tofu Bowl,Main,1.5 tbsp sesame oil,1.5,tbsp,Sesame Oil,,
dbfbc4e8-686f-47dc-8e4a-5d67941a0353|0|3,Spicy Tofu Bowl,Main,3 tsp brown sugar,3,tsp,Brown Sugar,,
dbfbc4e8-686f-47dc-8e4a-5d67941a0353|0|4,Spicy Tofu Bowl,Main,3 tsp gochugaru,3,tsp,Gochugaru,,
dbfbc4e8-686f-47dc-8e4a-5d67941a0353|0|5,Spicy Tofu Bowl,Main,1.5 tsp sesame seeds,1.5,tsp,Sesame Seeds,,
dbfbc4e8-686f-47dc-8e4a-5d67941a0353|0|6,Spicy Tofu Bowl,Main,1 tsp garlic powder,1,tsp,Garlic Granules,,
dbfbc4e8-686f-47dc-8e4a-5d67941a0353|0|7,Spicy Tofu Bowl,Main,"1 tbsp jalapeño, diced",1,tbsp,Jalapeño,diced,
dbfbc4e8-686f-47dc-8e4a-5d67941a0353|0|8,Spicy Tofu Bowl,Main,"Green onion, diced and sliced long",,,Green Onion,diced and sliced long,
dbfbc4e8-686f-47dc-8e4a-5d67941a0353|0|9,Spicy Tofu Bowl,Main,"Lettuce, chopped",,,Lettuce,chopped,
dbfbc4e8-686f-47dc-8e4a-5d67941a0353|0|10,Spicy Tofu Bowl,Main,100-150g cooked rice,100,g,Rice,range,
89f4f3cf-b3b5-43e0-9919-e7c774fde0a2|0|0,Spicy Tom Kha Soup with Tofu,Broth,1 banana shallot,1,,Banana Shallot,,
89f4f3cf-b3b5-43e0-9919-e7c774fde0a2|0|1,Spicy Tom Kha Soup with Tofu,Broth,4 garlic cloves,4,,Garlic Clove,,
89f4f3cf-b3b5-43e0-9919-e7c774fde0a2|0|2,Spicy Tom Kha Soup with Tofu,Broth,Thumb size knob of ginger / 1 tsp galangal,,,Ginger,,
89f4f3cf-b3b5-43e0-9919-e7c774fde0a2|0|3,Spicy Tom Kha Soup with Tofu,Broth,1/2 red chilli,0.5,,Red Chilli,,
89f4f3cf-b3b5-43e0-9919-e7c774fde0a2|0|4,Spicy Tom Kha Soup with Tofu,Broth,1 lemongrass stalk,1,,Lemongras Stalk,,
89f4f3cf-b3b5-43e0-9919-e7c774fde0a2|0|5,Spicy Tom Kha Soup with Tofu,Broth,2 tbsp soy sauce,2,tbsp,Soy Sauce,,
89f4f3cf-b3b5-43e0-9919-e7c774fde0a2|0|6,Spicy Tom Kha Soup with Tofu,Broth,1 tbsp rice wine vinegar,1,tbsp,Rice Vinegar,,
89f4f3cf-b3b5-43e0-9919-e7c774fde0a2|0|7,Spicy Tom Kha Soup with Tofu,Broth,1 tbsp Thai red curry paste (optional),1,tbsp,Thai Red Curry Paste,optional,
89f4f3cf-b3b5-43e0-9919-e7c774fde0a2|0|8,Spicy Tom Kha Soup with Tofu,Broth,1l vegetable stock (1-2 stock cubes),1,l,Vegetable Stock,1-2 stock cubes,
89f4f3cf-b3b5-43e0-9919-e7c774fde0a2|0|9,Spicy Tom Kha Soup with Tofu,Broth,400ml coconut milk,400,ml,Coconut Milk,,
89f4f3cf-b3b5-43e0-9919-e7c774fde0a2|0|10,Spicy Tom Kha Soup with Tofu,Broth,1 tsp brown/coconut sugar,1,tsp,Brown,,
89f4f3cf-b3b5-43e0-9919-e7c774fde0a2|0|11,Spicy Tom Kha Soup with Tofu,Broth,1 lime,1,,Lime,,
89f4f3cf-b3b5-43e0-9919-e7c774fde0a2|0|12,Spicy Tom Kha Soup with Tofu,Broth,1 tbsp neutral oil (coconut or veg),1,tbsp,Oil,coconut or veg,
89f4f3cf-b3b5-43e0-9919-e7c774fde0a2|0|13,Spicy Tom Kha Soup with Tofu,Broth,Salt and pepper,,,Salt,,split
89f4f3cf-b3b5-43e0-9919-e7c774fde0a2|0|13-2,Spicy Tom Kha Soup with Tofu,Broth,Salt and pepper,,,Black Pepper,(split — set qty),split
89f4f3cf-b3b5-43e0-9919-e7c774fde0a2|1|0,Spicy Tom Kha Soup with Tofu,Filling,200g shiitake mushrooms,200,g,Shiitake Mushroom,,
89f4f3cf-b3b5-43e0-9919-e7c774fde0a2|1|1,Spicy Tom Kha Soup with Tofu,Filling,"150g tofu, medium firm",150,g,Tofu,medium firm,
89f4f3cf-b3b5-43e0-9919-e7c774fde0a2|1|2,Spicy Tom Kha Soup with Tofu,Filling,1 bunch spring onions,1,bunch,Spring Onion,,
89f4f3cf-b3b5-43e0-9919-e7c774fde0a2|1|3,Spicy Tom Kha Soup with Tofu,Filling,Handful fresh coriander,1,handful,Coriander,,
89f4f3cf-b3b5-43e0-9919-e7c774fde0a2|1|4,Spicy Tom Kha Soup with Tofu,Filling,Thai chilli oil to serve,,,Chilli Oil,to serve,
42f1e816-1ff9-4f32-be8e-3e52e707a455|0|0,Spicy Tuna Bowl,Main,"1/4 cucumber, thinly sliced",0.25,,Cucumber,thinly sliced,
42f1e816-1ff9-4f32-be8e-3e52e707a455|0|1,Spicy Tuna Bowl,Main,"1 spring onion, finely sliced",1,,Spring Onion,finely sliced,
42f1e816-1ff9-4f32-be8e-3e52e707a455|0|2,Spicy Tuna Bowl,Main,Splash of dark soy sauce,1,,Dark Soy Sauce,,
42f1e816-1ff9-4f32-be8e-3e52e707a455|0|3,Spicy Tuna Bowl,Main,Splash of rice vinegar,1,,Rice Vinegar,,
42f1e816-1ff9-4f32-be8e-3e52e707a455|0|4,Spicy Tuna Bowl,Main,Drizzle of honey,,,Honey,,
42f1e816-1ff9-4f32-be8e-3e52e707a455|0|5,Spicy Tuna Bowl,Main,1 tin tuna,1,tin,Tuna,,
42f1e816-1ff9-4f32-be8e-3e52e707a455|0|6,Spicy Tuna Bowl,Main,2 tbsp light mayo,2,tbsp,Light Mayonnaise,,
42f1e816-1ff9-4f32-be8e-3e52e707a455|0|7,Spicy Tuna Bowl,Main,2 tsp crispy chilli oil,2,tsp,Crispy Chilli Oil,,
42f1e816-1ff9-4f32-be8e-3e52e707a455|0|8,Spicy Tuna Bowl,Main,Juice of 1/2 lime,,,Juice,,
42f1e816-1ff9-4f32-be8e-3e52e707a455|0|9,Spicy Tuna Bowl,Main,1/2 pouch jasmine rice,0.5,,Pouch Jasmine Rice,,
42f1e816-1ff9-4f32-be8e-3e52e707a455|0|10,Spicy Tuna Bowl,Main,Handful of shelled edamame,1,handful,Shelled Edamame,,
42f1e816-1ff9-4f32-be8e-3e52e707a455|0|11,Spicy Tuna Bowl,Main,"1 sheet nori, torn",1,sheet,Nori,torn,
42f1e816-1ff9-4f32-be8e-3e52e707a455|0|12,Spicy Tuna Bowl,Main,Sriracha,,,Sriracha,,
270409a5-df6a-4378-bdab-9aad9a382cc2|0|0,Spring Greens Carbonara,Main,140g spaghetti,140,g,Spaghetti,,
270409a5-df6a-4378-bdab-9aad9a382cc2|0|1,Spring Greens Carbonara,Main,"1 large courgette (or 2 small), peeled into ribbons or julienned",1,,Courgette,or 2 small; or julienned; peeled into ribbons,
270409a5-df6a-4378-bdab-9aad9a382cc2|0|2,Spring Greens Carbonara,Main,100g frozen peas,100,g,Peas,,
270409a5-df6a-4378-bdab-9aad9a382cc2|0|3,Spring Greens Carbonara,Main,"1 large leek, finely sliced",1,,Leek,finely sliced,
270409a5-df6a-4378-bdab-9aad9a382cc2|0|4,Spring Greens Carbonara,Main,1 tsp minced garlic,1,tsp,Garlic,minced,
270409a5-df6a-4378-bdab-9aad9a382cc2|0|5,Spring Greens Carbonara,Main,1 large egg + 1 egg yolk,1,,Egg Yolk,,
270409a5-df6a-4378-bdab-9aad9a382cc2|0|6,Spring Greens Carbonara,Main,25g grated Parmesan,25,g,Parmesan,grated,
270409a5-df6a-4378-bdab-9aad9a382cc2|0|7,Spring Greens Carbonara,Main,"2-3 slices Parma ham, diced",2,slice,Parma Ham,range; diced,
270409a5-df6a-4378-bdab-9aad9a382cc2|0|8,Spring Greens Carbonara,Main,Lots of black pepper,,,Black Pepper,,
270409a5-df6a-4378-bdab-9aad9a382cc2|0|9,Spring Greens Carbonara,Main,Optional: 120g cooked chicken breast / prawns / flaked hot smoked salmon,120,g,Chicken Breast,,
062e665f-8cbb-44b2-9104-774999753dd7|0|0,Steamed Rice Paper Dumplings with Shrimp,Dumpling Filling,"1 lb peeled and deveined shrimp, tails removed and minced",1,lb,And Deveined Shrimp,peeled; tails removed and minced,
062e665f-8cbb-44b2-9104-774999753dd7|0|1,Steamed Rice Paper Dumplings with Shrimp,Dumpling Filling,"3 tbsp fresh ginger, peeled and minced",3,tbsp,Ginger,peeled and minced,
062e665f-8cbb-44b2-9104-774999753dd7|0|2,Steamed Rice Paper Dumplings with Shrimp,Dumpling Filling,"4 cloves garlic, minced",4,clove,Garlic,minced,
062e665f-8cbb-44b2-9104-774999753dd7|0|3,Steamed Rice Paper Dumplings with Shrimp,Dumpling Filling,"1/4 cup chives, finely chopped",0.25,cup,Chives,finely chopped,
062e665f-8cbb-44b2-9104-774999753dd7|0|4,Steamed Rice Paper Dumplings with Shrimp,Dumpling Filling,2 tsp low sodium tamari,2,tsp,Low-sodium Tamari,,
062e665f-8cbb-44b2-9104-774999753dd7|0|5,Steamed Rice Paper Dumplings with Shrimp,Dumpling Filling,1 tbsp arrowroot or cornstarch,1,tbsp,Arrowroot Starch,or cornstarch,
062e665f-8cbb-44b2-9104-774999753dd7|0|6,Steamed Rice Paper Dumplings with Shrimp,Dumpling Filling,Pinch of black pepper,1,pinch,Black Pepper,,
062e665f-8cbb-44b2-9104-774999753dd7|0|7,Steamed Rice Paper Dumplings with Shrimp,Dumpling Filling,15-20 sheets of rice paper,15,sheet,Rice Paper,range,
062e665f-8cbb-44b2-9104-774999753dd7|1|0,Steamed Rice Paper Dumplings with Shrimp,Sauce,2 tbsp chili crisp,2,tbsp,Chilli Crisp,,
062e665f-8cbb-44b2-9104-774999753dd7|1|1,Steamed Rice Paper Dumplings with Shrimp,Sauce,1/3 cup rice vinegar,0.333,cup,Rice Vinegar,,
062e665f-8cbb-44b2-9104-774999753dd7|1|2,Steamed Rice Paper Dumplings with Shrimp,Sauce,1/3 cup low sodium tamari,0.333,cup,Low-sodium Tamari,,
062e665f-8cbb-44b2-9104-774999753dd7|1|3,Steamed Rice Paper Dumplings with Shrimp,Sauce,"2 cloves garlic, grated",2,clove,Garlic,grated,
062e665f-8cbb-44b2-9104-774999753dd7|1|4,Steamed Rice Paper Dumplings with Shrimp,Sauce,1 tbsp coconut sugar,1,tbsp,Coconut Sugar,,
062e665f-8cbb-44b2-9104-774999753dd7|1|5,Steamed Rice Paper Dumplings with Shrimp,Sauce,"4 green onions, finely chopped",4,,Green Onion,finely chopped,
062e665f-8cbb-44b2-9104-774999753dd7|1|6,Steamed Rice Paper Dumplings with Shrimp,Sauce,"1/4 cup cilantro, finely chopped",0.25,cup,Coriander,finely chopped,
062e665f-8cbb-44b2-9104-774999753dd7|1|7,Steamed Rice Paper Dumplings with Shrimp,Sauce,1/4 cup avocado oil,0.25,cup,Avocado Oil,,
2c7544ed-7a25-4bbf-9cfb-43998f7d0377|0|0,"Sticky Chicken, Gochujang & Coconut Broth on Sticky Rice",Broth,1 red onion,1,,Red Onion,,
2c7544ed-7a25-4bbf-9cfb-43998f7d0377|0|1,"Sticky Chicken, Gochujang & Coconut Broth on Sticky Rice",Broth,2 cloves garlic,2,clove,Garlic,,
2c7544ed-7a25-4bbf-9cfb-43998f7d0377|0|2,"Sticky Chicken, Gochujang & Coconut Broth on Sticky Rice",Broth,20g ginger,20,g,Ginger,,
2c7544ed-7a25-4bbf-9cfb-43998f7d0377|0|3,"Sticky Chicken, Gochujang & Coconut Broth on Sticky Rice",Broth,2 tbsp gochujang,2,tbsp,Gochujang Paste,,
2c7544ed-7a25-4bbf-9cfb-43998f7d0377|0|4,"Sticky Chicken, Gochujang & Coconut Broth on Sticky Rice",Broth,1.5 tbsp honey,1.5,tbsp,Honey,,
2c7544ed-7a25-4bbf-9cfb-43998f7d0377|0|5,"Sticky Chicken, Gochujang & Coconut Broth on Sticky Rice",Broth,500ml stock,500,ml,Stock,,
2c7544ed-7a25-4bbf-9cfb-43998f7d0377|0|6,"Sticky Chicken, Gochujang & Coconut Broth on Sticky Rice",Broth,1 tin coconut milk,1,tin,Coconut Milk,,
2c7544ed-7a25-4bbf-9cfb-43998f7d0377|0|7,"Sticky Chicken, Gochujang & Coconut Broth on Sticky Rice",Broth,2 tsp fish sauce,2,tsp,Fish Sauce,,
2c7544ed-7a25-4bbf-9cfb-43998f7d0377|1|0,"Sticky Chicken, Gochujang & Coconut Broth on Sticky Rice",Chicken,2 chicken breasts,2,,Chicken Breast,,
2c7544ed-7a25-4bbf-9cfb-43998f7d0377|1|1,"Sticky Chicken, Gochujang & Coconut Broth on Sticky Rice",Chicken,2 tbsp soy sauce,2,tbsp,Soy Sauce,,
2c7544ed-7a25-4bbf-9cfb-43998f7d0377|1|2,"Sticky Chicken, Gochujang & Coconut Broth on Sticky Rice",Chicken,2 tbsp honey,2,tbsp,Honey,,
2c7544ed-7a25-4bbf-9cfb-43998f7d0377|1|3,"Sticky Chicken, Gochujang & Coconut Broth on Sticky Rice",Chicken,1 tsp chilli crunch oil,1,tsp,Chilli Crunch Oil,,
2c7544ed-7a25-4bbf-9cfb-43998f7d0377|2|0,"Sticky Chicken, Gochujang & Coconut Broth on Sticky Rice",Garnish,"bok choy, sliced lengthways",,,Bok Choy,sliced lengthways,
2c7544ed-7a25-4bbf-9cfb-43998f7d0377|2|1,"Sticky Chicken, Gochujang & Coconut Broth on Sticky Rice",Garnish,"spring onion, finely sliced",,,Spring Onion,finely sliced,
2c7544ed-7a25-4bbf-9cfb-43998f7d0377|2|2,"Sticky Chicken, Gochujang & Coconut Broth on Sticky Rice",Garnish,crispy onions,,,Crispy Onion,,
2c7544ed-7a25-4bbf-9cfb-43998f7d0377|2|3,"Sticky Chicken, Gochujang & Coconut Broth on Sticky Rice",Garnish,chilli oil,,,Chilli Oil,,
2c7544ed-7a25-4bbf-9cfb-43998f7d0377|2|4,"Sticky Chicken, Gochujang & Coconut Broth on Sticky Rice",Garnish,lime,,,Lime,,
2c7544ed-7a25-4bbf-9cfb-43998f7d0377|2|5,"Sticky Chicken, Gochujang & Coconut Broth on Sticky Rice",Garnish,sesame seeds,,,Sesame Seeds,,
2c7544ed-7a25-4bbf-9cfb-43998f7d0377|2|6,"Sticky Chicken, Gochujang & Coconut Broth on Sticky Rice",Garnish,sticky rice (to serve),,,Sticky Rice,to serve,
0dadbaca-edf5-4ed2-9efa-b948ae1b073c|0|0,Sticky Lemon Sesame Garlic Prawns,Prawns,180g raw king prawns,180,g,King Prawn,,
0dadbaca-edf5-4ed2-9efa-b948ae1b073c|0|1,Sticky Lemon Sesame Garlic Prawns,Prawns,1 tsp cornflour,1,tsp,Cornstarch,,
0dadbaca-edf5-4ed2-9efa-b948ae1b073c|0|2,Sticky Lemon Sesame Garlic Prawns,Prawns,1/4 tsp white or black pepper,0.25,tsp,White,or black pepper,
0dadbaca-edf5-4ed2-9efa-b948ae1b073c|1|0,Sticky Lemon Sesame Garlic Prawns,Sauce,Juice of 1 lemon,,,Lemon Juice,,
0dadbaca-edf5-4ed2-9efa-b948ae1b073c|1|1,Sticky Lemon Sesame Garlic Prawns,Sauce,2 tsp sesame oil,2,tsp,Sesame Oil,,
0dadbaca-edf5-4ed2-9efa-b948ae1b073c|1|2,Sticky Lemon Sesame Garlic Prawns,Sauce,2 tsp honey,2,tsp,Honey,,
0dadbaca-edf5-4ed2-9efa-b948ae1b073c|1|3,Sticky Lemon Sesame Garlic Prawns,Sauce,1 tbsp light soy sauce,1,tbsp,Light Soy Sauce,,
0dadbaca-edf5-4ed2-9efa-b948ae1b073c|1|4,Sticky Lemon Sesame Garlic Prawns,Sauce,1 tsp cornflour mixed with 50ml water,1,tsp,Cornflour,,
0dadbaca-edf5-4ed2-9efa-b948ae1b073c|1|5,Sticky Lemon Sesame Garlic Prawns,Sauce,"1 garlic clove, minced",1,,Garlic Clove,minced,
0dadbaca-edf5-4ed2-9efa-b948ae1b073c|1|6,Sticky Lemon Sesame Garlic Prawns,Sauce,1 heaped tsp ginger paste,1,tsp,Ginger Paste,heaped,
0dadbaca-edf5-4ed2-9efa-b948ae1b073c|1|7,Sticky Lemon Sesame Garlic Prawns,Sauce,"2 spring onions, finely sliced",2,,Spring Onion,finely sliced,
0dadbaca-edf5-4ed2-9efa-b948ae1b073c|1|8,Sticky Lemon Sesame Garlic Prawns,Sauce,Pinch of chilli flakes (optional),1,pinch,Chilli Flakes,optional,
0dadbaca-edf5-4ed2-9efa-b948ae1b073c|2|0,Sticky Lemon Sesame Garlic Prawns,To Serve,250g cooked rice,250,g,Rice,,
0dadbaca-edf5-4ed2-9efa-b948ae1b073c|2|1,Sticky Lemon Sesame Garlic Prawns,To Serve,"1/4 cucumber, thinly sliced",0.25,,Cucumber,thinly sliced,
0dadbaca-edf5-4ed2-9efa-b948ae1b073c|2|2,Sticky Lemon Sesame Garlic Prawns,To Serve,4 tbsp edamame,4,tbsp,Edamame,,
eb280509-d517-453a-9cdb-f928dd79f204|0|0,Sticky Mango Chicken Prep Bowls,Chicken,2 chicken breasts (~120g each),2,,Chicken Breast,~120g each,
eb280509-d517-453a-9cdb-f928dd79f204|0|1,Sticky Mango Chicken Prep Bowls,Chicken,1 tbsp mango chutney,1,tbsp,Mango Chutney,,
eb280509-d517-453a-9cdb-f928dd79f204|0|2,Sticky Mango Chicken Prep Bowls,Chicken,1 heaped tbsp yoghurt,1,tbsp,Plain Yoghurt,heaped,
eb280509-d517-453a-9cdb-f928dd79f204|0|3,Sticky Mango Chicken Prep Bowls,Chicken,juice of ½ lemon,,,Lemon Juice,,
eb280509-d517-453a-9cdb-f928dd79f204|0|4,Sticky Mango Chicken Prep Bowls,Chicken,"2 cloves garlic, minced",2,clove,Garlic,minced,
eb280509-d517-453a-9cdb-f928dd79f204|0|5,Sticky Mango Chicken Prep Bowls,Chicken,1 tsp mild curry powder,1,tsp,Mild Curry Powder,,
eb280509-d517-453a-9cdb-f928dd79f204|0|6,Sticky Mango Chicken Prep Bowls,Chicken,½ tsp chilli powder,0.5,tsp,Chilli Powder,,
eb280509-d517-453a-9cdb-f928dd79f204|1|0,Sticky Mango Chicken Prep Bowls,Yoghurt Mint Raita,"¼ cucumber, deseeded and diced",0.25,,Cucumber,deseeded and diced,
eb280509-d517-453a-9cdb-f928dd79f204|1|1,Sticky Mango Chicken Prep Bowls,Yoghurt Mint Raita,150g thick strained yoghurt (Greek or Skyr),150,g,Greek Yoghurt,Greek or Skyr,
eb280509-d517-453a-9cdb-f928dd79f204|1|2,Sticky Mango Chicken Prep Bowls,Yoghurt Mint Raita,1 tsp garlic granules,1,tsp,Garlic Granules,,
eb280509-d517-453a-9cdb-f928dd79f204|1|3,Sticky Mango Chicken Prep Bowls,Yoghurt Mint Raita,juice of ½ lemon,,,Lemon Juice,,
eb280509-d517-453a-9cdb-f928dd79f204|1|4,Sticky Mango Chicken Prep Bowls,Yoghurt Mint Raita,1 tbsp chopped fresh mint,1,tbsp,Mint,chopped,
eb280509-d517-453a-9cdb-f928dd79f204|1|5,Sticky Mango Chicken Prep Bowls,Yoghurt Mint Raita,1 tsp mango chutney,1,tsp,Mango Chutney,,
eb280509-d517-453a-9cdb-f928dd79f204|2|0,Sticky Mango Chicken Prep Bowls,Chickpea Salad,"½ tin chickpeas, drained (~120g)",0.5,tin,Chickpeas,~120g; drained,
eb280509-d517-453a-9cdb-f928dd79f204|2|1,Sticky Mango Chicken Prep Bowls,Chickpea Salad,"½ red onion, finely sliced",0.5,,Red Onion,finely sliced,
eb280509-d517-453a-9cdb-f928dd79f204|2|2,Sticky Mango Chicken Prep Bowls,Chickpea Salad,"handful cherry tomatoes, halved",1,handful,Cherry Tomatoes,halved,
eb280509-d517-453a-9cdb-f928dd79f204|2|3,Sticky Mango Chicken Prep Bowls,Chickpea Salad,2 tbsp pomegranate seeds,2,tbsp,Pomegranate Seed,,
eb280509-d517-453a-9cdb-f928dd79f204|2|4,Sticky Mango Chicken Prep Bowls,Chickpea Salad,"large handful parsley, chopped",,,Parsley,chopped,
eb280509-d517-453a-9cdb-f928dd79f204|2|5,Sticky Mango Chicken Prep Bowls,Chickpea Salad,1 tsp olive oil,1,tsp,Olive Oil,,
eb280509-d517-453a-9cdb-f928dd79f204|2|6,Sticky Mango Chicken Prep Bowls,Chickpea Salad,salt and pepper,,,Salt,,split
eb280509-d517-453a-9cdb-f928dd79f204|2|6-2,Sticky Mango Chicken Prep Bowls,Chickpea Salad,salt and pepper,,,Black Pepper,(split — set qty),split
eb280509-d517-453a-9cdb-f928dd79f204|3|0,Sticky Mango Chicken Prep Bowls,Optional,rice or pita to serve,,,Rice,or pita to serve,
2ddd4a3d-b8ce-4106-ad7a-567fe86ca116|0|0,Sticky Miso Chicken Bowl with Tahini Broccoli & Pickled Red Onion,Chicken,2 chicken breasts,2,,Chicken Breast,,
2ddd4a3d-b8ce-4106-ad7a-567fe86ca116|0|1,Sticky Miso Chicken Bowl with Tahini Broccoli & Pickled Red Onion,Chicken,1 tbsp miso paste,1,tbsp,Miso Paste,,
2ddd4a3d-b8ce-4106-ad7a-567fe86ca116|0|2,Sticky Miso Chicken Bowl with Tahini Broccoli & Pickled Red Onion,Chicken,1 tbsp soy sauce,1,tbsp,Soy Sauce,,
2ddd4a3d-b8ce-4106-ad7a-567fe86ca116|0|3,Sticky Miso Chicken Bowl with Tahini Broccoli & Pickled Red Onion,Chicken,1 tsp honey,1,tsp,Honey,,
2ddd4a3d-b8ce-4106-ad7a-567fe86ca116|0|4,Sticky Miso Chicken Bowl with Tahini Broccoli & Pickled Red Onion,Chicken,1 tsp toasted sesame oil,1,tsp,Sesame Oil,toasted,
2ddd4a3d-b8ce-4106-ad7a-567fe86ca116|0|5,Sticky Miso Chicken Bowl with Tahini Broccoli & Pickled Red Onion,Chicken,juice of ½ lime,,,Lime Juice,,
2ddd4a3d-b8ce-4106-ad7a-567fe86ca116|0|6,Sticky Miso Chicken Bowl with Tahini Broccoli & Pickled Red Onion,Chicken,1 tsp chilli paste,1,tsp,Chilli Paste,,
2ddd4a3d-b8ce-4106-ad7a-567fe86ca116|0|7,Sticky Miso Chicken Bowl with Tahini Broccoli & Pickled Red Onion,Chicken,"1 garlic clove, grated",1,,Garlic Clove,grated,
2ddd4a3d-b8ce-4106-ad7a-567fe86ca116|0|8,Sticky Miso Chicken Bowl with Tahini Broccoli & Pickled Red Onion,Chicken,1 tsp ginger paste,1,tsp,Ginger Paste,,
2ddd4a3d-b8ce-4106-ad7a-567fe86ca116|1|0,Sticky Miso Chicken Bowl with Tahini Broccoli & Pickled Red Onion,Tahini Broccoli,"1 head of broccoli, cut into florets",1,head,Broccoli,cut into florets,
2ddd4a3d-b8ce-4106-ad7a-567fe86ca116|1|1,Sticky Miso Chicken Bowl with Tahini Broccoli & Pickled Red Onion,Tahini Broccoli,1 tbsp tahini,1,tbsp,Tahini,,
2ddd4a3d-b8ce-4106-ad7a-567fe86ca116|1|2,Sticky Miso Chicken Bowl with Tahini Broccoli & Pickled Red Onion,Tahini Broccoli,1 tbsp soy sauce,1,tbsp,Soy Sauce,,
2ddd4a3d-b8ce-4106-ad7a-567fe86ca116|1|3,Sticky Miso Chicken Bowl with Tahini Broccoli & Pickled Red Onion,Tahini Broccoli,1 tsp ginger paste,1,tsp,Ginger Paste,,
2ddd4a3d-b8ce-4106-ad7a-567fe86ca116|1|4,Sticky Miso Chicken Bowl with Tahini Broccoli & Pickled Red Onion,Tahini Broccoli,1 tsp honey,1,tsp,Honey,,
2ddd4a3d-b8ce-4106-ad7a-567fe86ca116|2|0,Sticky Miso Chicken Bowl with Tahini Broccoli & Pickled Red Onion,Pickled Onion,"1 red onion, thinly sliced",1,,Red Onion,thinly sliced,
2ddd4a3d-b8ce-4106-ad7a-567fe86ca116|2|1,Sticky Miso Chicken Bowl with Tahini Broccoli & Pickled Red Onion,Pickled Onion,50ml white wine vinegar,50,ml,White Wine Vinegar,,
2ddd4a3d-b8ce-4106-ad7a-567fe86ca116|2|2,Sticky Miso Chicken Bowl with Tahini Broccoli & Pickled Red Onion,Pickled Onion,30ml water,30,ml,Water,,
2ddd4a3d-b8ce-4106-ad7a-567fe86ca116|2|3,Sticky Miso Chicken Bowl with Tahini Broccoli & Pickled Red Onion,Pickled Onion,½ tsp sugar,0.5,tsp,Sugar,,
2ddd4a3d-b8ce-4106-ad7a-567fe86ca116|3|0,Sticky Miso Chicken Bowl with Tahini Broccoli & Pickled Red Onion,To Serve,250g precooked jasmine or sushi rice (125g per portion),250,g,Jasmine Rice,125g per portion; or sushi rice,
2ddd4a3d-b8ce-4106-ad7a-567fe86ca116|3|1,Sticky Miso Chicken Bowl with Tahini Broccoli & Pickled Red Onion,To Serve,spring onion & sesame seeds for garnish,,,Spring Onion Sesame Seed,for garnish,
18997e47-12fe-47fe-b81b-322bb3f900c4|0|0,Sticky Miso Chicken Prep Boxes,Miso Chicken,350g mini chicken breast fillets,350,g,Chicken Breast,fillets,
18997e47-12fe-47fe-b81b-322bb3f900c4|0|1,Sticky Miso Chicken Prep Boxes,Miso Chicken,2 tsp white miso,2,tsp,White Miso Paste,,
18997e47-12fe-47fe-b81b-322bb3f900c4|0|2,Sticky Miso Chicken Prep Boxes,Miso Chicken,2 tsp honey,2,tsp,Honey,,
18997e47-12fe-47fe-b81b-322bb3f900c4|0|3,Sticky Miso Chicken Prep Boxes,Miso Chicken,2 tbsp soy sauce,2,tbsp,Soy Sauce,,
18997e47-12fe-47fe-b81b-322bb3f900c4|0|4,Sticky Miso Chicken Prep Boxes,Miso Chicken,"2 garlic cloves, minced",2,,Garlic Clove,minced,
18997e47-12fe-47fe-b81b-322bb3f900c4|0|5,Sticky Miso Chicken Prep Boxes,Miso Chicken,1 tsp grated ginger,1,tsp,Ginger,grated,
18997e47-12fe-47fe-b81b-322bb3f900c4|0|6,Sticky Miso Chicken Prep Boxes,Miso Chicken,1 tbsp toasted sesame oil,1,tbsp,Sesame Oil,toasted,
18997e47-12fe-47fe-b81b-322bb3f900c4|1|0,Sticky Miso Chicken Prep Boxes,Rice Salad,"250g cooked brown rice, cooled",250,g,Brown Rice,cooled,
18997e47-12fe-47fe-b81b-322bb3f900c4|1|1,Sticky Miso Chicken Prep Boxes,Rice Salad,"1 cucumber, deseeded and diced",1,,Cucumber,deseeded and diced,
18997e47-12fe-47fe-b81b-322bb3f900c4|1|2,Sticky Miso Chicken Prep Boxes,Rice Salad,"4 spring onions, chopped",4,,Spring Onion,chopped,
18997e47-12fe-47fe-b81b-322bb3f900c4|1|3,Sticky Miso Chicken Prep Boxes,Rice Salad,"large handful coriander, chopped",,,Coriander,chopped,
18997e47-12fe-47fe-b81b-322bb3f900c4|1|4,Sticky Miso Chicken Prep Boxes,Rice Salad,soy sauce + rice vinegar to season,,,Soy Sauce Rice Vinegar Season,,
18997e47-12fe-47fe-b81b-322bb3f900c4|2|0,Sticky Miso Chicken Prep Boxes,Edamame Hummus,160g edamame,160,g,Edamame,,
18997e47-12fe-47fe-b81b-322bb3f900c4|2|1,Sticky Miso Chicken Prep Boxes,Edamame Hummus,1 tbsp tahini,1,tbsp,Tahini,,
18997e47-12fe-47fe-b81b-322bb3f900c4|2|2,Sticky Miso Chicken Prep Boxes,Edamame Hummus,2 tbsp Greek yoghurt,2,tbsp,Greek Yoghurt,,
18997e47-12fe-47fe-b81b-322bb3f900c4|2|3,Sticky Miso Chicken Prep Boxes,Edamame Hummus,juice and zest of 1 lime,,,Juice And Zest Lime,,
18997e47-12fe-47fe-b81b-322bb3f900c4|2|4,Sticky Miso Chicken Prep Boxes,Edamame Hummus,1 tsp honey,1,tsp,Honey,,
18997e47-12fe-47fe-b81b-322bb3f900c4|2|5,Sticky Miso Chicken Prep Boxes,Edamame Hummus,1 tsp toasted sesame oil,1,tsp,Sesame Oil,toasted,
18997e47-12fe-47fe-b81b-322bb3f900c4|2|6,Sticky Miso Chicken Prep Boxes,Edamame Hummus,½ garlic clove,0.5,,Garlic Clove,,
18997e47-12fe-47fe-b81b-322bb3f900c4|2|7,Sticky Miso Chicken Prep Boxes,Edamame Hummus,2 spring onions,2,,Spring Onion,,
18997e47-12fe-47fe-b81b-322bb3f900c4|2|8,Sticky Miso Chicken Prep Boxes,Edamame Hummus,generous salt + pepper,,,Salt Pepper,generous,
18997e47-12fe-47fe-b81b-322bb3f900c4|3|0,Sticky Miso Chicken Prep Boxes,To Finish,pumpkin seeds to garnish,,,Pumpkin Seeds,to garnish,
4f1e46fe-4e8d-4135-a20b-32b72eba1f0f|0|0,Sticky Soy Chicken with Garlic Rice in Spicy Broth,Broth,300ml chicken stock,300,ml,Chicken Stock,,
4f1e46fe-4e8d-4135-a20b-32b72eba1f0f|0|1,Sticky Soy Chicken with Garlic Rice in Spicy Broth,Broth,1 tbsp gochujang paste,1,tbsp,Gochujang Paste,,
4f1e46fe-4e8d-4135-a20b-32b72eba1f0f|0|2,Sticky Soy Chicken with Garlic Rice in Spicy Broth,Broth,"1 white onion, finely sliced",1,,White Onion,finely sliced,
4f1e46fe-4e8d-4135-a20b-32b72eba1f0f|0|3,Sticky Soy Chicken with Garlic Rice in Spicy Broth,Broth,"2 garlic cloves, finely sliced",2,,Garlic Clove,finely sliced,
4f1e46fe-4e8d-4135-a20b-32b72eba1f0f|0|4,Sticky Soy Chicken with Garlic Rice in Spicy Broth,Broth,"3cm piece of ginger, roughly chopped",,,Ginger,3cm piece; roughly chopped,
4f1e46fe-4e8d-4135-a20b-32b72eba1f0f|0|5,Sticky Soy Chicken with Garlic Rice in Spicy Broth,Broth,1 tbsp soy sauce,1,tbsp,Soy Sauce,,
4f1e46fe-4e8d-4135-a20b-32b72eba1f0f|1|0,Sticky Soy Chicken with Garlic Rice in Spicy Broth,Garlic Rice,"4 garlic cloves, finely sliced",4,,Garlic Clove,finely sliced,
4f1e46fe-4e8d-4135-a20b-32b72eba1f0f|1|1,Sticky Soy Chicken with Garlic Rice in Spicy Broth,Garlic Rice,2 tbsp neutral oil,2,tbsp,Oil,,
4f1e46fe-4e8d-4135-a20b-32b72eba1f0f|1|2,Sticky Soy Chicken with Garlic Rice in Spicy Broth,Garlic Rice,1 tbsp sesame oil,1,tbsp,Sesame Oil,,
4f1e46fe-4e8d-4135-a20b-32b72eba1f0f|1|3,Sticky Soy Chicken with Garlic Rice in Spicy Broth,Garlic Rice,"1 cup jasmine rice, washed",1,cup,Jasmine Rice,washed,
4f1e46fe-4e8d-4135-a20b-32b72eba1f0f|1|4,Sticky Soy Chicken with Garlic Rice in Spicy Broth,Garlic Rice,1.5 cups water,1.5,cup,Water,,
4f1e46fe-4e8d-4135-a20b-32b72eba1f0f|1|5,Sticky Soy Chicken with Garlic Rice in Spicy Broth,Garlic Rice,1 tbsp sesame seeds,1,tbsp,Sesame Seeds,,
4f1e46fe-4e8d-4135-a20b-32b72eba1f0f|2|0,Sticky Soy Chicken with Garlic Rice in Spicy Broth,Chicken,1 chicken breast,1,,Chicken Breast,,
4f1e46fe-4e8d-4135-a20b-32b72eba1f0f|2|1,Sticky Soy Chicken with Garlic Rice in Spicy Broth,Chicken,2 tbsp oyster sauce,2,tbsp,Oyster Sauce,,
4f1e46fe-4e8d-4135-a20b-32b72eba1f0f|2|2,Sticky Soy Chicken with Garlic Rice in Spicy Broth,Chicken,¼ cup soy sauce,0.25,cup,Soy Sauce,,
4f1e46fe-4e8d-4135-a20b-32b72eba1f0f|2|3,Sticky Soy Chicken with Garlic Rice in Spicy Broth,Chicken,1 tbsp honey,1,tbsp,Honey,,
4f1e46fe-4e8d-4135-a20b-32b72eba1f0f|3|0,Sticky Soy Chicken with Garlic Rice in Spicy Broth,To Serve,bunch of gai lan,,,Gai Lan,,
4f1e46fe-4e8d-4135-a20b-32b72eba1f0f|3|1,Sticky Soy Chicken with Garlic Rice in Spicy Broth,To Serve,"1 spring onion, finely sliced",1,,Spring Onion,finely sliced,
4f1e46fe-4e8d-4135-a20b-32b72eba1f0f|3|2,Sticky Soy Chicken with Garlic Rice in Spicy Broth,To Serve,sesame seeds for garnish,,,Sesame Seeds,for garnish,
165b9869-1c17-4c63-8a7e-6c5211452666|0|0,Sticky Toffee Chia Pudding,Pudding,1 cup coconut yoghurt (natural),1,cup,Coconut Yoghurt,natural,
165b9869-1c17-4c63-8a7e-6c5211452666|0|1,Sticky Toffee Chia Pudding,Pudding,1/3 cup soy milk,0.333,cup,Soya Milk,,
165b9869-1c17-4c63-8a7e-6c5211452666|0|2,Sticky Toffee Chia Pudding,Pudding,3 tbsp chia seeds,3,tbsp,Chia Seed,,
165b9869-1c17-4c63-8a7e-6c5211452666|0|3,Sticky Toffee Chia Pudding,Pudding,6 medjool dates,6,,Medjool Date,,
165b9869-1c17-4c63-8a7e-6c5211452666|0|4,Sticky Toffee Chia Pudding,Pudding,2 tsp cinnamon,2,tsp,Cinnamon,,
165b9869-1c17-4c63-8a7e-6c5211452666|0|5,Sticky Toffee Chia Pudding,Pudding,1 tsp vanilla extract,1,tsp,Vanilla Extract,,
165b9869-1c17-4c63-8a7e-6c5211452666|1|0,Sticky Toffee Chia Pudding,Caramel Topping (optional),2 tbsp maple syrup,2,tbsp,Maple Syrup,,
165b9869-1c17-4c63-8a7e-6c5211452666|1|1,Sticky Toffee Chia Pudding,Caramel Topping (optional),1/4 cup cashew butter,0.25,cup,Cashew Butter,,
165b9869-1c17-4c63-8a7e-6c5211452666|1|2,Sticky Toffee Chia Pudding,Caramel Topping (optional),2 tbsp soy milk,2,tbsp,Soya Milk,,
39c2d509-2e93-4ace-83af-e63e19ba0497|0|0,Sticky Toffee Date Oats,Oats,¾ cup (ish) oats,0.75,cup,Oats,ish,
39c2d509-2e93-4ace-83af-e63e19ba0497|0|1,Sticky Toffee Date Oats,Oats,1 tbsp flaxseeds,1,tbsp,Milled Flaxseed,,
39c2d509-2e93-4ace-83af-e63e19ba0497|0|2,Sticky Toffee Date Oats,Oats,2–3 chopped Medjool dates,2,,Medjool Date,range; chopped,
39c2d509-2e93-4ace-83af-e63e19ba0497|0|3,Sticky Toffee Date Oats,Oats,Dash maple syrup or honey,1,dash,Maple Syrup,or honey,
39c2d509-2e93-4ace-83af-e63e19ba0497|0|4,Sticky Toffee Date Oats,Oats,Pinch salt,1,pinch,Salt,,
39c2d509-2e93-4ace-83af-e63e19ba0497|0|5,Sticky Toffee Date Oats,Oats,Dash cinnamon,1,dash,Cinnamon,,
39c2d509-2e93-4ace-83af-e63e19ba0497|0|6,Sticky Toffee Date Oats,Oats,Dash ginger,1,dash,Ginger,,
39c2d509-2e93-4ace-83af-e63e19ba0497|0|7,Sticky Toffee Date Oats,Oats,Milk of choice,,,Milk Choice,,
39c2d509-2e93-4ace-83af-e63e19ba0497|1|0,Sticky Toffee Date Oats,Sticky Toffee Sauce,1 tbsp nut butter,1,tbsp,Nut Butter,,
39c2d509-2e93-4ace-83af-e63e19ba0497|1|1,Sticky Toffee Date Oats,Sticky Toffee Sauce,1 tbsp maple syrup or honey,1,tbsp,Maple Syrup,or honey,
39c2d509-2e93-4ace-83af-e63e19ba0497|1|2,Sticky Toffee Date Oats,Sticky Toffee Sauce,Milk to thin,,,Milk,,
39c2d509-2e93-4ace-83af-e63e19ba0497|1|3,Sticky Toffee Date Oats,Sticky Toffee Sauce,Dash salt and cinnamon,1,dash,Salt,,split
39c2d509-2e93-4ace-83af-e63e19ba0497|1|3-2,Sticky Toffee Date Oats,Sticky Toffee Sauce,Dash salt and cinnamon,,,Cinnamon,(split — set qty),split
1da115b2-b6e7-4cbd-a166-d161173683e7|0|0,Strawberry Ice Cream,Main,,,,,,NULL_LINE re-enter
1da115b2-b6e7-4cbd-a166-d161173683e7|0|1,Strawberry Ice Cream,Main,,,,,,NULL_LINE re-enter
1da115b2-b6e7-4cbd-a166-d161173683e7|0|2,Strawberry Ice Cream,Main,,,,,,NULL_LINE re-enter
1da115b2-b6e7-4cbd-a166-d161173683e7|0|3,Strawberry Ice Cream,Main,,,,,,NULL_LINE re-enter
1da115b2-b6e7-4cbd-a166-d161173683e7|0|4,Strawberry Ice Cream,Main,,,,,,NULL_LINE re-enter
d4b9c131-1373-490f-84b8-5ab555a5caa0|0|0,Stuffed Breakfast Chicken Sausage Pitas,Pitas,1 wholemeal pita bread,1,,Wholemeal Pita,,
d4b9c131-1373-490f-84b8-5ab555a5caa0|0|1,Stuffed Breakfast Chicken Sausage Pitas,Pitas,"1 medium tomato, deseeded and diced",1,,Tomato,deseeded and diced,
d4b9c131-1373-490f-84b8-5ab555a5caa0|0|2,Stuffed Breakfast Chicken Sausage Pitas,Pitas,handful of spinach,1,handful,Spinach,,
d4b9c131-1373-490f-84b8-5ab555a5caa0|0|3,Stuffed Breakfast Chicken Sausage Pitas,Pitas,"1 large spring onion, finely chopped",1,,Spring Onion,finely chopped,
d4b9c131-1373-490f-84b8-5ab555a5caa0|0|4,Stuffed Breakfast Chicken Sausage Pitas,Pitas,roughly 120g seasoned chicken sausage meat,120,g,Seasoned Chicken Sausage Meat,,
d4b9c131-1373-490f-84b8-5ab555a5caa0|1|0,Stuffed Breakfast Chicken Sausage Pitas,Optional to Serve,½ avocado,0.5,,Avocado,,
d4b9c131-1373-490f-84b8-5ab555a5caa0|1|1,Stuffed Breakfast Chicken Sausage Pitas,Optional to Serve,"½ lemon, juiced",0.5,,Lemon,juiced,
d4b9c131-1373-490f-84b8-5ab555a5caa0|1|2,Stuffed Breakfast Chicken Sausage Pitas,Optional to Serve,pinch of chilli flakes,1,pinch,Chilli Flakes,,
d4b9c131-1373-490f-84b8-5ab555a5caa0|1|3,Stuffed Breakfast Chicken Sausage Pitas,Optional to Serve,½ tsp honey,0.5,tsp,Honey,,
d20966a9-0dbb-4df6-aa67-e06bf2ae13c5|0|0,Summer Peach Chia Pudding,Pudding,2 tbsp chia seeds,2,tbsp,Chia Seed,,
d20966a9-0dbb-4df6-aa67-e06bf2ae13c5|0|1,Summer Peach Chia Pudding,Pudding,130ml coconut milk,130,ml,Coconut Milk,,
d20966a9-0dbb-4df6-aa67-e06bf2ae13c5|0|2,Summer Peach Chia Pudding,Pudding,3 tbsp coconut yoghurt,3,tbsp,Coconut Yoghurt,,
d20966a9-0dbb-4df6-aa67-e06bf2ae13c5|0|3,Summer Peach Chia Pudding,Pudding,2 peaches,2,,Peach,,
d20966a9-0dbb-4df6-aa67-e06bf2ae13c5|1|0,Summer Peach Chia Pudding,Topping,1 tbsp coconut yoghurt,1,tbsp,Coconut Yoghurt,,
d20966a9-0dbb-4df6-aa67-e06bf2ae13c5|1|1,Summer Peach Chia Pudding,Topping,Peach slices,,,Peach Slice,,
d20966a9-0dbb-4df6-aa67-e06bf2ae13c5|1|2,Summer Peach Chia Pudding,Topping,Agave (optional),,,Agave Syrup,optional,
2d8ff39e-3a53-49a0-a898-51368a6a1707|0|0,Summer Salmon and Blackberry Salad,Salad,1 large head of romaine,1,head,Romaine Lettuce,,
2d8ff39e-3a53-49a0-a898-51368a6a1707|0|1,Summer Salmon and Blackberry Salad,Salad,1 pak choy,1,,Pak Choy,,
2d8ff39e-3a53-49a0-a898-51368a6a1707|0|2,Summer Salmon and Blackberry Salad,Salad,1 medium cucumber,1,,Cucumber,,
2d8ff39e-3a53-49a0-a898-51368a6a1707|0|3,Summer Salmon and Blackberry Salad,Salad,Handful of green beans,1,handful,Green Bean,,
2d8ff39e-3a53-49a0-a898-51368a6a1707|0|4,Summer Salmon and Blackberry Salad,Salad,4 sprigs of spring onion,4,sprig,Spring Onion,,
2d8ff39e-3a53-49a0-a898-51368a6a1707|0|5,Summer Salmon and Blackberry Salad,Salad,1 tsp pickled chilli,1,tsp,Pickled Chilli,,
2d8ff39e-3a53-49a0-a898-51368a6a1707|0|6,Summer Salmon and Blackberry Salad,Salad,1 tsp sesame seeds,1,tsp,Sesame Seeds,,
2d8ff39e-3a53-49a0-a898-51368a6a1707|0|7,Summer Salmon and Blackberry Salad,Salad,1 avocado,1,,Avocado,,
2d8ff39e-3a53-49a0-a898-51368a6a1707|1|0,Summer Salmon and Blackberry Salad,Salmon,2 salmon fillets,2,,Salmon,fillets,
2d8ff39e-3a53-49a0-a898-51368a6a1707|1|1,Summer Salmon and Blackberry Salad,Salmon,2 tbsp soy sauce,2,tbsp,Soy Sauce,,
2d8ff39e-3a53-49a0-a898-51368a6a1707|1|2,Summer Salmon and Blackberry Salad,Salmon,1 tsp honey,1,tsp,Honey,,
2d8ff39e-3a53-49a0-a898-51368a6a1707|1|3,Summer Salmon and Blackberry Salad,Salmon,1 tsp rice wine vinegar,1,tsp,Rice Vinegar,,
2d8ff39e-3a53-49a0-a898-51368a6a1707|2|0,Summer Salmon and Blackberry Salad,Dressing,1 garlic clove,1,,Garlic Clove,,
2d8ff39e-3a53-49a0-a898-51368a6a1707|2|1,Summer Salmon and Blackberry Salad,Dressing,1 inch piece of ginger,1,,Ginger,,
2d8ff39e-3a53-49a0-a898-51368a6a1707|2|2,Summer Salmon and Blackberry Salad,Dressing,2 tbsp ponzu,2,tbsp,Ponzu,,
2d8ff39e-3a53-49a0-a898-51368a6a1707|2|3,Summer Salmon and Blackberry Salad,Dressing,2 tbsp sesame oil,2,tbsp,Sesame Oil,,
2d8ff39e-3a53-49a0-a898-51368a6a1707|2|4,Summer Salmon and Blackberry Salad,Dressing,1 tsp honey,1,tsp,Honey,,
2d8ff39e-3a53-49a0-a898-51368a6a1707|2|5,Summer Salmon and Blackberry Salad,Dressing,1 tbsp rice wine vinegar,1,tbsp,Rice Vinegar,,
aa9db8b7-150c-48d2-b3e9-35cd2c5177aa|0|0,Sunflower Sesame Date Chocolate Bites,Main,1 cup ground sunflower and sesame seed blend (radiant blend),1,cup,Sunflower Seeds,radiant blend,split
aa9db8b7-150c-48d2-b3e9-35cd2c5177aa|0|0-2,Sunflower Sesame Date Chocolate Bites,Main,1 cup ground sunflower and sesame seed blend (radiant blend),,,Sesame Seeds,radiant blend; (split — set qty),split
aa9db8b7-150c-48d2-b3e9-35cd2c5177aa|0|1,Sunflower Sesame Date Chocolate Bites,Main,3/4 cup pitted medjool dates,0.75,cup,Pitted Medjool Date,,
aa9db8b7-150c-48d2-b3e9-35cd2c5177aa|0|2,Sunflower Sesame Date Chocolate Bites,Main,1/2 tbsp coconut oil,0.5,tbsp,Coconut Oil,,
aa9db8b7-150c-48d2-b3e9-35cd2c5177aa|0|3,Sunflower Sesame Date Chocolate Bites,Main,3/4 cup dark chocolate chips,0.75,cup,Dark Chocolate Chip,,
bd055e99-95c5-484e-8785-103cb151c7e6|0|0,Sushi Salad,Salad,"1 medium avocado, diced",1,,Avocado,diced,
bd055e99-95c5-484e-8785-103cb151c7e6|0|1,Sushi Salad,Salad,"1/2 cucumber, deseeded and diced",0.5,,Cucumber,deseeded and diced,
bd055e99-95c5-484e-8785-103cb151c7e6|0|2,Sushi Salad,Salad,250g pack brown precooked rice,250,g,Brown Rice,,
bd055e99-95c5-484e-8785-103cb151c7e6|0|3,Sushi Salad,Salad,"2 spring onions, diced",2,,Spring Onion,diced,
bd055e99-95c5-484e-8785-103cb151c7e6|0|4,Sushi Salad,Salad,"2 Nori sheets, shredded",2,,Nori,shredded,
bd055e99-95c5-484e-8785-103cb151c7e6|0|5,Sushi Salad,Salad,"2 tins tuna, drained",2,tin,Tuna,drained,
bd055e99-95c5-484e-8785-103cb151c7e6|1|0,Sushi Salad,Pickle,10 pink radishes,10,,Pink Radish,,
bd055e99-95c5-484e-8785-103cb151c7e6|1|1,Sushi Salad,Pickle,100ml rice vinegar,100,ml,Rice Vinegar,,
bd055e99-95c5-484e-8785-103cb151c7e6|1|2,Sushi Salad,Pickle,100ml water,100,ml,Water,,
bd055e99-95c5-484e-8785-103cb151c7e6|1|3,Sushi Salad,Pickle,1 heaped tsp sugar,1,tsp,Sugar,heaped,
bd055e99-95c5-484e-8785-103cb151c7e6|2|0,Sushi Salad,Dressing,3 tbsp light soy sauce,3,tbsp,Light Soy Sauce,,
bd055e99-95c5-484e-8785-103cb151c7e6|2|1,Sushi Salad,Dressing,1 heaped tsp tahini,1,tsp,Tahini,heaped,
bd055e99-95c5-484e-8785-103cb151c7e6|2|2,Sushi Salad,Dressing,1 tsp wasabi paste,1,tsp,Wasabi Paste,,
bd055e99-95c5-484e-8785-103cb151c7e6|2|3,Sushi Salad,Dressing,1-2 tbsp mirin to taste,1,tbsp,Mirin,range; to taste,
7ab48a15-f865-4547-8e7a-04736ee0d041|0|0,Sweet and Salty Date Caramel Oat Cookie Slice,Biscuit Base,2 cups rolled oats,2,cup,Rolled Oats,,
7ab48a15-f865-4547-8e7a-04736ee0d041|0|1,Sweet and Salty Date Caramel Oat Cookie Slice,Biscuit Base,1 cup plain flour,1,cup,Plain Flour,,
7ab48a15-f865-4547-8e7a-04736ee0d041|0|2,Sweet and Salty Date Caramel Oat Cookie Slice,Biscuit Base,1/2 cup desiccated coconut,0.5,cup,Desiccated Coconut,,
7ab48a15-f865-4547-8e7a-04736ee0d041|0|3,Sweet and Salty Date Caramel Oat Cookie Slice,Biscuit Base,1/2 tsp bicarb soda,0.5,tsp,Baking Soda,,
7ab48a15-f865-4547-8e7a-04736ee0d041|0|4,Sweet and Salty Date Caramel Oat Cookie Slice,Biscuit Base,1/2 cup coconut sugar (or brown sugar),0.5,cup,Coconut Sugar,or brown sugar,
7ab48a15-f865-4547-8e7a-04736ee0d041|0|5,Sweet and Salty Date Caramel Oat Cookie Slice,Biscuit Base,"1/2 cup coconut oil, melted",0.5,cup,Coconut Oil,melted,
7ab48a15-f865-4547-8e7a-04736ee0d041|0|6,Sweet and Salty Date Caramel Oat Cookie Slice,Biscuit Base,1/2 cup honey,0.5,cup,Honey,,
7ab48a15-f865-4547-8e7a-04736ee0d041|0|7,Sweet and Salty Date Caramel Oat Cookie Slice,Biscuit Base,1 tsp vanilla essence,1,tsp,Vanilla Essence,,
7ab48a15-f865-4547-8e7a-04736ee0d041|1|0,Sweet and Salty Date Caramel Oat Cookie Slice,Date Caramel,450g pitted medjool dates,450,g,Pitted Medjool Date,,
7ab48a15-f865-4547-8e7a-04736ee0d041|1|1,Sweet and Salty Date Caramel Oat Cookie Slice,Date Caramel,1 tsp bicarb soda,1,tsp,Baking Soda,,
7ab48a15-f865-4547-8e7a-04736ee0d041|1|2,Sweet and Salty Date Caramel Oat Cookie Slice,Date Caramel,Boiling water,,,Boiling Water,,
7ab48a15-f865-4547-8e7a-04736ee0d041|1|3,Sweet and Salty Date Caramel Oat Cookie Slice,Date Caramel,1 tsp vanilla essence,1,tsp,Vanilla Essence,,
4ba77a2d-0ad6-4223-a29c-4cc15ccef496|0|0,Sweet Potato and Kale with Tahini Dressing,Tahini Mustard Dressing,2 tbsp tahini,2,tbsp,Tahini,,
4ba77a2d-0ad6-4223-a29c-4cc15ccef496|0|1,Sweet Potato and Kale with Tahini Dressing,Tahini Mustard Dressing,Juice of ½ lemon,,,Lemon Juice,,
4ba77a2d-0ad6-4223-a29c-4cc15ccef496|0|2,Sweet Potato and Kale with Tahini Dressing,Tahini Mustard Dressing,1 tsp smooth Dijon mustard,1,tsp,Dijon Mustard,,
4ba77a2d-0ad6-4223-a29c-4cc15ccef496|0|3,Sweet Potato and Kale with Tahini Dressing,Tahini Mustard Dressing,1 tsp maple syrup,1,tsp,Maple Syrup,,
4ba77a2d-0ad6-4223-a29c-4cc15ccef496|0|4,Sweet Potato and Kale with Tahini Dressing,Tahini Mustard Dressing,2 tbsp boiling water,2,tbsp,Boiling Water,,
4ba77a2d-0ad6-4223-a29c-4cc15ccef496|1|0,Sweet Potato and Kale with Tahini Dressing,Bowl,"1 sweet potato, peeled and cut into 2cm pieces",1,,Sweet Potato,2cm piece; peeled and cut into pieces,
4ba77a2d-0ad6-4223-a29c-4cc15ccef496|1|1,Sweet Potato and Kale with Tahini Dressing,Bowl,"2 large handfuls curly kale, destalked and roughly shredded",2,handful,Curly Kale,destalked and roughly shredded,
4ba77a2d-0ad6-4223-a29c-4cc15ccef496|1|2,Sweet Potato and Kale with Tahini Dressing,Bowl,Juice of 1 lemon,,,Lemon Juice,,
4ba77a2d-0ad6-4223-a29c-4cc15ccef496|1|3,Sweet Potato and Kale with Tahini Dressing,Bowl,150g quinoa,150,g,Quinoa,,
4ba77a2d-0ad6-4223-a29c-4cc15ccef496|1|4,Sweet Potato and Kale with Tahini Dressing,Bowl,"1 ripe avocado, sliced",1,,Avocado,sliced,
4ba77a2d-0ad6-4223-a29c-4cc15ccef496|1|5,Sweet Potato and Kale with Tahini Dressing,Bowl,Olive oil,,,Olive Oil,,
4ba77a2d-0ad6-4223-a29c-4cc15ccef496|1|6,Sweet Potato and Kale with Tahini Dressing,Bowl,Salt and pepper,,,Salt,,split
4ba77a2d-0ad6-4223-a29c-4cc15ccef496|1|6-2,Sweet Potato and Kale with Tahini Dressing,Bowl,Salt and pepper,,,Black Pepper,(split — set qty),split
72847f83-1cfc-4c67-a3bd-3c3e9dfa9792|0|0,Sweet Potato Beef Taco Bowl,Bowl,500g lean beef mince,500,g,Lean Beef Mince,,
72847f83-1cfc-4c67-a3bd-3c3e9dfa9792|0|1,Sweet Potato Beef Taco Bowl,Bowl,1 packet taco seasoning,1,packet,Taco Seasoning,,
72847f83-1cfc-4c67-a3bd-3c3e9dfa9792|0|2,Sweet Potato Beef Taco Bowl,Bowl,2 medium sweet potatoes,2,,Sweet Potatoes,,
72847f83-1cfc-4c67-a3bd-3c3e9dfa9792|0|3,Sweet Potato Beef Taco Bowl,Bowl,2 cups cottage cheese,2,cup,Cottage Cheese,,
72847f83-1cfc-4c67-a3bd-3c3e9dfa9792|0|4,Sweet Potato Beef Taco Bowl,Bowl,1 avocado,1,,Avocado,,
72847f83-1cfc-4c67-a3bd-3c3e9dfa9792|0|5,Sweet Potato Beef Taco Bowl,Bowl,1-2 tbsp honey or hot honey or Nando's Perinaise,1,tbsp,Honey,or hot honey or Nando's Perinaise; range,
72847f83-1cfc-4c67-a3bd-3c3e9dfa9792|0|6,Sweet Potato Beef Taco Bowl,Bowl,Chilli flakes (if using regular honey),,,Chilli Flakes,if using regular honey,
72847f83-1cfc-4c67-a3bd-3c3e9dfa9792|0|7,Sweet Potato Beef Taco Bowl,Bowl,Olive oil,,,Olive Oil,,
09fad2f7-ce32-4e6b-b41f-a1fd4593d5f7|0|0,Sweet Potato Blondies,Main,2/3 cup mashed sweet potatoes (room temperature),0.667,cup,Sweet Potatoes,room temperature; mashed,
09fad2f7-ce32-4e6b-b41f-a1fd4593d5f7|0|1,Sweet Potato Blondies,Main,1/3 cup maple syrup,0.333,cup,Maple Syrup,,
09fad2f7-ce32-4e6b-b41f-a1fd4593d5f7|0|2,Sweet Potato Blondies,Main,1/2 cup cashew butter,0.5,cup,Cashew Butter,,
09fad2f7-ce32-4e6b-b41f-a1fd4593d5f7|0|3,Sweet Potato Blondies,Main,2 tbsp coconut oil,2,tbsp,Coconut Oil,,
09fad2f7-ce32-4e6b-b41f-a1fd4593d5f7|0|4,Sweet Potato Blondies,Main,2 tsp pure vanilla extract,2,tsp,Pure Vanilla Extract,,
09fad2f7-ce32-4e6b-b41f-a1fd4593d5f7|0|5,Sweet Potato Blondies,Main,2/3 cup oat flour,0.667,cup,Oat Flour,,
09fad2f7-ce32-4e6b-b41f-a1fd4593d5f7|0|6,Sweet Potato Blondies,Main,1/3 cup fine blanched almond flour,0.333,cup,Almond Flour,,
09fad2f7-ce32-4e6b-b41f-a1fd4593d5f7|0|7,Sweet Potato Blondies,Main,1 tsp baking powder,1,tsp,Baking Powder,,
09fad2f7-ce32-4e6b-b41f-a1fd4593d5f7|0|8,Sweet Potato Blondies,Main,1/4 tsp fine sea salt,0.25,tsp,Fine Sea Salt,,
09fad2f7-ce32-4e6b-b41f-a1fd4593d5f7|0|9,Sweet Potato Blondies,Main,1/3 cup mini dark chocolate chips,0.333,cup,Dark Chocolate Chip,,
09fad2f7-ce32-4e6b-b41f-a1fd4593d5f7|0|10,Sweet Potato Blondies,Main,1/3 cup chopped pecans for topping,0.333,cup,Pecans,chopped,
24e951f3-b6d6-434a-b481-2084b046590b|0|0,Sweet Potato Chicken Enchilada Skillet,,1 tablespoon olive oil,1,tbsp,Olive Oil,,
24e951f3-b6d6-434a-b481-2084b046590b|0|1,Sweet Potato Chicken Enchilada Skillet,,"1 small yellow onion, diced",1,,Yellow Onion,diced,
24e951f3-b6d6-434a-b481-2084b046590b|0|2,Sweet Potato Chicken Enchilada Skillet,,"2 garlic cloves, minced",2,,Garlic Clove,minced,
24e951f3-b6d6-434a-b481-2084b046590b|0|3,Sweet Potato Chicken Enchilada Skillet,,"1 medium sweet potato, peeled and diced small (½-inch pieces)",1,,Sweet Potato,½-inch pieces; peeled and diced small,
24e951f3-b6d6-434a-b481-2084b046590b|0|4,Sweet Potato Chicken Enchilada Skillet,,"1 red bell pepper, chopped",1,,Red Bell Pepper,chopped,
24e951f3-b6d6-434a-b481-2084b046590b|0|5,Sweet Potato Chicken Enchilada Skillet,,"1 (15 oz) can black beans, drained and rinsed",1,can,Black Bean,15 oz; drained and rinsed,
24e951f3-b6d6-434a-b481-2084b046590b|0|6,Sweet Potato Chicken Enchilada Skillet,,1½ cups cooked shredded chicken (rotisserie or leftovers),1,,Chicken,rotisserie or leftovers,
24e951f3-b6d6-434a-b481-2084b046590b|0|7,Sweet Potato Chicken Enchilada Skillet,,1½ cups enchilada sauce (sugar-free),1,,Enchilada Sauce,sugar-free,
24e951f3-b6d6-434a-b481-2084b046590b|0|8,Sweet Potato Chicken Enchilada Skillet,,1 teaspoon ground cumin,1,tsp,Cumin,,
24e951f3-b6d6-434a-b481-2084b046590b|0|9,Sweet Potato Chicken Enchilada Skillet,,½ teaspoon smoked paprika,0.5,tsp,Smoked Paprika,,
24e951f3-b6d6-434a-b481-2084b046590b|0|10,Sweet Potato Chicken Enchilada Skillet,,salt and black pepper to taste,,,Salt,to taste,split
24e951f3-b6d6-434a-b481-2084b046590b|0|10-2,Sweet Potato Chicken Enchilada Skillet,,salt and black pepper to taste,,,Black Pepper,to taste; (split — set qty),split
24e951f3-b6d6-434a-b481-2084b046590b|0|11,Sweet Potato Chicken Enchilada Skillet,,1–2 handfuls baby spinach or chopped kale (optional),1,handful,Spinach,optional; or chopped kale; range,
24e951f3-b6d6-434a-b481-2084b046590b|0|12,Sweet Potato Chicken Enchilada Skillet,,sliced green onions or cilantro for garnish,,,Green Onion,or cilantro for garnish; sliced,
24e951f3-b6d6-434a-b481-2084b046590b|0|13,Sweet Potato Chicken Enchilada Skillet,,"warm tortillas, avocado slices, lime wedges for serving",,,Tortilla,"avocado slices,  lime wedges for serving",
111ceece-2736-4ffa-b087-53d74f0bd506|0|0,Sweet Potato Chocolate Cake,Cake,3 normal sweet potatoes,3,,Sweet Potatoes,,
111ceece-2736-4ffa-b087-53d74f0bd506|0|1,Sweet Potato Chocolate Cake,Cake,200g dark chocolate (70%),200,g,Dark Chocolate,70%,
111ceece-2736-4ffa-b087-53d74f0bd506|1|0,Sweet Potato Chocolate Cake,Topping,100g dark chocolate (70%),100,g,Dark Chocolate,70%,
111ceece-2736-4ffa-b087-53d74f0bd506|1|1,Sweet Potato Chocolate Cake,Topping,50ml unsweetened almond milk,50,ml,"Almond Milk, Unsweetened",,
1ce96bf7-d51e-4a0c-9c36-3ba2a12b2bc0|0|0,Sweet Potato Chocolate Chip Cookies,Main,1/2 cup mashed cooked sweet potato,0.5,cup,Sweet Potato,mashed,
1ce96bf7-d51e-4a0c-9c36-3ba2a12b2bc0|0|1,Sweet Potato Chocolate Chip Cookies,Main,1/3 cup coconut sugar,0.333,cup,Coconut Sugar,,
1ce96bf7-d51e-4a0c-9c36-3ba2a12b2bc0|0|2,Sweet Potato Chocolate Chip Cookies,Main,1 large egg,1,,Egg,,
1ce96bf7-d51e-4a0c-9c36-3ba2a12b2bc0|0|3,Sweet Potato Chocolate Chip Cookies,Main,"1/4 cup refined coconut oil, melted and cooled",0.25,cup,Coconut Oil,melted and cooled,
1ce96bf7-d51e-4a0c-9c36-3ba2a12b2bc0|0|4,Sweet Potato Chocolate Chip Cookies,Main,2 tsp vanilla paste,2,tsp,Vanilla Bean Paste,,
1ce96bf7-d51e-4a0c-9c36-3ba2a12b2bc0|0|5,Sweet Potato Chocolate Chip Cookies,Main,2 cups blanched almond flour,2,cup,Almond Flour,,
1ce96bf7-d51e-4a0c-9c36-3ba2a12b2bc0|0|6,Sweet Potato Chocolate Chip Cookies,Main,1/2 tsp baking soda,0.5,tsp,Baking Soda,,
1ce96bf7-d51e-4a0c-9c36-3ba2a12b2bc0|0|7,Sweet Potato Chocolate Chip Cookies,Main,1/4 tsp sea salt,0.25,tsp,Sea Salt,,
1ce96bf7-d51e-4a0c-9c36-3ba2a12b2bc0|0|8,Sweet Potato Chocolate Chip Cookies,Main,1 1/2 tsp ground cinnamon,1.5,tsp,Cinnamon,,
1ce96bf7-d51e-4a0c-9c36-3ba2a12b2bc0|0|9,Sweet Potato Chocolate Chip Cookies,Main,1/3 cup dark chocolate chips,0.333,cup,Dark Chocolate Chip,,
f31ed2c7-a868-4a28-bcd1-eb5c20eeeb35|0|0,Sweet Potato Olive Oil Cake,Cake,2/3 cup olive oil,0.667,cup,Olive Oil,,
f31ed2c7-a868-4a28-bcd1-eb5c20eeeb35|0|1,Sweet Potato Olive Oil Cake,Cake,1 cup cooked and blended sweet potato (from 1 large or 2 medium potatoes),1,cup,And Blended Sweet Potato,from 1 large or 2 medium potatoes,
f31ed2c7-a868-4a28-bcd1-eb5c20eeeb35|0|2,Sweet Potato Olive Oil Cake,Cake,1/2 cup maple syrup,0.5,cup,Maple Syrup,,
f31ed2c7-a868-4a28-bcd1-eb5c20eeeb35|0|3,Sweet Potato Olive Oil Cake,Cake,3 tbsp coconut sugar,3,tbsp,Coconut Sugar,,
f31ed2c7-a868-4a28-bcd1-eb5c20eeeb35|0|4,Sweet Potato Olive Oil Cake,Cake,3 eggs,3,,Egg,,
f31ed2c7-a868-4a28-bcd1-eb5c20eeeb35|0|5,Sweet Potato Olive Oil Cake,Cake,2 tsp vanilla extract,2,tsp,Vanilla Extract,,
f31ed2c7-a868-4a28-bcd1-eb5c20eeeb35|0|6,Sweet Potato Olive Oil Cake,Cake,1 1/2 cups almond flour,1.5,cup,Almond Flour,,
f31ed2c7-a868-4a28-bcd1-eb5c20eeeb35|0|7,Sweet Potato Olive Oil Cake,Cake,1 cup oat flour,1,cup,Oat Flour,,
f31ed2c7-a868-4a28-bcd1-eb5c20eeeb35|0|8,Sweet Potato Olive Oil Cake,Cake,1.25 tsp baking soda,1.25,tsp,Baking Soda,,
f31ed2c7-a868-4a28-bcd1-eb5c20eeeb35|0|9,Sweet Potato Olive Oil Cake,Cake,1/2 tsp salt,0.5,tsp,Salt,,
f31ed2c7-a868-4a28-bcd1-eb5c20eeeb35|1|0,Sweet Potato Olive Oil Cake,Caramel Sauce,1/4 cup coconut oil,0.25,cup,Coconut Oil,,
f31ed2c7-a868-4a28-bcd1-eb5c20eeeb35|1|1,Sweet Potato Olive Oil Cake,Caramel Sauce,1/4 cup maple syrup,0.25,cup,Maple Syrup,,
f31ed2c7-a868-4a28-bcd1-eb5c20eeeb35|1|2,Sweet Potato Olive Oil Cake,Caramel Sauce,2 tbsp almond butter,2,tbsp,Almond Butter,,
f31ed2c7-a868-4a28-bcd1-eb5c20eeeb35|1|3,Sweet Potato Olive Oil Cake,Caramel Sauce,Pinch of sea salt,1,pinch,Sea Salt,,
b665de53-e4a6-42ca-96dc-9abe755819d4|0|0,Sweet Potato Toast with Avocado and Tofu Scramble,Sweet Potato Toast,1 large sweet potato,1,,Sweet Potato,,
b665de53-e4a6-42ca-96dc-9abe755819d4|0|1,Sweet Potato Toast with Avocado and Tofu Scramble,Sweet Potato Toast,½ tbsp olive oil,0.5,tbsp,Olive Oil,,
b665de53-e4a6-42ca-96dc-9abe755819d4|1|0,Sweet Potato Toast with Avocado and Tofu Scramble,Tofu Scramble,300g firm tofu,300,g,Firm Tofu,,
b665de53-e4a6-42ca-96dc-9abe755819d4|1|1,Sweet Potato Toast with Avocado and Tofu Scramble,Tofu Scramble,½ tbsp olive oil,0.5,tbsp,Olive Oil,,
b665de53-e4a6-42ca-96dc-9abe755819d4|1|2,Sweet Potato Toast with Avocado and Tofu Scramble,Tofu Scramble,1 tbsp garlic powder,1,tbsp,Garlic Granules,,
b665de53-e4a6-42ca-96dc-9abe755819d4|1|3,Sweet Potato Toast with Avocado and Tofu Scramble,Tofu Scramble,2 tbsp nutritional yeast,2,tbsp,Nutritional Yeast,,
b665de53-e4a6-42ca-96dc-9abe755819d4|1|4,Sweet Potato Toast with Avocado and Tofu Scramble,Tofu Scramble,1 tbsp chickpea flour,1,tbsp,Chickpea Flour,,
b665de53-e4a6-42ca-96dc-9abe755819d4|1|5,Sweet Potato Toast with Avocado and Tofu Scramble,Tofu Scramble,1 tsp turmeric,1,tsp,Turmeric Powder,,
b665de53-e4a6-42ca-96dc-9abe755819d4|1|6,Sweet Potato Toast with Avocado and Tofu Scramble,Tofu Scramble,1 tsp black pepper,1,tsp,Black Pepper,,
b665de53-e4a6-42ca-96dc-9abe755819d4|1|7,Sweet Potato Toast with Avocado and Tofu Scramble,Tofu Scramble,½ tsp black salt,0.5,tsp,Black Salt,,
b665de53-e4a6-42ca-96dc-9abe755819d4|1|8,Sweet Potato Toast with Avocado and Tofu Scramble,Tofu Scramble,150ml plant milk,150,ml,Alternative Milk,,
b665de53-e4a6-42ca-96dc-9abe755819d4|2|0,Sweet Potato Toast with Avocado and Tofu Scramble,To Serve,2 small avocados,2,,Avocado,,
49a72863-e924-4307-af80-a01c82a5b66c|0|0,Tahini Oat Chocolate Chip Bars,Main,1.5 cups almond flour,1.5,cup,Almond Flour,,
49a72863-e924-4307-af80-a01c82a5b66c|0|1,Tahini Oat Chocolate Chip Bars,Main,3/4 cup oats,0.75,cup,Oats,,
49a72863-e924-4307-af80-a01c82a5b66c|0|2,Tahini Oat Chocolate Chip Bars,Main,2 eggs,2,,Egg,,
49a72863-e924-4307-af80-a01c82a5b66c|0|3,Tahini Oat Chocolate Chip Bars,Main,1/3 cup tahini,0.333,cup,Tahini,,
49a72863-e924-4307-af80-a01c82a5b66c|0|4,Tahini Oat Chocolate Chip Bars,Main,2 tbsp coconut oil,2,tbsp,Coconut Oil,,
49a72863-e924-4307-af80-a01c82a5b66c|0|5,Tahini Oat Chocolate Chip Bars,Main,1 tsp vanilla extract,1,tsp,Vanilla Extract,,
49a72863-e924-4307-af80-a01c82a5b66c|0|6,Tahini Oat Chocolate Chip Bars,Main,1 tsp baking soda,1,tsp,Baking Soda,,
49a72863-e924-4307-af80-a01c82a5b66c|0|7,Tahini Oat Chocolate Chip Bars,Main,1/2 cup maple syrup,0.5,cup,Maple Syrup,,
49a72863-e924-4307-af80-a01c82a5b66c|0|8,Tahini Oat Chocolate Chip Bars,Main,1/3 cup dark chocolate chips,0.333,cup,Dark Chocolate Chip,,
dc4e67d8-22c4-45ef-a55a-cda2d7534e5f|0|0,Thai Chicken Noodle Soup,Soup,2 large banana shallots,2,,Banana Shallot,,
dc4e67d8-22c4-45ef-a55a-cda2d7534e5f|0|1,Thai Chicken Noodle Soup,Soup,2 cloves garlic,2,clove,Garlic,,
dc4e67d8-22c4-45ef-a55a-cda2d7534e5f|0|2,Thai Chicken Noodle Soup,Soup,30g fresh ginger,30,g,Ginger,,
dc4e67d8-22c4-45ef-a55a-cda2d7534e5f|0|3,Thai Chicken Noodle Soup,Soup,"1 red chilli, seeds removed",1,,Red Chilli,seeds removed,
dc4e67d8-22c4-45ef-a55a-cda2d7534e5f|0|4,Thai Chicken Noodle Soup,Soup,2 tbsp red curry paste,2,tbsp,Red Curry Paste,,
dc4e67d8-22c4-45ef-a55a-cda2d7534e5f|0|5,Thai Chicken Noodle Soup,Soup,2 large carrots,2,,Carrot,,
dc4e67d8-22c4-45ef-a55a-cda2d7534e5f|0|6,Thai Chicken Noodle Soup,Soup,2 stock cubes,2,,Stock,,
dc4e67d8-22c4-45ef-a55a-cda2d7534e5f|0|7,Thai Chicken Noodle Soup,Soup,2 litres water,2,l,Water,,
dc4e67d8-22c4-45ef-a55a-cda2d7534e5f|0|8,Thai Chicken Noodle Soup,Soup,2 chicken breasts,2,,Chicken Breast,,
dc4e67d8-22c4-45ef-a55a-cda2d7534e5f|0|9,Thai Chicken Noodle Soup,Soup,120g egg noodles (two nests),120,g,Egg Noodle,two nests,
dc4e67d8-22c4-45ef-a55a-cda2d7534e5f|0|10,Thai Chicken Noodle Soup,Soup,200g Pak Choi,200,g,Pak Choi,,
dc4e67d8-22c4-45ef-a55a-cda2d7534e5f|0|11,Thai Chicken Noodle Soup,Soup,1 tin bamboo shoots,1,tin,Bamboo Shoot,,
dc4e67d8-22c4-45ef-a55a-cda2d7534e5f|0|12,Thai Chicken Noodle Soup,Soup,1 tin water chestnuts,1,tin,Water Chestnut,,
dc4e67d8-22c4-45ef-a55a-cda2d7534e5f|0|13,Thai Chicken Noodle Soup,Soup,1 tbsp soy sauce,1,tbsp,Soy Sauce,,
dc4e67d8-22c4-45ef-a55a-cda2d7534e5f|0|14,Thai Chicken Noodle Soup,Soup,1 tbsp fish sauce,1,tbsp,Fish Sauce,,
dc4e67d8-22c4-45ef-a55a-cda2d7534e5f|0|15,Thai Chicken Noodle Soup,Soup,1 tbsp honey,1,tbsp,Honey,,
dc4e67d8-22c4-45ef-a55a-cda2d7534e5f|0|16,Thai Chicken Noodle Soup,Soup,"half lime, juice only",,,Lime,juice only,
dc4e67d8-22c4-45ef-a55a-cda2d7534e5f|1|0,Thai Chicken Noodle Soup,Garnish,fresh coriander,,,Coriander,,
dc4e67d8-22c4-45ef-a55a-cda2d7534e5f|1|1,Thai Chicken Noodle Soup,Garnish,sesame seeds,,,Sesame Seeds,,
dc4e67d8-22c4-45ef-a55a-cda2d7534e5f|1|2,Thai Chicken Noodle Soup,Garnish,chilli oil,,,Chilli Oil,,
f08bc247-1aae-46bf-8618-79b3ab3f52a8|0|0,Thai Drunken Noodles (Pad Kee Mao),Stir Fry,"200g dried wide rice noodles, prepared per packet",200,g,Wide Rice Noodles,prepared per packet,
f08bc247-1aae-46bf-8618-79b3ab3f52a8|0|1,Thai Drunken Noodles (Pad Kee Mao),Stir Fry,2 tbsp oil,2,tbsp,Oil,,
f08bc247-1aae-46bf-8618-79b3ab3f52a8|0|2,Thai Drunken Noodles (Pad Kee Mao),Stir Fry,"3 large garlic cloves, minced",3,,Garlic Clove,minced,
f08bc247-1aae-46bf-8618-79b3ab3f52a8|0|3,Thai Drunken Noodles (Pad Kee Mao),Stir Fry,"2 birds eye chillies, deseeded and very finely chopped",2,,Bird Eye Chilli,deseeded and very finely chopped,
f08bc247-1aae-46bf-8618-79b3ab3f52a8|0|4,Thai Drunken Noodles (Pad Kee Mao),Stir Fry,"½ onion, sliced",0.5,,Yellow Onion,sliced,
f08bc247-1aae-46bf-8618-79b3ab3f52a8|0|5,Thai Drunken Noodles (Pad Kee Mao),Stir Fry,"200g chicken thighs, cut into bite-size pieces",200,g,Chicken Thigh,cut into bite-size pieces,
f08bc247-1aae-46bf-8618-79b3ab3f52a8|0|6,Thai Drunken Noodles (Pad Kee Mao),Stir Fry,2 tsp fish sauce (or soy sauce),2,tsp,Fish Sauce,or soy sauce,
f08bc247-1aae-46bf-8618-79b3ab3f52a8|0|7,Thai Drunken Noodles (Pad Kee Mao),Stir Fry,"2 green onions, cut into 3cm pieces",2,,Green Onion,3cm piece; cut into pieces,
f08bc247-1aae-46bf-8618-79b3ab3f52a8|0|8,Thai Drunken Noodles (Pad Kee Mao),Stir Fry,1 cup Thai basil leaves (sub regular basil),1,cup,Thai Basil,sub regular basil,
f08bc247-1aae-46bf-8618-79b3ab3f52a8|1|0,Thai Drunken Noodles (Pad Kee Mao),Sauce,3 tbsp oyster sauce,3,tbsp,Oyster Sauce,,
f08bc247-1aae-46bf-8618-79b3ab3f52a8|1|1,Thai Drunken Noodles (Pad Kee Mao),Sauce,1½ tbsp light soy sauce,1,,Light Soy Sauce,,
f08bc247-1aae-46bf-8618-79b3ab3f52a8|1|2,Thai Drunken Noodles (Pad Kee Mao),Sauce,1½ tbsp dark soy sauce,1,,Dark Soy Sauce,,
f08bc247-1aae-46bf-8618-79b3ab3f52a8|1|3,Thai Drunken Noodles (Pad Kee Mao),Sauce,2 tsp sugar,2,tsp,Sugar,,
f08bc247-1aae-46bf-8618-79b3ab3f52a8|1|4,Thai Drunken Noodles (Pad Kee Mao),Sauce,1 tbsp water,1,tbsp,Water,,
37a12403-d36f-4929-b090-b03b19744ee0|0|0,Thai Glass Noodle Salad with Prawns,Dressing,"2 Thai chillies, chopped finely",2,,Thai Chillie,chopped finely,
37a12403-d36f-4929-b090-b03b19744ee0|0|1,Thai Glass Noodle Salad with Prawns,Dressing,1 tsp chilli flakes,1,tsp,Chilli Flakes,,
37a12403-d36f-4929-b090-b03b19744ee0|0|2,Thai Glass Noodle Salad with Prawns,Dressing,"1 medium garlic clove, grated",1,,Garlic Clove,grated,
37a12403-d36f-4929-b090-b03b19744ee0|0|3,Thai Glass Noodle Salad with Prawns,Dressing,2½ tbsp fish sauce,2,,Fish Sauce,,
37a12403-d36f-4929-b090-b03b19744ee0|0|4,Thai Glass Noodle Salad with Prawns,Dressing,1 tbsp grated palm sugar (or brown sugar),1,tbsp,Palm Sugar,or brown sugar; grated,
37a12403-d36f-4929-b090-b03b19744ee0|0|5,Thai Glass Noodle Salad with Prawns,Dressing,3 tbsp freshly squeezed lime juice,3,tbsp,Lime Juice,,
37a12403-d36f-4929-b090-b03b19744ee0|0|6,Thai Glass Noodle Salad with Prawns,Dressing,2 tbsp peanut oil (or any neutral oil),2,tbsp,Peanut Oil,or any neutral oil,
37a12403-d36f-4929-b090-b03b19744ee0|1|0,Thai Glass Noodle Salad with Prawns,Salad,150g vermicelli (thin mung bean noodles),150,g,Vermicelli,thin mung bean noodles,
37a12403-d36f-4929-b090-b03b19744ee0|1|1,Thai Glass Noodle Salad with Prawns,Salad,"150g prawns, peeled and deveined",150,g,Prawn,peeled and deveined,
37a12403-d36f-4929-b090-b03b19744ee0|1|2,Thai Glass Noodle Salad with Prawns,Salad,150g minced pork,150,g,Pork,minced,
37a12403-d36f-4929-b090-b03b19744ee0|1|3,Thai Glass Noodle Salad with Prawns,Salad,"1 small red onion, thinly sliced",1,,Red Onion,thinly sliced,
37a12403-d36f-4929-b090-b03b19744ee0|1|4,Thai Glass Noodle Salad with Prawns,Salad,"1 cup cherry tomatoes, halved",1,cup,Cherry Tomatoes,halved,
37a12403-d36f-4929-b090-b03b19744ee0|1|5,Thai Glass Noodle Salad with Prawns,Salad,"1 bunch coriander, chopped",1,bunch,Coriander,chopped,
37a12403-d36f-4929-b090-b03b19744ee0|1|6,Thai Glass Noodle Salad with Prawns,Salad,"2 spring onions, chopped",2,,Spring Onion,chopped,
37a12403-d36f-4929-b090-b03b19744ee0|1|7,Thai Glass Noodle Salad with Prawns,Salad,"1/3 cup roasted peanuts, chopped",0.333,cup,Peanuts,chopped,
107f6d37-18f0-4984-a376-a38889a51a58|0|0,Thai Prawn Meatball Bowl with Spicy Peanut Sauce,Prawn Meatballs,150g raw prawns,150,g,Prawn,,
107f6d37-18f0-4984-a376-a38889a51a58|0|1,Thai Prawn Meatball Bowl with Spicy Peanut Sauce,Prawn Meatballs,1 egg,1,,Egg,,
107f6d37-18f0-4984-a376-a38889a51a58|0|2,Thai Prawn Meatball Bowl with Spicy Peanut Sauce,Prawn Meatballs,3 tbsp plain flour,3,tbsp,Plain Flour,,
107f6d37-18f0-4984-a376-a38889a51a58|0|3,Thai Prawn Meatball Bowl with Spicy Peanut Sauce,Prawn Meatballs,"1 spring onion, finely chopped",1,,Spring Onion,finely chopped,
107f6d37-18f0-4984-a376-a38889a51a58|0|4,Thai Prawn Meatball Bowl with Spicy Peanut Sauce,Prawn Meatballs,Zest of 1 lime,,,Lime Zest,,
107f6d37-18f0-4984-a376-a38889a51a58|0|5,Thai Prawn Meatball Bowl with Spicy Peanut Sauce,Prawn Meatballs,1 tbsp chopped coriander,1,tbsp,Coriander,chopped,
107f6d37-18f0-4984-a376-a38889a51a58|0|6,Thai Prawn Meatball Bowl with Spicy Peanut Sauce,Prawn Meatballs,1 tsp garlic paste and ginger paste,1,tsp,Garlic Paste,,split
107f6d37-18f0-4984-a376-a38889a51a58|0|6-2,Thai Prawn Meatball Bowl with Spicy Peanut Sauce,Prawn Meatballs,1 tsp garlic paste and ginger paste,,,Ginger Paste,(split — set qty),split
107f6d37-18f0-4984-a376-a38889a51a58|0|7,Thai Prawn Meatball Bowl with Spicy Peanut Sauce,Prawn Meatballs,Pinch of salt and pepper,1,pinch,Salt,,split
107f6d37-18f0-4984-a376-a38889a51a58|0|7-2,Thai Prawn Meatball Bowl with Spicy Peanut Sauce,Prawn Meatballs,Pinch of salt and pepper,,,Black Pepper,(split — set qty),split
107f6d37-18f0-4984-a376-a38889a51a58|1|0,Thai Prawn Meatball Bowl with Spicy Peanut Sauce,Spicy Peanut Sauce,1 tbsp peanut butter,1,tbsp,Peanut Butter,,
107f6d37-18f0-4984-a376-a38889a51a58|1|1,Thai Prawn Meatball Bowl with Spicy Peanut Sauce,Spicy Peanut Sauce,2 heaped tbsp thick yoghurt (0% or full-fat),2,tbsp,Greek Yoghurt,heaped; 0% or full-fat,
107f6d37-18f0-4984-a376-a38889a51a58|1|2,Thai Prawn Meatball Bowl with Spicy Peanut Sauce,Spicy Peanut Sauce,Juice of 1 lime,,,Lime Juice,,
107f6d37-18f0-4984-a376-a38889a51a58|1|3,Thai Prawn Meatball Bowl with Spicy Peanut Sauce,Spicy Peanut Sauce,1-2 tbsp sriracha,1,tbsp,Sriracha,range,
107f6d37-18f0-4984-a376-a38889a51a58|1|4,Thai Prawn Meatball Bowl with Spicy Peanut Sauce,Spicy Peanut Sauce,1 tsp honey,1,tsp,Honey,,
107f6d37-18f0-4984-a376-a38889a51a58|1|5,Thai Prawn Meatball Bowl with Spicy Peanut Sauce,Spicy Peanut Sauce,2 tbsp light soy sauce,2,tbsp,Light Soy Sauce,,
107f6d37-18f0-4984-a376-a38889a51a58|1|6,Thai Prawn Meatball Bowl with Spicy Peanut Sauce,Spicy Peanut Sauce,1/2 tsp garlic paste,0.5,tsp,Garlic Paste,,
107f6d37-18f0-4984-a376-a38889a51a58|2|0,Thai Prawn Meatball Bowl with Spicy Peanut Sauce,Shaved Salad,"1 carrot, shaved",1,,Carrot,shaved,
107f6d37-18f0-4984-a376-a38889a51a58|2|1,Thai Prawn Meatball Bowl with Spicy Peanut Sauce,Shaved Salad,"1/4 cucumber, shaved",0.25,,Cucumber,shaved,
107f6d37-18f0-4984-a376-a38889a51a58|2|2,Thai Prawn Meatball Bowl with Spicy Peanut Sauce,Shaved Salad,2 tbsp peas or edamame,2,tbsp,Peas,or edamame,
107f6d37-18f0-4984-a376-a38889a51a58|2|3,Thai Prawn Meatball Bowl with Spicy Peanut Sauce,Shaved Salad,"1 spring onion, finely sliced",1,,Spring Onion,finely sliced,
107f6d37-18f0-4984-a376-a38889a51a58|3|0,Thai Prawn Meatball Bowl with Spicy Peanut Sauce,To Serve,120g cooked sticky rice,120,g,Sticky Rice,,
107f6d37-18f0-4984-a376-a38889a51a58|3|1,Thai Prawn Meatball Bowl with Spicy Peanut Sauce,To Serve,"1/4 avocado, sliced",0.25,,Avocado,sliced,
107f6d37-18f0-4984-a376-a38889a51a58|3|2,Thai Prawn Meatball Bowl with Spicy Peanut Sauce,To Serve,Fresh coriander,,,Coriander,,
15de62d0-23e0-4497-9465-8279663b2436|0|0,Thai Red Curry Pot Roast Chicken,,1.8 kg whole chicken,1.8,kg,Chicken,,
15de62d0-23e0-4497-9465-8279663b2436|0|1,Thai Red Curry Pot Roast Chicken,,1 tsp cooking/kosher salt,1,tsp,Cooking,,
15de62d0-23e0-4497-9465-8279663b2436|0|2,Thai Red Curry Pot Roast Chicken,,3 tbsp vegetable oil,3,tbsp,Vegetable Oil,,
15de62d0-23e0-4497-9465-8279663b2436|0|3,Thai Red Curry Pot Roast Chicken,,115g (½ cup) Thai red curry paste (Maesri recommended),115,g,Thai Red Curry Paste,½ cup; Maesri recommended,
15de62d0-23e0-4497-9465-8279663b2436|0|4,Thai Red Curry Pot Roast Chicken,,2 large garlic cloves,2,,Garlic Clove,,
15de62d0-23e0-4497-9465-8279663b2436|0|5,Thai Red Curry Pot Roast Chicken,,2 tsp fresh ginger,2,tsp,Ginger,,
15de62d0-23e0-4497-9465-8279663b2436|0|6,Thai Red Curry Pot Roast Chicken,,"2 tsp fresh lemongrass, finely grated, white part only (sub 1 tbsp paste)",2,tsp,Lemongrass,"sub 1 tbsp paste; finely grated,  white part only",
15de62d0-23e0-4497-9465-8279663b2436|0|7,Thai Red Curry Pot Roast Chicken,,1 cup (250ml) low sodium chicken stock,1,cup,Low Sodium Chicken Stock,250ml,
15de62d0-23e0-4497-9465-8279663b2436|0|8,Thai Red Curry Pot Roast Chicken,,400ml coconut cream,400,ml,Coconut Cream,,
15de62d0-23e0-4497-9465-8279663b2436|0|9,Thai Red Curry Pot Roast Chicken,,"6 kaffir lime leaves, crushed in hand",6,,Kaffir Lime Leaves,crushed in hand,
15de62d0-23e0-4497-9465-8279663b2436|0|10,Thai Red Curry Pot Roast Chicken,,1 tbsp white sugar,1,tbsp,White Sugar,,
15de62d0-23e0-4497-9465-8279663b2436|0|11,Thai Red Curry Pot Roast Chicken,,2 tsp fish sauce,2,tsp,Fish Sauce,,
15de62d0-23e0-4497-9465-8279663b2436|0|12,Thai Red Curry Pot Roast Chicken,,"600g small potatoes, skin on",600,g,Brown Potatoes,skin on,
15de62d0-23e0-4497-9465-8279663b2436|0|13,Thai Red Curry Pot Roast Chicken,,"120g green beans, cut in half",120,g,Green Bean,cut in half,
15de62d0-23e0-4497-9465-8279663b2436|0|14,Thai Red Curry Pot Roast Chicken,,15+ Thai basil leaves (sub Italian basil),15,,Thai Basil,sub Italian basil,
f600107c-21f7-4ded-8f8b-514920c0b81d|0|0,Thai Style Chicken Satay,Chicken,"600g skinless boneless chicken thighs, cut into bite-sized pieces",600,g,Chicken Thigh,cut into bite-sized pieces,
f600107c-21f7-4ded-8f8b-514920c0b81d|0|1,Thai Style Chicken Satay,Chicken,2 tsp Thai red curry paste,2,tsp,Thai Red Curry Paste,,
f600107c-21f7-4ded-8f8b-514920c0b81d|0|2,Thai Style Chicken Satay,Chicken,1 tsp curry powder,1,tsp,Curry Powder,,
f600107c-21f7-4ded-8f8b-514920c0b81d|0|3,Thai Style Chicken Satay,Chicken,a drizzle of oil,,,Oil,,
f600107c-21f7-4ded-8f8b-514920c0b81d|0|4,Thai Style Chicken Satay,Chicken,salt,,,Salt,,
f600107c-21f7-4ded-8f8b-514920c0b81d|1|0,Thai Style Chicken Satay,Satay Sauce,2 tbsp peanut butter,2,tbsp,Peanut Butter,,
f600107c-21f7-4ded-8f8b-514920c0b81d|1|1,Thai Style Chicken Satay,Satay Sauce,1 tbsp Thai red curry paste,1,tbsp,Thai Red Curry Paste,,
f600107c-21f7-4ded-8f8b-514920c0b81d|1|2,Thai Style Chicken Satay,Satay Sauce,1 tbsp soy sauce,1,tbsp,Soy Sauce,,
f600107c-21f7-4ded-8f8b-514920c0b81d|1|3,Thai Style Chicken Satay,Satay Sauce,1 tbsp maple syrup,1,tbsp,Maple Syrup,,
f600107c-21f7-4ded-8f8b-514920c0b81d|1|4,Thai Style Chicken Satay,Satay Sauce,200ml coconut milk,200,ml,Coconut Milk,,
f600107c-21f7-4ded-8f8b-514920c0b81d|1|5,Thai Style Chicken Satay,Satay Sauce,1 tsp fish sauce (optional),1,tsp,Fish Sauce,optional,
f600107c-21f7-4ded-8f8b-514920c0b81d|1|6,Thai Style Chicken Satay,Satay Sauce,juice of ½ lime,,,Lime Juice,,
f600107c-21f7-4ded-8f8b-514920c0b81d|2|0,Thai Style Chicken Satay,For Serving,sticky rice,,,Sticky Rice,,
f600107c-21f7-4ded-8f8b-514920c0b81d|2|1,Thai Style Chicken Satay,For Serving,"quick pickled ribbons of cucumber and carrot (rice vinegar, maple syrup, salt)",,,Pickled Cucumber,"rice vinegar, maple syrup, salt",split
f600107c-21f7-4ded-8f8b-514920c0b81d|2|1-2,Thai Style Chicken Satay,For Serving,"quick pickled ribbons of cucumber and carrot (rice vinegar, maple syrup, salt)",,,Carrot,"rice vinegar, maple syrup, salt; (split — set qty)",split
f600107c-21f7-4ded-8f8b-514920c0b81d|2|2,Thai Style Chicken Satay,For Serving,spring onion,,,Spring Onion,,
f600107c-21f7-4ded-8f8b-514920c0b81d|2|3,Thai Style Chicken Satay,For Serving,red chilli,,,Red Chilli,,
67a799b6-1819-4860-8393-78879d5ce912|0|0,The Easiest Soy Chicken,,1.5 cups jasmine rice,1.5,cup,Jasmine Rice,,
67a799b6-1819-4860-8393-78879d5ce912|0|1,The Easiest Soy Chicken,,2 cups chicken stock,2,cup,Chicken Stock,,
67a799b6-1819-4860-8393-78879d5ce912|0|2,The Easiest Soy Chicken,,"2 pak choi, roughly chopped",2,,Pak Choi,roughly chopped,
67a799b6-1819-4860-8393-78879d5ce912|0|3,The Easiest Soy Chicken,,handful frozen edamame beans,1,handful,Edamame Bean,,
67a799b6-1819-4860-8393-78879d5ce912|0|4,The Easiest Soy Chicken,,"500g skinless boneless chicken thighs, diced",500,g,Chicken Thigh,diced,
67a799b6-1819-4860-8393-78879d5ce912|0|5,The Easiest Soy Chicken,,1 heaped tbsp dark soy sauce,1,tbsp,Dark Soy Sauce,heaped,
67a799b6-1819-4860-8393-78879d5ce912|0|6,The Easiest Soy Chicken,,2 tsp ginger & garlic paste (or use fresh),2,tsp,Ginger And Garlic Paste,or use fresh,
67a799b6-1819-4860-8393-78879d5ce912|0|7,The Easiest Soy Chicken,,½ tbsp rice vinegar,0.5,tbsp,Rice Vinegar,,
67a799b6-1819-4860-8393-78879d5ce912|0|8,The Easiest Soy Chicken,,1 tsp sesame oil,1,tsp,Sesame Oil,,
67a799b6-1819-4860-8393-78879d5ce912|0|9,The Easiest Soy Chicken,,¼ tsp white pepper,0.25,tsp,White Pepper,,
67a799b6-1819-4860-8393-78879d5ce912|0|10,The Easiest Soy Chicken,,"spring onions, coriander & sesame seeds to serve",,,Spring Onion,coriander & sesame seeds to serve,
b4546d6b-3657-4ae6-972d-84f4713aab01|0|0,Tiramisu Inspired Rice Cake Tower,Main,3 rice cakes,3,,Rice Cake,,
b4546d6b-3657-4ae6-972d-84f4713aab01|0|1,Tiramisu Inspired Rice Cake Tower,Main,100ml coffee (sweetened to taste),100,ml,Coffee,sweetened to taste,
b4546d6b-3657-4ae6-972d-84f4713aab01|0|2,Tiramisu Inspired Rice Cake Tower,Main,200g soy skyr,200,g,Soy Skyr,,
b4546d6b-3657-4ae6-972d-84f4713aab01|0|3,Tiramisu Inspired Rice Cake Tower,Main,Splash of plant-based milk,1,,Alternative Milk,,
b4546d6b-3657-4ae6-972d-84f4713aab01|0|4,Tiramisu Inspired Rice Cake Tower,Main,30g vegan protein powder,30,g,Vegan Protein Powder,,
b4546d6b-3657-4ae6-972d-84f4713aab01|0|5,Tiramisu Inspired Rice Cake Tower,Main,Baking cacao for topping,,,Baking Cacoa,,
ef222ac5-f64c-4a4e-ad1f-4143192107ef|0|0,Toffee Pecan Apple Crumble,Apples,6 apples (mix of sweet and tart e.g. Gala and Bramley),6,,Apple,mix of sweet and tart e.g. Gala and Bramley,
ef222ac5-f64c-4a4e-ad1f-4143192107ef|0|1,Toffee Pecan Apple Crumble,Apples,1 tbsp coconut oil,1,tbsp,Coconut Oil,,
ef222ac5-f64c-4a4e-ad1f-4143192107ef|0|2,Toffee Pecan Apple Crumble,Apples,1 tsp cinnamon,1,tsp,Cinnamon,,
ef222ac5-f64c-4a4e-ad1f-4143192107ef|0|3,Toffee Pecan Apple Crumble,Apples,Juice of 1/2 lemon,,,Juice,,
ef222ac5-f64c-4a4e-ad1f-4143192107ef|1|0,Toffee Pecan Apple Crumble,Date Toffee,"200g medjool dates, pitted",200,g,Medjool Date,pitted,
ef222ac5-f64c-4a4e-ad1f-4143192107ef|1|1,Toffee Pecan Apple Crumble,Date Toffee,2 heaped tbsp smooth peanut butter,2,tbsp,Smooth Peanut Butter,heaped,
ef222ac5-f64c-4a4e-ad1f-4143192107ef|1|2,Toffee Pecan Apple Crumble,Date Toffee,1 tsp vanilla extract,1,tsp,Vanilla Extract,,
ef222ac5-f64c-4a4e-ad1f-4143192107ef|1|3,Toffee Pecan Apple Crumble,Date Toffee,Pinch of flaky salt,1,pinch,Flakey Salt,,
ef222ac5-f64c-4a4e-ad1f-4143192107ef|2|0,Toffee Pecan Apple Crumble,Crumble,60g pecans,60,g,Pecans,,
ef222ac5-f64c-4a4e-ad1f-4143192107ef|2|1,Toffee Pecan Apple Crumble,Crumble,100g rolled oats,100,g,Rolled Oats,,
ef222ac5-f64c-4a4e-ad1f-4143192107ef|2|2,Toffee Pecan Apple Crumble,Crumble,60g flour,60,g,Plain Flour,,
ef222ac5-f64c-4a4e-ad1f-4143192107ef|2|3,Toffee Pecan Apple Crumble,Crumble,80g coconut oil,80,g,Coconut Oil,,
ef222ac5-f64c-4a4e-ad1f-4143192107ef|2|4,Toffee Pecan Apple Crumble,Crumble,1 tsp cinnamon,1,tsp,Cinnamon,,
ef222ac5-f64c-4a4e-ad1f-4143192107ef|2|5,Toffee Pecan Apple Crumble,Crumble,Pinch of flaky salt,1,pinch,Flakey Salt,,
ef222ac5-f64c-4a4e-ad1f-4143192107ef|2|6,Toffee Pecan Apple Crumble,Crumble,Vanilla ice cream to serve,,,Vanilla Ice Cream,to serve,
9b44ebcc-2f1c-4b6a-a1d7-98c1598f5af3|0|0,Tuna Avocado Wrap,Tunacado Filling,"1 tin tuna in spring water, drained",1,tin,Tuna In Spring Water,drained,
9b44ebcc-2f1c-4b6a-a1d7-98c1598f5af3|0|1,Tuna Avocado Wrap,Tunacado Filling,"1/4 small red onion, finely chopped",0.25,,Red Onion,finely chopped,
9b44ebcc-2f1c-4b6a-a1d7-98c1598f5af3|0|2,Tuna Avocado Wrap,Tunacado Filling,0.5 tbsp minced garlic,0.5,tbsp,Garlic,minced,
9b44ebcc-2f1c-4b6a-a1d7-98c1598f5af3|0|3,Tuna Avocado Wrap,Tunacado Filling,"1 small gherkin, finely chopped",1,,Gherkin,finely chopped,
9b44ebcc-2f1c-4b6a-a1d7-98c1598f5af3|0|4,Tuna Avocado Wrap,Tunacado Filling,1 tbsp pickle juice,1,tbsp,Pickle Juice,,
9b44ebcc-2f1c-4b6a-a1d7-98c1598f5af3|0|5,Tuna Avocado Wrap,Tunacado Filling,2 tbsp light mayonnaise,2,tbsp,Light Mayonnaise,,
9b44ebcc-2f1c-4b6a-a1d7-98c1598f5af3|0|6,Tuna Avocado Wrap,Tunacado Filling,"1 tbsp dill/parsley, finely chopped",1,tbsp,Dill,finely chopped,
9b44ebcc-2f1c-4b6a-a1d7-98c1598f5af3|0|7,Tuna Avocado Wrap,Tunacado Filling,0.5 tsp dijon mustard,0.5,tsp,Dijon Mustard,,
9b44ebcc-2f1c-4b6a-a1d7-98c1598f5af3|0|8,Tuna Avocado Wrap,Tunacado Filling,1 tbsp hot sauce,1,tbsp,Hot Sauce,,
9b44ebcc-2f1c-4b6a-a1d7-98c1598f5af3|0|9,Tuna Avocado Wrap,Tunacado Filling,Salt & black pepper to taste,,,Salt Black Pepper,to taste,
9b44ebcc-2f1c-4b6a-a1d7-98c1598f5af3|1|0,Tuna Avocado Wrap,Sandwich,1.5 tbsp green pesto,1.5,tbsp,Basil Pesto,,
9b44ebcc-2f1c-4b6a-a1d7-98c1598f5af3|1|1,Tuna Avocado Wrap,Sandwich,"Half an avocado, sliced",,,Avocado,sliced,
9b44ebcc-2f1c-4b6a-a1d7-98c1598f5af3|1|2,Tuna Avocado Wrap,Sandwich,Hot sauce (optional),,,Hot Sauce,optional,
9b44ebcc-2f1c-4b6a-a1d7-98c1598f5af3|1|3,Tuna Avocado Wrap,Sandwich,"1 small tomato, sliced",1,,Tomato,sliced,
9b44ebcc-2f1c-4b6a-a1d7-98c1598f5af3|1|4,Tuna Avocado Wrap,Sandwich,1 soft pitta,1,,White Pitta,,
43e999f7-3a1b-47ab-bde4-12cb2f187b5e|0|0,Tuna Chilli Crunch Salad,Main,"1/2 cucumber, sliced thinly",0.5,,Cucumber,sliced thinly,
43e999f7-3a1b-47ab-bde4-12cb2f187b5e|0|1,Tuna Chilli Crunch Salad,Main,"A handful of radishes, sliced thinly",1,handful,Radish,sliced thinly,
43e999f7-3a1b-47ab-bde4-12cb2f187b5e|0|2,Tuna Chilli Crunch Salad,Main,"1 tin tuna, drained",1,tin,Tuna,drained,
43e999f7-3a1b-47ab-bde4-12cb2f187b5e|0|3,Tuna Chilli Crunch Salad,Main,"1 large spring onion, finely diced",1,,Spring Onion,finely diced,
43e999f7-3a1b-47ab-bde4-12cb2f187b5e|0|4,Tuna Chilli Crunch Salad,Main,"1/2 medium avocado, diced",0.5,,Avocado,diced,
43e999f7-3a1b-47ab-bde4-12cb2f187b5e|0|5,Tuna Chilli Crunch Salad,Main,1 tbsp yoghurt,1,tbsp,Plain Yoghurt,,
43e999f7-3a1b-47ab-bde4-12cb2f187b5e|0|6,Tuna Chilli Crunch Salad,Main,1 tbsp garlic ginger paste,1,tbsp,Ginger And Garlic Paste,,
43e999f7-3a1b-47ab-bde4-12cb2f187b5e|0|7,Tuna Chilli Crunch Salad,Main,1 tbsp soy sauce,1,tbsp,Soy Sauce,,
43e999f7-3a1b-47ab-bde4-12cb2f187b5e|0|8,Tuna Chilli Crunch Salad,Main,Some chopped coriander (omit if you don't like),,,Coriander,omit if you don't like; chopped,
43e999f7-3a1b-47ab-bde4-12cb2f187b5e|0|9,Tuna Chilli Crunch Salad,Main,1 tsp toasted sesame oil,1,tsp,Sesame Oil,toasted,
43e999f7-3a1b-47ab-bde4-12cb2f187b5e|0|10,Tuna Chilli Crunch Salad,Main,2 heaped tbsp chickpeas,2,tbsp,Chickpeas,heaped,
43e999f7-3a1b-47ab-bde4-12cb2f187b5e|0|11,Tuna Chilli Crunch Salad,Main,Juice of 1/2 lime,,,Juice,,
43e999f7-3a1b-47ab-bde4-12cb2f187b5e|0|12,Tuna Chilli Crunch Salad,Main,Optional: chilli flakes and crispy chilli oil,,,Chilli Flakes,,split
43e999f7-3a1b-47ab-bde4-12cb2f187b5e|0|12-2,Tuna Chilli Crunch Salad,Main,Optional: chilli flakes and crispy chilli oil,,,Crispy Chilli Oil,(split — set qty),split
68f02130-74c9-433d-bb93-a871a7d39dde|0|0,Tuna Gnocchi Bake,Main,"1/2 red onion, finely diced",0.5,,Red Onion,finely diced,
68f02130-74c9-433d-bb93-a871a7d39dde|0|1,Tuna Gnocchi Bake,Main,"2 garlic cloves, finely chopped",2,,Garlic Clove,finely chopped,
68f02130-74c9-433d-bb93-a871a7d39dde|0|2,Tuna Gnocchi Bake,Main,"4 sun-dried tomatoes, finely chopped",4,,Sun-dried Tomatoes,finely chopped,
68f02130-74c9-433d-bb93-a871a7d39dde|0|3,Tuna Gnocchi Bake,Main,"2 roasted red peppers (jarred), chopped",2,,Red Bell Pepper,jarred; chopped,
68f02130-74c9-433d-bb93-a871a7d39dde|0|4,Tuna Gnocchi Bake,Main,1 tsp dried oregano,1,tsp,Oregano,,
68f02130-74c9-433d-bb93-a871a7d39dde|0|5,Tuna Gnocchi Bake,Main,1 tbsp harissa,1,tbsp,Harissa,,
68f02130-74c9-433d-bb93-a871a7d39dde|0|6,Tuna Gnocchi Bake,Main,1 tbsp tomato purée,1,tbsp,Tomato Puree,,
68f02130-74c9-433d-bb93-a871a7d39dde|0|7,Tuna Gnocchi Bake,Main,"Handful of olives, halved",1,handful,Olive,halved,
68f02130-74c9-433d-bb93-a871a7d39dde|0|8,Tuna Gnocchi Bake,Main,2 tins tuna,2,tin,Tuna,,
68f02130-74c9-433d-bb93-a871a7d39dde|0|9,Tuna Gnocchi Bake,Main,400g passata,400,g,Tomato Passata,,
68f02130-74c9-433d-bb93-a871a7d39dde|0|10,Tuna Gnocchi Bake,Main,500g gnocchi,500,g,Gnocchi,,
68f02130-74c9-433d-bb93-a871a7d39dde|0|11,Tuna Gnocchi Bake,Main,Grated parmesan,,,Parmesan,Grated,
cc78c8db-64b2-45c8-b9ee-5790ee61b228|0|0,Tuna Melt Sandwich,Tuna Salad,1 can of tuna,1,can,Tuna,,
cc78c8db-64b2-45c8-b9ee-5790ee61b228|0|1,Tuna Melt Sandwich,Tuna Salad,"Finely diced red onion, celery, and dill pickles",,,Red Onion,"Finely diced; celery,  and dill pickles",
cc78c8db-64b2-45c8-b9ee-5790ee61b228|0|2,Tuna Melt Sandwich,Tuna Salad,1 tbsp light mayo,1,tbsp,Light Mayonnaise,,
cc78c8db-64b2-45c8-b9ee-5790ee61b228|0|3,Tuna Melt Sandwich,Tuna Salad,1/2 avocado,0.5,,Avocado,,
cc78c8db-64b2-45c8-b9ee-5790ee61b228|0|4,Tuna Melt Sandwich,Tuna Salad,Splash of lemon juice,1,,Lemon Juice,,
cc78c8db-64b2-45c8-b9ee-5790ee61b228|0|5,Tuna Melt Sandwich,Tuna Salad,Salt and pepper to taste,,,Salt,to taste,split
cc78c8db-64b2-45c8-b9ee-5790ee61b228|0|5-2,Tuna Melt Sandwich,Tuna Salad,Salt and pepper to taste,,,Black Pepper,to taste; (split — set qty),split
cc78c8db-64b2-45c8-b9ee-5790ee61b228|0|6,Tuna Melt Sandwich,Tuna Salad,1 tsp garlic powder,1,tsp,Garlic Granules,,
cc78c8db-64b2-45c8-b9ee-5790ee61b228|0|7,Tuna Melt Sandwich,Tuna Salad,1 tsp dried dill,1,tsp,Dill,,
cc78c8db-64b2-45c8-b9ee-5790ee61b228|1|0,Tuna Melt Sandwich,Sandwich,2 slices of sourdough,2,slice,Sourdough,,
cc78c8db-64b2-45c8-b9ee-5790ee61b228|1|1,Tuna Melt Sandwich,Sandwich,Hummus,,,Hummus,,
cc78c8db-64b2-45c8-b9ee-5790ee61b228|1|2,Tuna Melt Sandwich,Sandwich,Sliced tomato,,,Tomato,Sliced,
cc78c8db-64b2-45c8-b9ee-5790ee61b228|1|3,Tuna Melt Sandwich,Sandwich,Cheddar cheese,,,Cheddar Cheese,,
82ec8921-3d4e-44c2-880c-f8c16bc1af36|0|0,Tuna Salad Meal Prep,Main,4 x 5oz cans tuna in water,4,,Tuna In Water,,
82ec8921-3d4e-44c2-880c-f8c16bc1af36|0|1,Tuna Salad Meal Prep,Main,"1-2 medium stalks celery (40-80g), finely chopped",1,,Celery,40-80g; range; finely chopped,
82ec8921-3d4e-44c2-880c-f8c16bc1af36|0|2,Tuna Salad Meal Prep,Main,"1/4 cup red onion (28g), finely chopped",0.25,cup,Red Onion,28g; finely chopped,
82ec8921-3d4e-44c2-880c-f8c16bc1af36|0|3,Tuna Salad Meal Prep,Main,"4-5 baby dill pickles, chopped",4,,Dill Pickle,range; chopped,
82ec8921-3d4e-44c2-880c-f8c16bc1af36|0|4,Tuna Salad Meal Prep,Main,1/2 cup miracle whip (120g) or mayo,0.5,cup,Miracle Whip,120g; or mayo,
82ec8921-3d4e-44c2-880c-f8c16bc1af36|0|5,Tuna Salad Meal Prep,Main,1/2 cup non fat plain Greek yogurt (113g),0.5,cup,Non-fat Greek Yoghurt,113g,
82ec8921-3d4e-44c2-880c-f8c16bc1af36|0|6,Tuna Salad Meal Prep,Main,Salt and pepper to taste,,,Salt,to taste,split
82ec8921-3d4e-44c2-880c-f8c16bc1af36|0|6-2,Tuna Salad Meal Prep,Main,Salt and pepper to taste,,,Black Pepper,to taste; (split — set qty),split
82ec8921-3d4e-44c2-880c-f8c16bc1af36|0|7,Tuna Salad Meal Prep,Main,1-2 tbsp dill,1,tbsp,Dill,range,
82ec8921-3d4e-44c2-880c-f8c16bc1af36|0|8,Tuna Salad Meal Prep,Main,1-2 tbsp chives,1,tbsp,Chives,range,
02a298aa-2a3d-48a2-a13f-40c4c712791c|0|0,Turkey Burgers,,1 lb lean ground turkey (99/1 for maximum protein),1,lb,Lean Turkey,99/1 for maximum protein,
02a298aa-2a3d-48a2-a13f-40c4c712791c|0|1,Turkey Burgers,,1 large egg,1,,Egg,,
02a298aa-2a3d-48a2-a13f-40c4c712791c|0|2,Turkey Burgers,,1 tbsp olive oil (14g),1,tbsp,Olive Oil,14g,
02a298aa-2a3d-48a2-a13f-40c4c712791c|0|3,Turkey Burgers,,1 tbsp Worcestershire sauce (15g),1,tbsp,Worcestershire Sauce,15g,
02a298aa-2a3d-48a2-a13f-40c4c712791c|0|4,Turkey Burgers,,"½ tsp each: salt, pepper, garlic powder, smoked paprika",0.5,tsp,Salt,"pepper,  garlic powder,  smoked paprika",
02a298aa-2a3d-48a2-a13f-40c4c712791c|0|5,Turkey Burgers,,"¼ cup green onions (18g), chopped",0.25,cup,Green Onion,18g; chopped,
3f719bee-09d6-4de9-be72-a50e8ad3266c|0|0,Turkey Taco Scramble,Eggs,"8 large eggs, beaten",8,,Egg,beaten,
3f719bee-09d6-4de9-be72-a50e8ad3266c|0|1,Turkey Taco Scramble,Eggs,¼ tsp adobo seasoning salt,0.25,tsp,Adobo Seasoning Salt,,
3f719bee-09d6-4de9-be72-a50e8ad3266c|0|2,Turkey Taco Scramble,Eggs,½ cup reduced fat Mexican blend shredded cheese (omit or sub DF cheese to keep DF),0.5,cup,Reduced Fat Mexican Blend Cheese,omit or sub DF cheese to keep DF,
3f719bee-09d6-4de9-be72-a50e8ad3266c|1|0,Turkey Taco Scramble,Turkey Taco Meat,450g (1 lb) 99% lean ground turkey,450,g,Lean Turkey,1 lb,
3f719bee-09d6-4de9-be72-a50e8ad3266c|1|1,Turkey Taco Scramble,Turkey Taco Meat,2 tbsp taco seasoning (check GF),2,tbsp,Taco Seasoning,check GF,
3f719bee-09d6-4de9-be72-a50e8ad3266c|1|2,Turkey Taco Scramble,Turkey Taco Meat,"½ small onion, minced",0.5,,Yellow Onion,minced,
3f719bee-09d6-4de9-be72-a50e8ad3266c|1|3,Turkey Taco Scramble,Turkey Taco Meat,"2 tbsp bell pepper, minced",2,tbsp,Bell Pepper,minced,
3f719bee-09d6-4de9-be72-a50e8ad3266c|1|4,Turkey Taco Scramble,Turkey Taco Meat,115g (4oz) tin tomato sauce,115,g,Ketchup,4oz,
3f719bee-09d6-4de9-be72-a50e8ad3266c|1|5,Turkey Taco Scramble,Turkey Taco Meat,¼ cup water,0.25,cup,Water,,
3f719bee-09d6-4de9-be72-a50e8ad3266c|2|0,Turkey Taco Scramble,Potatoes,"450g sweet potato, quartered",450,g,Sweet Potato,quartered,
3f719bee-09d6-4de9-be72-a50e8ad3266c|2|1,Turkey Taco Scramble,Potatoes,4 tsp olive oil,4,tsp,Olive Oil,,
3f719bee-09d6-4de9-be72-a50e8ad3266c|2|2,Turkey Taco Scramble,Potatoes,¾ tsp salt,0.75,tsp,Salt,,
3f719bee-09d6-4de9-be72-a50e8ad3266c|2|3,Turkey Taco Scramble,Potatoes,½ tsp garlic powder,0.5,tsp,Garlic Granules,,
3f719bee-09d6-4de9-be72-a50e8ad3266c|2|4,Turkey Taco Scramble,Potatoes,Fresh black pepper,,,Black Pepper,,
3f719bee-09d6-4de9-be72-a50e8ad3266c|3|0,Turkey Taco Scramble,Homemade Taco Seasoning,1 tsp garlic powder,1,tsp,Garlic Granules,,
3f719bee-09d6-4de9-be72-a50e8ad3266c|3|1,Turkey Taco Scramble,Homemade Taco Seasoning,1 tsp cumin,1,tsp,Cumin,,
3f719bee-09d6-4de9-be72-a50e8ad3266c|3|2,Turkey Taco Scramble,Homemade Taco Seasoning,1 tsp kosher salt,1,tsp,Kosher Salt,,
3f719bee-09d6-4de9-be72-a50e8ad3266c|3|3,Turkey Taco Scramble,Homemade Taco Seasoning,1 tsp chilli powder,1,tsp,Chilli Powder,,
3f719bee-09d6-4de9-be72-a50e8ad3266c|3|4,Turkey Taco Scramble,Homemade Taco Seasoning,1 tsp paprika,1,tsp,Paprika,,
3f719bee-09d6-4de9-be72-a50e8ad3266c|3|5,Turkey Taco Scramble,Homemade Taco Seasoning,½ tsp oregano,0.5,tsp,Oregano,,
3f719bee-09d6-4de9-be72-a50e8ad3266c|4|0,Turkey Taco Scramble,To Serve,¼ cup chopped scallions or coriander,0.25,cup,Scallion,or coriander; chopped,
3f719bee-09d6-4de9-be72-a50e8ad3266c|4|1,Turkey Taco Scramble,To Serve,Salsa,,,Salsa,,
3f719bee-09d6-4de9-be72-a50e8ad3266c|4|2,Turkey Taco Scramble,To Serve,Avocado,,,Avocado,,
3f719bee-09d6-4de9-be72-a50e8ad3266c|4|3,Turkey Taco Scramble,To Serve,Yoghurt / sour cream,,,Plain Yoghurt,,
3f719bee-09d6-4de9-be72-a50e8ad3266c|4|4,Turkey Taco Scramble,To Serve,Pickled onions,,,Pickled Onion,,
3f719bee-09d6-4de9-be72-a50e8ad3266c|4|5,Turkey Taco Scramble,To Serve,Pickled jalapeno,,,Pickled Jalapeño,,
22049488-1d4c-4d15-b4ee-35e64823061e|0|0,Tuscan-Style Chicken Meatballs & Baby Mushrooms,,500g chicken mince,500,g,Chicken Mince,,
22049488-1d4c-4d15-b4ee-35e64823061e|0|1,Tuscan-Style Chicken Meatballs & Baby Mushrooms,,1 onion (or 2 shallots),1,,Yellow Onion,or 2 shallots,
22049488-1d4c-4d15-b4ee-35e64823061e|0|2,Tuscan-Style Chicken Meatballs & Baby Mushrooms,,10–12 sundried tomatoes in oil,10,,Sun-dried Tomatoes,range,
22049488-1d4c-4d15-b4ee-35e64823061e|0|3,Tuscan-Style Chicken Meatballs & Baby Mushrooms,,2 punnets baby mushrooms,2,punnet,Mushroom,,
22049488-1d4c-4d15-b4ee-35e64823061e|0|4,Tuscan-Style Chicken Meatballs & Baby Mushrooms,,1 tsp dried parsley,1,tsp,Parsley,,
22049488-1d4c-4d15-b4ee-35e64823061e|0|5,Tuscan-Style Chicken Meatballs & Baby Mushrooms,,1 tsp sweet paprika,1,tsp,Sweet Paprika,,
22049488-1d4c-4d15-b4ee-35e64823061e|0|6,Tuscan-Style Chicken Meatballs & Baby Mushrooms,,1 slice white bread (blitzed to breadcrumbs),1,slice,White Bread,blitzed to breadcrumbs,
22049488-1d4c-4d15-b4ee-35e64823061e|0|7,Tuscan-Style Chicken Meatballs & Baby Mushrooms,,2 garlic cloves,2,,Garlic Clove,,
22049488-1d4c-4d15-b4ee-35e64823061e|0|8,Tuscan-Style Chicken Meatballs & Baby Mushrooms,,0.5 tsp sugar,0.5,tsp,Sugar,,
22049488-1d4c-4d15-b4ee-35e64823061e|0|9,Tuscan-Style Chicken Meatballs & Baby Mushrooms,,1 tin chopped tomatoes,1,tin,Tomatoes,chopped,
22049488-1d4c-4d15-b4ee-35e64823061e|0|10,Tuscan-Style Chicken Meatballs & Baby Mushrooms,,250ml cream (oat cream works),250,ml,Cream,oat cream works,
22049488-1d4c-4d15-b4ee-35e64823061e|0|11,Tuscan-Style Chicken Meatballs & Baby Mushrooms,,handful fresh parsley,1,handful,Parsley,,
22049488-1d4c-4d15-b4ee-35e64823061e|0|12,Tuscan-Style Chicken Meatballs & Baby Mushrooms,,salt & pepper,,,Salt Pepper,,
9abf33d7-cada-48bd-8efb-36556a2f8de2|0|0,Ultimate Christmas Pasta Salad,Pasta Salad,120g dry-weight pasta,120,g,Pasta,,
9abf33d7-cada-48bd-8efb-36556a2f8de2|0|1,Ultimate Christmas Pasta Salad,Pasta Salad,4 slices smoked streaky bacon,4,slice,Smoked Streaky Bacon,,
9abf33d7-cada-48bd-8efb-36556a2f8de2|0|2,Ultimate Christmas Pasta Salad,Pasta Salad,120g shredded turkey or chicken,120,g,Turkey,or chicken; shredded,
9abf33d7-cada-48bd-8efb-36556a2f8de2|0|3,Ultimate Christmas Pasta Salad,Pasta Salad,2 tbsp dried cranberries,2,tbsp,Cranberry,,
9abf33d7-cada-48bd-8efb-36556a2f8de2|0|4,Ultimate Christmas Pasta Salad,Pasta Salad,80g crumbled stilton,80,g,Stilton,crumbled,
9abf33d7-cada-48bd-8efb-36556a2f8de2|0|5,Ultimate Christmas Pasta Salad,Pasta Salad,handful of rocket,1,handful,Rocket,,
9abf33d7-cada-48bd-8efb-36556a2f8de2|1|0,Ultimate Christmas Pasta Salad,Breadcrumb Topping,60g granary breadcrumbs (blitzed from granary bread),60,g,Granary Breadcrumb,blitzed from granary bread,
9abf33d7-cada-48bd-8efb-36556a2f8de2|1|1,Ultimate Christmas Pasta Salad,Breadcrumb Topping,1 banana shallot,1,,Banana Shallot,,
9abf33d7-cada-48bd-8efb-36556a2f8de2|1|2,Ultimate Christmas Pasta Salad,Breadcrumb Topping,"handful walnuts, chopped",1,handful,Walnut,chopped,
9abf33d7-cada-48bd-8efb-36556a2f8de2|2|0,Ultimate Christmas Pasta Salad,Dressing,1 tsp Dijon mustard (or wholegrain),1,tsp,Dijon Mustard,or wholegrain,
9abf33d7-cada-48bd-8efb-36556a2f8de2|2|1,Ultimate Christmas Pasta Salad,Dressing,1 tbsp honey,1,tbsp,Honey,,
9abf33d7-cada-48bd-8efb-36556a2f8de2|2|2,Ultimate Christmas Pasta Salad,Dressing,2 tbsp red wine vinegar,2,tbsp,Red Wine Vinegar,,
9abf33d7-cada-48bd-8efb-36556a2f8de2|2|3,Ultimate Christmas Pasta Salad,Dressing,1 heaped tbsp Greek yoghurt or mayo,1,tbsp,Greek Yoghurt,heaped; or mayo,
9abf33d7-cada-48bd-8efb-36556a2f8de2|2|4,Ultimate Christmas Pasta Salad,Dressing,pinch salt and pepper,1,pinch,Salt,,split
9abf33d7-cada-48bd-8efb-36556a2f8de2|2|4-2,Ultimate Christmas Pasta Salad,Dressing,pinch salt and pepper,,,Black Pepper,(split — set qty),split
9abf33d7-cada-48bd-8efb-36556a2f8de2|2|5,Ultimate Christmas Pasta Salad,Dressing,1–2 tbsp reserved pasta water,1,tbsp,Reserved Pasta Water,range,
49108bee-8400-4e0a-8597-4492b3b28b8e|0|0,Vegan Blueberry Protein Pancakes with Sticky Toffee Sauce,Pancakes,¾ cup plain flour (sub GF plain flour or oat flour to keep GF),0.75,cup,Plain Flour,sub GF plain flour or oat flour to keep GF,
49108bee-8400-4e0a-8597-4492b3b28b8e|0|1,Vegan Blueberry Protein Pancakes with Sticky Toffee Sauce,Pancakes,1 scoop vanilla protein powder,1,scoop,Vanilla Protein Powder,,
49108bee-8400-4e0a-8597-4492b3b28b8e|0|2,Vegan Blueberry Protein Pancakes with Sticky Toffee Sauce,Pancakes,1 tbsp baking powder,1,tbsp,Baking Powder,,
49108bee-8400-4e0a-8597-4492b3b28b8e|0|3,Vegan Blueberry Protein Pancakes with Sticky Toffee Sauce,Pancakes,1 tbsp agave syrup,1,tbsp,Agave Syrup,,
49108bee-8400-4e0a-8597-4492b3b28b8e|0|4,Vegan Blueberry Protein Pancakes with Sticky Toffee Sauce,Pancakes,1 tsp vanilla,1,tsp,Vanilla,,
49108bee-8400-4e0a-8597-4492b3b28b8e|0|5,Vegan Blueberry Protein Pancakes with Sticky Toffee Sauce,Pancakes,1 tsp apple cider vinegar,1,tsp,Apple Cider Vinegar,,
49108bee-8400-4e0a-8597-4492b3b28b8e|0|6,Vegan Blueberry Protein Pancakes with Sticky Toffee Sauce,Pancakes,Approx. 1 cup milk of choice,1,cup,Milk Choice,,
49108bee-8400-4e0a-8597-4492b3b28b8e|0|7,Vegan Blueberry Protein Pancakes with Sticky Toffee Sauce,Pancakes,Pinch cinnamon,1,pinch,Cinnamon,,
49108bee-8400-4e0a-8597-4492b3b28b8e|0|8,Vegan Blueberry Protein Pancakes with Sticky Toffee Sauce,Pancakes,Pinch salt,1,pinch,Salt,,
49108bee-8400-4e0a-8597-4492b3b28b8e|0|9,Vegan Blueberry Protein Pancakes with Sticky Toffee Sauce,Pancakes,Frozen blueberries,,,Blueberry,,
49108bee-8400-4e0a-8597-4492b3b28b8e|1|0,Vegan Blueberry Protein Pancakes with Sticky Toffee Sauce,Sticky Toffee Sauce,1 tbsp nut butter,1,tbsp,Nut Butter,,
49108bee-8400-4e0a-8597-4492b3b28b8e|1|1,Vegan Blueberry Protein Pancakes with Sticky Toffee Sauce,Sticky Toffee Sauce,1 tbsp maple or agave syrup,1,tbsp,Maple Syrup,or agave syrup,
49108bee-8400-4e0a-8597-4492b3b28b8e|1|2,Vegan Blueberry Protein Pancakes with Sticky Toffee Sauce,Sticky Toffee Sauce,Dash cinnamon and ginger,1,dash,Cinnamon,,split
49108bee-8400-4e0a-8597-4492b3b28b8e|1|2-2,Vegan Blueberry Protein Pancakes with Sticky Toffee Sauce,Sticky Toffee Sauce,Dash cinnamon and ginger,,,Ginger,(split — set qty),split
49108bee-8400-4e0a-8597-4492b3b28b8e|1|3,Vegan Blueberry Protein Pancakes with Sticky Toffee Sauce,Sticky Toffee Sauce,Pinch salt,1,pinch,Salt,,
49108bee-8400-4e0a-8597-4492b3b28b8e|1|4,Vegan Blueberry Protein Pancakes with Sticky Toffee Sauce,Sticky Toffee Sauce,Milk to thin,,,Milk,,
a075d975-447b-4f4d-b7b7-0e1a11e7cfd6|0|0,Vegan Chocolate Brownie Pancakes,Batter,225ml soy milk (~1 cup),225,ml,Soya Milk,~1 cup,
a075d975-447b-4f4d-b7b7-0e1a11e7cfd6|0|1,Vegan Chocolate Brownie Pancakes,Batter,1 tbsp apple cider vinegar (or white vinegar),1,tbsp,Apple Cider Vinegar,or white vinegar,
a075d975-447b-4f4d-b7b7-0e1a11e7cfd6|0|2,Vegan Chocolate Brownie Pancakes,Batter,100g flour (sub GF plain flour or oat flour to keep GF — 0.8 cups),100,g,Plain Flour,sub GF plain flour or oat flour to keep GF — 0.8 cups,
a075d975-447b-4f4d-b7b7-0e1a11e7cfd6|0|3,Vegan Chocolate Brownie Pancakes,Batter,25g cacao powder (~¼ cup),25,g,Cacao Powder,~¼ cup,
a075d975-447b-4f4d-b7b7-0e1a11e7cfd6|0|4,Vegan Chocolate Brownie Pancakes,Batter,1 tsp baking powder,1,tsp,Baking Powder,,
a075d975-447b-4f4d-b7b7-0e1a11e7cfd6|0|5,Vegan Chocolate Brownie Pancakes,Batter,1 tsp vanilla,1,tsp,Vanilla,,
a075d975-447b-4f4d-b7b7-0e1a11e7cfd6|0|6,Vegan Chocolate Brownie Pancakes,Batter,Pinch of salt,1,pinch,Salt,,
a075d975-447b-4f4d-b7b7-0e1a11e7cfd6|0|7,Vegan Chocolate Brownie Pancakes,Batter,2 tbsp maple syrup,2,tbsp,Maple Syrup,,
a075d975-447b-4f4d-b7b7-0e1a11e7cfd6|0|8,Vegan Chocolate Brownie Pancakes,Batter,1 tbsp vegetable oil,1,tbsp,Vegetable Oil,,
bbfa4a73-1d92-4ad8-994c-8292698c5545|0|0,Vegan Chocolate Cake Baked Oats,Batter,60g oats,60,g,Oats,,
bbfa4a73-1d92-4ad8-994c-8292698c5545|0|1,Vegan Chocolate Cake Baked Oats,Batter,10g vegan vanilla protein powder,10,g,Vegan Vanilla Protein Powder,,
bbfa4a73-1d92-4ad8-994c-8292698c5545|0|2,Vegan Chocolate Cake Baked Oats,Batter,1 tsp raw cacao powder,1,tsp,Cacao Powder,,
bbfa4a73-1d92-4ad8-994c-8292698c5545|0|3,Vegan Chocolate Cake Baked Oats,Batter,1 tsp baking powder,1,tsp,Baking Powder,,
bbfa4a73-1d92-4ad8-994c-8292698c5545|0|4,Vegan Chocolate Cake Baked Oats,Batter,100ml almond or milk of choice,100,ml,Almond,or milk of choice,
bbfa4a73-1d92-4ad8-994c-8292698c5545|0|5,Vegan Chocolate Cake Baked Oats,Batter,40g vegan yoghurt,40,g,Vegan Yoghurt,,
bbfa4a73-1d92-4ad8-994c-8292698c5545|1|0,Vegan Chocolate Cake Baked Oats,Fold-in & Topping,Chocolate chips or chunks,,,Chocolate Chip,or chunks,
bbfa4a73-1d92-4ad8-994c-8292698c5545|1|1,Vegan Chocolate Cake Baked Oats,Fold-in & Topping,Extra milk for pouring over,,,Milk Pouring Over,,
5ebdd5bb-297b-4af3-940b-42325dcf1535|0|0,Vegan Chocolate Fudge Cake Oats,Cake,1 egg (or ½ flax egg to make vegan),1,,Egg,or ½ flax egg to make vegan,
5ebdd5bb-297b-4af3-940b-42325dcf1535|0|1,Vegan Chocolate Fudge Cake Oats,Cake,1 tbsp yoghurt (use dairy-free soya or coconut yoghurt),1,tbsp,Plain Yoghurt,use dairy-free soya or coconut yoghurt,
5ebdd5bb-297b-4af3-940b-42325dcf1535|0|2,Vegan Chocolate Fudge Cake Oats,Cake,1 tbsp cocoa powder,1,tbsp,Cocoa Powder,,
5ebdd5bb-297b-4af3-940b-42325dcf1535|0|3,Vegan Chocolate Fudge Cake Oats,Cake,40g oat flour,40,g,Oat Flour,,
5ebdd5bb-297b-4af3-940b-42325dcf1535|0|4,Vegan Chocolate Fudge Cake Oats,Cake,2 tbsp protein powder,2,tbsp,Protein Powder,,
5ebdd5bb-297b-4af3-940b-42325dcf1535|0|5,Vegan Chocolate Fudge Cake Oats,Cake,½ tsp baking powder,0.5,tsp,Baking Powder,,
5ebdd5bb-297b-4af3-940b-42325dcf1535|0|6,Vegan Chocolate Fudge Cake Oats,Cake,80–90ml milk of choice,80,ml,Milk Choice,range,
5ebdd5bb-297b-4af3-940b-42325dcf1535|1|0,Vegan Chocolate Fudge Cake Oats,Topping,Yoghurt (dairy-free),,,Plain Yoghurt,dairy-free,
5ebdd5bb-297b-4af3-940b-42325dcf1535|1|1,Vegan Chocolate Fudge Cake Oats,Topping,Maple syrup,,,Maple Syrup,,
5ebdd5bb-297b-4af3-940b-42325dcf1535|1|2,Vegan Chocolate Fudge Cake Oats,Topping,Cocoa powder,,,Cocoa Powder,,
c6a9663b-edbb-4e17-9e22-8148dd4dbb53|0|0,Vegan Protein Waffles,Batter,½ cup flour (sub GF plain flour or oat flour to keep GF),0.5,cup,Plain Flour,sub GF plain flour or oat flour to keep GF,
c6a9663b-edbb-4e17-9e22-8148dd4dbb53|0|1,Vegan Protein Waffles,Batter,¼ cup oats,0.25,cup,Oats,,
c6a9663b-edbb-4e17-9e22-8148dd4dbb53|0|2,Vegan Protein Waffles,Batter,1 tbsp sugar,1,tbsp,Sugar,,
c6a9663b-edbb-4e17-9e22-8148dd4dbb53|0|3,Vegan Protein Waffles,Batter,½ tbsp baking powder,0.5,tbsp,Baking Powder,,
c6a9663b-edbb-4e17-9e22-8148dd4dbb53|0|4,Vegan Protein Waffles,Batter,1 cup plant milk,1,cup,Alternative Milk,,
c6a9663b-edbb-4e17-9e22-8148dd4dbb53|0|5,Vegan Protein Waffles,Batter,⅛ cup coconut oil,0.125,cup,Coconut Oil,,
c6a9663b-edbb-4e17-9e22-8148dd4dbb53|0|6,Vegan Protein Waffles,Batter,¼ cup vanilla protein powder,0.25,cup,Vanilla Protein Powder,,
c6a9663b-edbb-4e17-9e22-8148dd4dbb53|1|0,Vegan Protein Waffles,Topping,Dairy-free yoghurt,,,Dairy-free Yoghurt,,
c6a9663b-edbb-4e17-9e22-8148dd4dbb53|1|1,Vegan Protein Waffles,Topping,Fresh or frozen berries,,,Berry,or frozen berries,
5bf0af52-b6c6-4949-85a0-88f51fde25b9|0|0,Vegan Tahini Brownies,Main,2 tbsp flax meal,2,tbsp,Milled Flaxseed,,
5bf0af52-b6c6-4949-85a0-88f51fde25b9|0|1,Vegan Tahini Brownies,Main,1/4 cup water,0.25,cup,Water,,
5bf0af52-b6c6-4949-85a0-88f51fde25b9|0|2,Vegan Tahini Brownies,Main,3/4 cup tahini,0.75,cup,Tahini,,
5bf0af52-b6c6-4949-85a0-88f51fde25b9|0|3,Vegan Tahini Brownies,Main,1/4 cup maple syrup,0.25,cup,Maple Syrup,,
5bf0af52-b6c6-4949-85a0-88f51fde25b9|0|4,Vegan Tahini Brownies,Main,1/2 cup brown sugar,0.5,cup,Brown Sugar,,
5bf0af52-b6c6-4949-85a0-88f51fde25b9|0|5,Vegan Tahini Brownies,Main,1 tsp vanilla extract,1,tsp,Vanilla Extract,,
5bf0af52-b6c6-4949-85a0-88f51fde25b9|0|6,Vegan Tahini Brownies,Main,100g dairy-free dark chocolate,100,g,Dairy-free Dark Chocolate,,
5bf0af52-b6c6-4949-85a0-88f51fde25b9|0|7,Vegan Tahini Brownies,Main,1/2 cup plain flour,0.5,cup,Plain Flour,,
5bf0af52-b6c6-4949-85a0-88f51fde25b9|0|8,Vegan Tahini Brownies,Main,1/3 cup cocoa powder,0.333,cup,Cocoa Powder,,
5bf0af52-b6c6-4949-85a0-88f51fde25b9|0|9,Vegan Tahini Brownies,Main,1 tsp baking soda,1,tsp,Baking Soda,,
5bf0af52-b6c6-4949-85a0-88f51fde25b9|0|10,Vegan Tahini Brownies,Main,Pinch of salt,1,pinch,Salt,,
93f977ef-c14f-4462-810a-272468c36115|0|0,Vietnamese Chicken & Noodle Bowls,Chicken,600g skinless chicken thighs,600,g,Chicken Thigh,,
93f977ef-c14f-4462-810a-272468c36115|0|1,Vietnamese Chicken & Noodle Bowls,Chicken,1–2 tablespoons dark soy sauce,1,tbsp,Dark Soy Sauce,range,
93f977ef-c14f-4462-810a-272468c36115|0|2,Vietnamese Chicken & Noodle Bowls,Chicken,"1 clove garlic, finely chopped",1,clove,Garlic,finely chopped,
93f977ef-c14f-4462-810a-272468c36115|0|3,Vietnamese Chicken & Noodle Bowls,Chicken,1 teaspoon honey,1,tsp,Honey,,
93f977ef-c14f-4462-810a-272468c36115|0|4,Vietnamese Chicken & Noodle Bowls,Chicken,1 teaspoon corn flour,1,tsp,Cornstarch,,
93f977ef-c14f-4462-810a-272468c36115|1|0,Vietnamese Chicken & Noodle Bowls,Noodle Bowl,"270g vermicelli noodles, somen or soba noodles",270,g,Vermicelli Rice Noodles,or soba noodles; somen,
93f977ef-c14f-4462-810a-272468c36115|1|1,Vietnamese Chicken & Noodle Bowls,Noodle Bowl,"2 Lebanese cucumbers, sliced into rounds",2,,Lebanese Cucumber,sliced into rounds,
93f977ef-c14f-4462-810a-272468c36115|1|2,Vietnamese Chicken & Noodle Bowls,Noodle Bowl,"2 carrots, grated or julienned",2,,Carrot,or julienned; grated,
93f977ef-c14f-4462-810a-272468c36115|1|3,Vietnamese Chicken & Noodle Bowls,Noodle Bowl,"4 spring onions, thinly sliced",4,,Spring Onion,thinly sliced,
93f977ef-c14f-4462-810a-272468c36115|1|4,Vietnamese Chicken & Noodle Bowls,Noodle Bowl,"1 cup red cabbage, very thinly shredded",1,cup,Purple Cabbage,very thinly shredded,
93f977ef-c14f-4462-810a-272468c36115|1|5,Vietnamese Chicken & Noodle Bowls,Noodle Bowl,"1 cup coriander, finely chopped",1,cup,Coriander,finely chopped,
93f977ef-c14f-4462-810a-272468c36115|1|6,Vietnamese Chicken & Noodle Bowls,Noodle Bowl,"1 cup mint, finely chopped",1,cup,Mint,finely chopped,
93f977ef-c14f-4462-810a-272468c36115|1|7,Vietnamese Chicken & Noodle Bowls,Noodle Bowl,"½ cup cashews, crushed",0.5,cup,Cashew,crushed,
93f977ef-c14f-4462-810a-272468c36115|2|0,Vietnamese Chicken & Noodle Bowls,Nuoc Mam Dressing,2 tablespoons fish sauce,2,tbsp,Fish Sauce,,
93f977ef-c14f-4462-810a-272468c36115|2|1,Vietnamese Chicken & Noodle Bowls,Nuoc Mam Dressing,2 tablespoons lime juice,2,tbsp,Lime Juice,,
93f977ef-c14f-4462-810a-272468c36115|2|2,Vietnamese Chicken & Noodle Bowls,Nuoc Mam Dressing,1 tablespoon rice vinegar,1,tbsp,Rice Vinegar,,
93f977ef-c14f-4462-810a-272468c36115|2|3,Vietnamese Chicken & Noodle Bowls,Nuoc Mam Dressing,1 tablespoon brown sugar or coconut sugar,1,tbsp,Brown Sugar,or coconut sugar,
93f977ef-c14f-4462-810a-272468c36115|2|4,Vietnamese Chicken & Noodle Bowls,Nuoc Mam Dressing,"1 garlic clove, finely minced",1,,Garlic Clove,finely minced,
93f977ef-c14f-4462-810a-272468c36115|2|5,Vietnamese Chicken & Noodle Bowls,Nuoc Mam Dressing,"1 small red chilli, finely chopped (optional)",1,,Red Chilli,optional; finely chopped,
93f977ef-c14f-4462-810a-272468c36115|2|6,Vietnamese Chicken & Noodle Bowls,Nuoc Mam Dressing,2 tablespoons water (to taste),2,tbsp,Water,to taste,
e3817a54-4aca-4158-85dd-8f024ece17e2|0|0,Vietnamese Lettuce Wraps with Peanut Sauce,Lettuce Cups,"300g / 10oz peeled whole cooked prawns/shrimp, split in half horizontally, poop short removed",300,g,Prawn,"peeled; split in half horizontally,  poop short removed",
e3817a54-4aca-4158-85dd-8f024ece17e2|0|1,Vietnamese Lettuce Wraps with Peanut Sauce,Lettuce Cups,75g / 2.5oz dried vermicelli noodles (or glass noodles or rice),75,g,Vermicelli Rice Noodles,or glass noodles or rice,
e3817a54-4aca-4158-85dd-8f024ece17e2|0|2,Vietnamese Lettuce Wraps with Peanut Sauce,Lettuce Cups,"12 large or 16-20 small lettuce leaves (baby cos/romaine, iceberg or butter lettuce)",12,,Lettuce,"baby cos/romaine, iceberg or butter lettuce; or 16-20 small lettuce leaves",
e3817a54-4aca-4158-85dd-8f024ece17e2|1|0,Vietnamese Lettuce Wraps with Peanut Sauce,Veg and Herbs,1 batch quick pickled carrots and daikon (see below) OR 2 carrots finely julienned,1,,Pickled Carrot,see below; or 2 carrots finely julienned,split
e3817a54-4aca-4158-85dd-8f024ece17e2|1|0-2,Vietnamese Lettuce Wraps with Peanut Sauce,Veg and Herbs,1 batch quick pickled carrots and daikon (see below) OR 2 carrots finely julienned,,,Daikon,see below; or 2 carrots finely julienned; (split — set qty),split
e3817a54-4aca-4158-85dd-8f024ece17e2|1|1,Vietnamese Lettuce Wraps with Peanut Sauce,Veg and Herbs,2 cups beansprouts,2,cup,Beansprout,,
e3817a54-4aca-4158-85dd-8f024ece17e2|1|2,Vietnamese Lettuce Wraps with Peanut Sauce,Veg and Herbs,"2 cucumbers, julienned",2,,Cucumber,julienned,
e3817a54-4aca-4158-85dd-8f024ece17e2|1|3,Vietnamese Lettuce Wraps with Peanut Sauce,Veg and Herbs,2 cups each mint leaves + coriander/cilantro sprigs,2,cup,Mint Coriander,,
e3817a54-4aca-4158-85dd-8f024ece17e2|1|4,Vietnamese Lettuce Wraps with Peanut Sauce,Veg and Herbs,"3 birds eye red chilli, finely sliced (optional)",3,,Bird Eye Red Chilli,optional; finely sliced,
e3817a54-4aca-4158-85dd-8f024ece17e2|1|5,Vietnamese Lettuce Wraps with Peanut Sauce,Veg and Herbs,"1/4 cup roasted peanuts, finely chopped",0.25,cup,Peanuts,finely chopped,
e3817a54-4aca-4158-85dd-8f024ece17e2|2|0,Vietnamese Lettuce Wraps with Peanut Sauce,Vietnamese Peanut Sauce,"2 tbsp natural peanut butter, smooth",2,tbsp,Smooth Peanut Butter,smooth,
e3817a54-4aca-4158-85dd-8f024ece17e2|2|1,Vietnamese Lettuce Wraps with Peanut Sauce,Vietnamese Peanut Sauce,2 tbsp hoisin,2,tbsp,Hoisin Sauce,,
e3817a54-4aca-4158-85dd-8f024ece17e2|2|2,Vietnamese Lettuce Wraps with Peanut Sauce,Vietnamese Peanut Sauce,1-2 tbsp lime juice,1,tbsp,Lime Juice,range,
e3817a54-4aca-4158-85dd-8f024ece17e2|2|3,Vietnamese Lettuce Wraps with Peanut Sauce,Vietnamese Peanut Sauce,1/3 cup low fat coconut milk (or 1/4 cup full fat topped up with water),0.333,cup,Low Fat Coconut Milk,or 1/4 cup full fat topped up with water,
e3817a54-4aca-4158-85dd-8f024ece17e2|2|4,Vietnamese Lettuce Wraps with Peanut Sauce,Vietnamese Peanut Sauce,"1 large garlic clove, finely grated",1,,Garlic Clove,finely grated,
e3817a54-4aca-4158-85dd-8f024ece17e2|2|5,Vietnamese Lettuce Wraps with Peanut Sauce,Vietnamese Peanut Sauce,1 tsp+ sambal oelak or other chilli sauce (optional),1,tsp,Sambal Oelak,optional; or other chilli sauce,
e3817a54-4aca-4158-85dd-8f024ece17e2|2|6,Vietnamese Lettuce Wraps with Peanut Sauce,Vietnamese Peanut Sauce,1 tsp dark soy (sub regular),1,tsp,Dark Soy Sauce,sub regular,
e3817a54-4aca-4158-85dd-8f024ece17e2|2|7,Vietnamese Lettuce Wraps with Peanut Sauce,Vietnamese Peanut Sauce,1 tsp white sugar,1,tsp,White Sugar,,
e3817a54-4aca-4158-85dd-8f024ece17e2|2|8,Vietnamese Lettuce Wraps with Peanut Sauce,Vietnamese Peanut Sauce,1/2 tsp cooking salt / kosher salt,0.5,tsp,Cooking Salt,,
e3817a54-4aca-4158-85dd-8f024ece17e2|3|0,Vietnamese Lettuce Wraps with Peanut Sauce,Quick Pickled Vegetables (optional),1/2 cup white sugar + 4 tsp salt dissolved in 1½ cups boiling water,0.5,cup,White Sugar Salt Dissolved In Boiling Water,,
e3817a54-4aca-4158-85dd-8f024ece17e2|3|1,Vietnamese Lettuce Wraps with Peanut Sauce,Quick Pickled Vegetables (optional),3/4 cup rice wine vinegar (sub apple cider vinegar),0.75,cup,Rice Vinegar,sub apple cider vinegar,
e3817a54-4aca-4158-85dd-8f024ece17e2|3|2,Vietnamese Lettuce Wraps with Peanut Sauce,Quick Pickled Vegetables (optional),"2 medium carrots and 1/2 large white radish (daikon), peeled and cut into 2mm batons",2,,Carrots,daikon; peeled and cut into 2mm batons,
d21e2346-29c6-45d3-a8a9-0995a8e98e80|0|0,Vietnamese Noodles with Lemongrass Chicken,Marinade,600–800g chicken thigh fillets,600,g,Chicken Thigh,range; fillets,
d21e2346-29c6-45d3-a8a9-0995a8e98e80|0|1,Vietnamese Noodles with Lemongrass Chicken,Marinade,"2 garlic cloves, minced",2,,Garlic Clove,minced,
d21e2346-29c6-45d3-a8a9-0995a8e98e80|0|2,Vietnamese Noodles with Lemongrass Chicken,Marinade,"2 tbsp each lime juice, fish sauce, brown sugar",2,tbsp,Lime Juice,"fish sauce,  brown sugar",
d21e2346-29c6-45d3-a8a9-0995a8e98e80|0|3,Vietnamese Noodles with Lemongrass Chicken,Marinade,"1 tbsp each soy sauce, vegetable oil",1,tbsp,Soy Sauce,vegetable oil,
d21e2346-29c6-45d3-a8a9-0995a8e98e80|0|4,Vietnamese Noodles with Lemongrass Chicken,Marinade,"1 stalk lemongrass, white part only, bruised then sliced into chunks",1,,Lemongrass,"white part only,  bruised then sliced into chunks",
d21e2346-29c6-45d3-a8a9-0995a8e98e80|1|0,Vietnamese Noodles with Lemongrass Chicken,Nuoc Cham Sauce,¼ cup fish sauce,0.25,cup,Fish Sauce,,
d21e2346-29c6-45d3-a8a9-0995a8e98e80|1|1,Vietnamese Noodles with Lemongrass Chicken,Nuoc Cham Sauce,4 tbsp rice vinegar,4,tbsp,Rice Vinegar,,
d21e2346-29c6-45d3-a8a9-0995a8e98e80|1|2,Vietnamese Noodles with Lemongrass Chicken,Nuoc Cham Sauce,3 tbsp lime juice,3,tbsp,Lime Juice,,
d21e2346-29c6-45d3-a8a9-0995a8e98e80|1|3,Vietnamese Noodles with Lemongrass Chicken,Nuoc Cham Sauce,2 tbsp white sugar,2,tbsp,White Sugar,,
d21e2346-29c6-45d3-a8a9-0995a8e98e80|1|4,Vietnamese Noodles with Lemongrass Chicken,Nuoc Cham Sauce,½ cup water,0.5,cup,Water,,
d21e2346-29c6-45d3-a8a9-0995a8e98e80|1|5,Vietnamese Noodles with Lemongrass Chicken,Nuoc Cham Sauce,"2 garlic cloves, finely chopped",2,,Garlic Clove,finely chopped,
d21e2346-29c6-45d3-a8a9-0995a8e98e80|1|6,Vietnamese Noodles with Lemongrass Chicken,Nuoc Cham Sauce,"1 red birdseye chilli, finely chopped (or other hot chili)",1,,Red Birdseye Chilli,or other hot chili; finely chopped,
d21e2346-29c6-45d3-a8a9-0995a8e98e80|2|0,Vietnamese Noodles with Lemongrass Chicken,Noodle Bowl,½ tbsp oil (to cook chicken),0.5,tbsp,Oil,to cook chicken,
d21e2346-29c6-45d3-a8a9-0995a8e98e80|2|1,Vietnamese Noodles with Lemongrass Chicken,Noodle Bowl,"200g vermicelli noodles, prepared per packet",200,g,Vermicelli Rice Noodles,prepared per packet,
d21e2346-29c6-45d3-a8a9-0995a8e98e80|2|2,Vietnamese Noodles with Lemongrass Chicken,Noodle Bowl,"2 carrots + 2 cucumbers, julienned",2,,Carrot Cucumber,julienned,
d21e2346-29c6-45d3-a8a9-0995a8e98e80|2|3,Vietnamese Noodles with Lemongrass Chicken,Noodle Bowl,"5 cups iceberg lettuce, finely sliced",5,cup,Iceberg Lettuce,finely sliced,
d21e2346-29c6-45d3-a8a9-0995a8e98e80|2|4,Vietnamese Noodles with Lemongrass Chicken,Noodle Bowl,3 cups bean sprouts,3,cup,Bean Sprout,,
d21e2346-29c6-45d3-a8a9-0995a8e98e80|2|5,Vietnamese Noodles with Lemongrass Chicken,Noodle Bowl,handful of mint and coriander/cilantro leaves,1,handful,Mint And Coriander,,
d21e2346-29c6-45d3-a8a9-0995a8e98e80|2|6,Vietnamese Noodles with Lemongrass Chicken,Noodle Bowl,lime wedges & sliced chilli to serve,,,Lime Wedge Chilli,to serve,
bae33954-41a4-4543-9f0f-a15dd2cf6404|0|0,Viral Boiled Egg Chocolate Mousse,Main,"8 boiled eggs, cooled in fridge",8,,Boiled Egg,cooled in fridge,
bae33954-41a4-4543-9f0f-a15dd2cf6404|0|1,Viral Boiled Egg Chocolate Mousse,Main,60g sugar,60,g,Sugar,,
bae33954-41a4-4543-9f0f-a15dd2cf6404|0|2,Viral Boiled Egg Chocolate Mousse,Main,75g cocoa powder,75,g,Cocoa Powder,,
bae33954-41a4-4543-9f0f-a15dd2cf6404|0|3,Viral Boiled Egg Chocolate Mousse,Main,200ml milk of choice,200,ml,Milk Choice,,
bae33954-41a4-4543-9f0f-a15dd2cf6404|0|4,Viral Boiled Egg Chocolate Mousse,Main,1 tsp vanilla essence,1,tsp,Vanilla Essence,,
bae33954-41a4-4543-9f0f-a15dd2cf6404|0|5,Viral Boiled Egg Chocolate Mousse,Main,"Optional toppings: banana, Biscoff, berries, mint",,,Banana,"Biscoff,  berries,  mint",
8dc1941d-ab97-476f-a382-2893535f3d3a|0|0,Viral Carrot Cake Baked Oats,Batter,"2 medium ripe bananas, mashed (sub 200g unsweetened applesauce to make banana-free)",2,,Bananas,sub 200g unsweetened applesauce to make banana-free; mashed,
8dc1941d-ab97-476f-a382-2893535f3d3a|0|1,Viral Carrot Cake Baked Oats,Batter,2 cups rolled oats,2,cup,Rolled Oats,,
8dc1941d-ab97-476f-a382-2893535f3d3a|0|2,Viral Carrot Cake Baked Oats,Batter,~30g vanilla plant protein powder (or ¼ cup wholemeal plain flour — sub GF oat flour to keep GF),,,Vegan Vanilla Protein Powder,or ¼ cup wholemeal plain flour — sub GF oat flour to keep GF,
8dc1941d-ab97-476f-a382-2893535f3d3a|0|3,Viral Carrot Cake Baked Oats,Batter,½ tsp cinnamon,0.5,tsp,Cinnamon,,
8dc1941d-ab97-476f-a382-2893535f3d3a|0|4,Viral Carrot Cake Baked Oats,Batter,1 flat tsp baking powder,1,,Baking Powder,,
8dc1941d-ab97-476f-a382-2893535f3d3a|0|5,Viral Carrot Cake Baked Oats,Batter,"1 medium carrot, grated",1,,Carrot,grated,
8dc1941d-ab97-476f-a382-2893535f3d3a|0|6,Viral Carrot Cake Baked Oats,Batter,"¼ cup pecans or walnuts, crushed",0.25,cup,Pecans,"or walnuts, crushed",
8dc1941d-ab97-476f-a382-2893535f3d3a|0|7,Viral Carrot Cake Baked Oats,Batter,"1–2 tbsp honey, maple syrup, or alternative sweetener",1,tbsp,Honey,"or alternative sweetener; range; maple syrup,",
8dc1941d-ab97-476f-a382-2893535f3d3a|0|8,Viral Carrot Cake Baked Oats,Batter,1.5 cups milk of choice,1.5,cup,Milk Choice,,
8dc1941d-ab97-476f-a382-2893535f3d3a|1|0,Viral Carrot Cake Baked Oats,Topping,1 pot (~160g) yoghurt of choice (use dairy-free coconut or soya yoghurt to keep DF),1,,Plain Yoghurt,~160g; use dairy-free coconut or soya yoghurt to keep DF,
8dc1941d-ab97-476f-a382-2893535f3d3a|1|1,Viral Carrot Cake Baked Oats,Topping,50g reduced fat cream cheese (sub dairy-free cream cheese e.g. Violife to keep DF),50,g,Low-fat Cream Cheese,sub dairy-free cream cheese e.g. Violife to keep DF,
8dc1941d-ab97-476f-a382-2893535f3d3a|1|2,Viral Carrot Cake Baked Oats,Topping,Leftover crushed nuts (optional),,,Leftover Nut,optional,
65ffb628-d698-4e27-9a88-7ecbcc9b0ff9|0|0,Viral Green Goddess Salad,Salad,1 small head green cabbage,1,head,Green Cabbage,,
65ffb628-d698-4e27-9a88-7ecbcc9b0ff9|0|1,Viral Green Goddess Salad,Salad,1 large cucumber,1,,Cucumber,,
65ffb628-d698-4e27-9a88-7ecbcc9b0ff9|0|2,Viral Green Goddess Salad,Salad,20g bunch of chives,20,g,Chives,,
65ffb628-d698-4e27-9a88-7ecbcc9b0ff9|0|3,Viral Green Goddess Salad,Salad,4-5 spring onions,4,,Spring Onion,range,
65ffb628-d698-4e27-9a88-7ecbcc9b0ff9|0|4,Viral Green Goddess Salad,Salad,"1 apple, grated (optional)",1,,Apple,optional; grated,
65ffb628-d698-4e27-9a88-7ecbcc9b0ff9|1|0,Viral Green Goddess Salad,Green Goddess Dressing,30g basil leaves,30,g,Basil,,
65ffb628-d698-4e27-9a88-7ecbcc9b0ff9|1|1,Viral Green Goddess Salad,Green Goddess Dressing,30g fresh spinach,30,g,Spinach,,
65ffb628-d698-4e27-9a88-7ecbcc9b0ff9|1|2,Viral Green Goddess Salad,Green Goddess Dressing,1 clove of garlic,1,clove,Garlic,,
65ffb628-d698-4e27-9a88-7ecbcc9b0ff9|1|3,Viral Green Goddess Salad,Green Goddess Dressing,1 banana shallot,1,,Banana Shallot,,
65ffb628-d698-4e27-9a88-7ecbcc9b0ff9|1|4,Viral Green Goddess Salad,Green Goddess Dressing,"2 lemons, juiced",2,,Lemon,juiced,
65ffb628-d698-4e27-9a88-7ecbcc9b0ff9|1|5,Viral Green Goddess Salad,Green Goddess Dressing,60ml olive oil,60,ml,Olive Oil,,
65ffb628-d698-4e27-9a88-7ecbcc9b0ff9|1|6,Viral Green Goddess Salad,Green Goddess Dressing,30g nuts (cashews and walnuts),30,g,Nuts,cashews and walnuts,
65ffb628-d698-4e27-9a88-7ecbcc9b0ff9|1|7,Viral Green Goddess Salad,Green Goddess Dressing,25g nutritional yeast,25,g,Nutritional Yeast,,
65ffb628-d698-4e27-9a88-7ecbcc9b0ff9|1|8,Viral Green Goddess Salad,Green Goddess Dressing,5g salt,5,g,Salt,,
65ffb628-d698-4e27-9a88-7ecbcc9b0ff9|1|9,Viral Green Goddess Salad,Green Goddess Dressing,1 tbsp white wine vinegar,1,tbsp,White Wine Vinegar,,
daf4379f-3e35-4acd-9173-c434d6c77ade|0|0,Viral Healthy Chocolate Cake,Main,"15 medjool dates, pips removed",15,,Medjool Date,pips removed,
daf4379f-3e35-4acd-9173-c434d6c77ade|0|1,Viral Healthy Chocolate Cake,Main,1 cup warm milk,1,cup,Milk,,
daf4379f-3e35-4acd-9173-c434d6c77ade|0|2,Viral Healthy Chocolate Cake,Main,1 1/4 cups flour (or GF flour),1.25,cup,Plain Flour,or GF flour,
daf4379f-3e35-4acd-9173-c434d6c77ade|0|3,Viral Healthy Chocolate Cake,Main,3 tbsp cacao powder,3,tbsp,Cacao Powder,,
daf4379f-3e35-4acd-9173-c434d6c77ade|0|4,Viral Healthy Chocolate Cake,Main,1 tsp baking soda,1,tsp,Baking Soda,,
daf4379f-3e35-4acd-9173-c434d6c77ade|0|5,Viral Healthy Chocolate Cake,Main,1 tsp baking powder,1,tsp,Baking Powder,,
daf4379f-3e35-4acd-9173-c434d6c77ade|0|6,Viral Healthy Chocolate Cake,Main,2 eggs,2,,Egg,,
daf4379f-3e35-4acd-9173-c434d6c77ade|0|7,Viral Healthy Chocolate Cake,Main,Dark chocolate chips (optional but recommended),,,Dark Chocolate Chip,optional but recommended,
793a953e-803d-4136-b8e8-9526e06d30b6|0|0,Viral Mango Yogurt Bites,Main,"1 mango, diced (or frozen mango pieces)",1,,Mango,or frozen mango pieces; diced,
793a953e-803d-4136-b8e8-9526e06d30b6|0|1,Viral Mango Yogurt Bites,Main,Vanilla Greek yoghurt,,,Vanilla Greek Yoghurt,,
793a953e-803d-4136-b8e8-9526e06d30b6|0|2,Viral Mango Yogurt Bites,Main,"1 white chocolate bar (or any white chocolate), melted",1,,White Chocolate Bar,or any white chocolate; melted,
793a953e-803d-4136-b8e8-9526e06d30b6|0|3,Viral Mango Yogurt Bites,Main,Handful of crushed macadamias,1,handful,Macadamias,crushed,
690b446d-a9f4-4321-b9df-6908607d3393|0|0,XL Gluten Free Rice Paper Dumplings,filling,1 pound ground chicken,1,,Chicken,,
690b446d-a9f4-4321-b9df-6908607d3393|0|1,XL Gluten Free Rice Paper Dumplings,filling,½ cup chopped onion,0.5,cup,Yellow Onion,chopped,
690b446d-a9f4-4321-b9df-6908607d3393|0|2,XL Gluten Free Rice Paper Dumplings,filling,"2 garlic cloves, minced",2,,Garlic Clove,minced,
690b446d-a9f4-4321-b9df-6908607d3393|0|3,XL Gluten Free Rice Paper Dumplings,filling,1½ teaspoon salt,1,,Salt,,
690b446d-a9f4-4321-b9df-6908607d3393|0|4,XL Gluten Free Rice Paper Dumplings,filling,½ teaspoon ground black pepper,0.5,tsp,Black Pepper,,
690b446d-a9f4-4321-b9df-6908607d3393|0|5,XL Gluten Free Rice Paper Dumplings,filling,"1 small zucchini, shredded (or sub with cabbage)",1,,Zucchini,or sub with cabbage; shredded,
690b446d-a9f4-4321-b9df-6908607d3393|0|6,XL Gluten Free Rice Paper Dumplings,filling,1 tablespoon potato starch,1,tbsp,Potato Starch,,
690b446d-a9f4-4321-b9df-6908607d3393|0|7,XL Gluten Free Rice Paper Dumplings,filling,1 tablespoon toasted sesame oil,1,tbsp,Sesame Oil,toasted,
690b446d-a9f4-4321-b9df-6908607d3393|1|0,XL Gluten Free Rice Paper Dumplings,wrappers,Rice paper,,,Rice Paper,,
dfa89be8-b150-40ad-a50c-5d507466afbe|0|0,Zesty + Spicy Chicken Fusion Bowl,Chicken Marinade,2 lb chicken thighs,2,lb,Chicken Thigh,,
dfa89be8-b150-40ad-a50c-5d507466afbe|0|1,Zesty + Spicy Chicken Fusion Bowl,Chicken Marinade,1 tbsp avocado or olive oil,1,tbsp,Avocado,or olive oil,
dfa89be8-b150-40ad-a50c-5d507466afbe|0|2,Zesty + Spicy Chicken Fusion Bowl,Chicken Marinade,2 tbsp soy sauce,2,tbsp,Soy Sauce,,
dfa89be8-b150-40ad-a50c-5d507466afbe|0|3,Zesty + Spicy Chicken Fusion Bowl,Chicken Marinade,2 tbsp rice vinegar,2,tbsp,Rice Vinegar,,
dfa89be8-b150-40ad-a50c-5d507466afbe|0|4,Zesty + Spicy Chicken Fusion Bowl,Chicken Marinade,2 generous pinches salt & pepper,2,,Pinche Salt Pepper,generous,
dfa89be8-b150-40ad-a50c-5d507466afbe|0|5,Zesty + Spicy Chicken Fusion Bowl,Chicken Marinade,1 tbsp five spice,1,tbsp,Five Spice,,
dfa89be8-b150-40ad-a50c-5d507466afbe|0|6,Zesty + Spicy Chicken Fusion Bowl,Chicken Marinade,1 tbsp garlic powder,1,tbsp,Garlic Granules,,
dfa89be8-b150-40ad-a50c-5d507466afbe|0|7,Zesty + Spicy Chicken Fusion Bowl,Chicken Marinade,1 tbsp onion powder,1,tbsp,Onion Powder,,
dfa89be8-b150-40ad-a50c-5d507466afbe|0|8,Zesty + Spicy Chicken Fusion Bowl,Chicken Marinade,1 tbsp chipotle powder,1,tbsp,Chipotle Powder,,
dfa89be8-b150-40ad-a50c-5d507466afbe|0|9,Zesty + Spicy Chicken Fusion Bowl,Chicken Marinade,1/2 tsp cayenne powder,0.5,tsp,Cayenne Pepper,,
dfa89be8-b150-40ad-a50c-5d507466afbe|1|0,Zesty + Spicy Chicken Fusion Bowl,Express Pickled Onions,"1 red onion, thinly sliced",1,,Red Onion,thinly sliced,
dfa89be8-b150-40ad-a50c-5d507466afbe|1|1,Zesty + Spicy Chicken Fusion Bowl,Express Pickled Onions,juice of 2 limes,,,Lime Juice,,
dfa89be8-b150-40ad-a50c-5d507466afbe|1|2,Zesty + Spicy Chicken Fusion Bowl,Express Pickled Onions,pinch of salt,1,pinch,Salt,,
dfa89be8-b150-40ad-a50c-5d507466afbe|1|3,Zesty + Spicy Chicken Fusion Bowl,Express Pickled Onions,1 tbsp chile lime seasoning,1,tbsp,Chile Lime Seasoning,,
dfa89be8-b150-40ad-a50c-5d507466afbe|2|0,Zesty + Spicy Chicken Fusion Bowl,Slaw,"1/2 small purple cabbage, shredded",0.5,,Purple Cabbage,shredded,
dfa89be8-b150-40ad-a50c-5d507466afbe|2|1,Zesty + Spicy Chicken Fusion Bowl,Slaw,"3 carrots, shredded",3,,Carrot,shredded,
dfa89be8-b150-40ad-a50c-5d507466afbe|2|2,Zesty + Spicy Chicken Fusion Bowl,Slaw,"3 Persian cucumbers, thinly sliced",3,,Persian Cucumber,thinly sliced,
dfa89be8-b150-40ad-a50c-5d507466afbe|2|3,Zesty + Spicy Chicken Fusion Bowl,Slaw,large handful fresh cilantro,,,Coriander,,
dfa89be8-b150-40ad-a50c-5d507466afbe|2|4,Zesty + Spicy Chicken Fusion Bowl,Slaw,"2 scallions, diced",2,,Scallion,diced,
dfa89be8-b150-40ad-a50c-5d507466afbe|3|0,Zesty + Spicy Chicken Fusion Bowl,Slaw Sauce,5 tbsp mayo,5,tbsp,Mayonnaise,,
dfa89be8-b150-40ad-a50c-5d507466afbe|3|1,Zesty + Spicy Chicken Fusion Bowl,Slaw Sauce,1.5 tbsp sriracha,1.5,tbsp,Sriracha,,
dfa89be8-b150-40ad-a50c-5d507466afbe|3|2,Zesty + Spicy Chicken Fusion Bowl,Slaw Sauce,1 tbsp soy sauce,1,tbsp,Soy Sauce,,
dfa89be8-b150-40ad-a50c-5d507466afbe|3|3,Zesty + Spicy Chicken Fusion Bowl,Slaw Sauce,1 tbsp rice vinegar,1,tbsp,Rice Vinegar,,
dfa89be8-b150-40ad-a50c-5d507466afbe|3|4,Zesty + Spicy Chicken Fusion Bowl,Slaw Sauce,1 tsp honey or powdered monkfruit,1,tsp,Honey,or powdered monkfruit,
dfa89be8-b150-40ad-a50c-5d507466afbe|3|5,Zesty + Spicy Chicken Fusion Bowl,Slaw Sauce,1 tsp minced garlic,1,tsp,Garlic,minced,
dfa89be8-b150-40ad-a50c-5d507466afbe|3|6,Zesty + Spicy Chicken Fusion Bowl,Slaw Sauce,juice of 1 lime,,,Lime Juice,,
dfa89be8-b150-40ad-a50c-5d507466afbe|4|0,Zesty + Spicy Chicken Fusion Bowl,To Serve,"Kaizen rice (or regular rice, quinoa, or cauli rice)",,,Kaizen Rice,"or regular rice, quinoa, or cauli rice",
dfa89be8-b150-40ad-a50c-5d507466afbe|4|1,Zesty + Spicy Chicken Fusion Bowl,To Serve,fresh cilantro,,,Coriander,,
dfa89be8-b150-40ad-a50c-5d507466afbe|4|2,Zesty + Spicy Chicken Fusion Bowl,To Serve,sesame seeds,,,Sesame Seeds,,
dfa89be8-b150-40ad-a50c-5d507466afbe|4|3,Zesty + Spicy Chicken Fusion Bowl,To Serve,avocado,,,Avocado,,
