row_key,recipe_name,section,original_line,qty,unit,ingredient,note,review
96b923cc-efda-4d9c-9055-97b7fa22413c|0|0,30 Minute Bang Bang Chicken Bowls,for the bowl,,,,,,NULL_LINE re-enter
96b923cc-efda-4d9c-9055-97b7fa22413c|0|1,30 Minute Bang Bang Chicken Bowls,for the bowl,,,,,,NULL_LINE re-enter
96b923cc-efda-4d9c-9055-97b7fa22413c|0|2,30 Minute Bang Bang Chicken Bowls,for the bowl,,,,,,NULL_LINE re-enter
96b923cc-efda-4d9c-9055-97b7fa22413c|1|0,30 Minute Bang Bang Chicken Bowls,for the sauce,,,,,,NULL_LINE re-enter
96b923cc-efda-4d9c-9055-97b7fa22413c|1|1,30 Minute Bang Bang Chicken Bowls,for the sauce,,,,,,NULL_LINE re-enter
96b923cc-efda-4d9c-9055-97b7fa22413c|1|2,30 Minute Bang Bang Chicken Bowls,for the sauce,,,,,,NULL_LINE re-enter
96b923cc-efda-4d9c-9055-97b7fa22413c|1|3,30 Minute Bang Bang Chicken Bowls,for the sauce,,,,,,NULL_LINE re-enter
96b923cc-efda-4d9c-9055-97b7fa22413c|1|4,30 Minute Bang Bang Chicken Bowls,for the sauce,,,,,,NULL_LINE re-enter
96b923cc-efda-4d9c-9055-97b7fa22413c|2|0,30 Minute Bang Bang Chicken Bowls,for the chicken,,,,,,NULL_LINE re-enter
96b923cc-efda-4d9c-9055-97b7fa22413c|2|1,30 Minute Bang Bang Chicken Bowls,for the chicken,,,,,,NULL_LINE re-enter
96b923cc-efda-4d9c-9055-97b7fa22413c|2|2,30 Minute Bang Bang Chicken Bowls,for the chicken,,,,,,NULL_LINE re-enter
96b923cc-efda-4d9c-9055-97b7fa22413c|2|3,30 Minute Bang Bang Chicken Bowls,for the chicken,,,,,,NULL_LINE re-enter
96b923cc-efda-4d9c-9055-97b7fa22413c|2|4,30 Minute Bang Bang Chicken Bowls,for the chicken,,,,,,NULL_LINE re-enter
96b923cc-efda-4d9c-9055-97b7fa22413c|2|5,30 Minute Bang Bang Chicken Bowls,for the chicken,,,,,,NULL_LINE re-enter
96b923cc-efda-4d9c-9055-97b7fa22413c|2|6,30 Minute Bang Bang Chicken Bowls,for the chicken,,,,,,NULL_LINE re-enter
96b923cc-efda-4d9c-9055-97b7fa22413c|2|7,30 Minute Bang Bang Chicken Bowls,for the chicken,,,,,,NULL_LINE re-enter
e4695d2d-0e6c-4658-9609-92f4ecf97bce|0|0,4 Ingredient Date Balls,Main,,,,,,NULL_LINE re-enter
e4695d2d-0e6c-4658-9609-92f4ecf97bce|0|1,4 Ingredient Date Balls,Main,,,,,,NULL_LINE re-enter
e4695d2d-0e6c-4658-9609-92f4ecf97bce|0|2,4 Ingredient Date Balls,Main,,,,,,NULL_LINE re-enter
e4695d2d-0e6c-4658-9609-92f4ecf97bce|0|3,4 Ingredient Date Balls,Main,,,,,,NULL_LINE re-enter
e4695d2d-0e6c-4658-9609-92f4ecf97bce|0|4,4 Ingredient Date Balls,Main,,,,,,NULL_LINE re-enter
58a9c00e-bc81-45e0-85f8-0eefb93e4426|0|0,4 Ingredient Rice Cake Chocolate Bars,Main,,,,,,NULL_LINE re-enter
58a9c00e-bc81-45e0-85f8-0eefb93e4426|0|1,4 Ingredient Rice Cake Chocolate Bars,Main,,,,,,NULL_LINE re-enter
58a9c00e-bc81-45e0-85f8-0eefb93e4426|0|2,4 Ingredient Rice Cake Chocolate Bars,Main,,,,,,NULL_LINE re-enter
58a9c00e-bc81-45e0-85f8-0eefb93e4426|0|3,4 Ingredient Rice Cake Chocolate Bars,Main,,,,,,NULL_LINE re-enter
58a9c00e-bc81-45e0-85f8-0eefb93e4426|0|4,4 Ingredient Rice Cake Chocolate Bars,Main,,,,,,NULL_LINE re-enter
064f61de-5601-42ef-8c5e-0cba552801e0|0|0,Air Fryer Cinnamon Roll Oats,Oat Base,,,,,,NULL_LINE re-enter
064f61de-5601-42ef-8c5e-0cba552801e0|0|1,Air Fryer Cinnamon Roll Oats,Oat Base,,,,,,NULL_LINE re-enter
064f61de-5601-42ef-8c5e-0cba552801e0|0|2,Air Fryer Cinnamon Roll Oats,Oat Base,,,,,,NULL_LINE re-enter
064f61de-5601-42ef-8c5e-0cba552801e0|0|3,Air Fryer Cinnamon Roll Oats,Oat Base,,,,,,NULL_LINE re-enter
064f61de-5601-42ef-8c5e-0cba552801e0|0|4,Air Fryer Cinnamon Roll Oats,Oat Base,,,,,,NULL_LINE re-enter
064f61de-5601-42ef-8c5e-0cba552801e0|0|5,Air Fryer Cinnamon Roll Oats,Oat Base,,,,,,NULL_LINE re-enter
064f61de-5601-42ef-8c5e-0cba552801e0|0|6,Air Fryer Cinnamon Roll Oats,Oat Base,,,,,,NULL_LINE re-enter
064f61de-5601-42ef-8c5e-0cba552801e0|0|7,Air Fryer Cinnamon Roll Oats,Oat Base,,,,,,NULL_LINE re-enter
064f61de-5601-42ef-8c5e-0cba552801e0|0|8,Air Fryer Cinnamon Roll Oats,Oat Base,,,,,,NULL_LINE re-enter
064f61de-5601-42ef-8c5e-0cba552801e0|1|0,Air Fryer Cinnamon Roll Oats,Cinnamon Swirl,,,,,,NULL_LINE re-enter
064f61de-5601-42ef-8c5e-0cba552801e0|1|1,Air Fryer Cinnamon Roll Oats,Cinnamon Swirl,,,,,,NULL_LINE re-enter
064f61de-5601-42ef-8c5e-0cba552801e0|1|2,Air Fryer Cinnamon Roll Oats,Cinnamon Swirl,,,,,,NULL_LINE re-enter
064f61de-5601-42ef-8c5e-0cba552801e0|1|3,Air Fryer Cinnamon Roll Oats,Cinnamon Swirl,,,,,,NULL_LINE re-enter
064f61de-5601-42ef-8c5e-0cba552801e0|2|0,Air Fryer Cinnamon Roll Oats,Icing,,,,,,NULL_LINE re-enter
064f61de-5601-42ef-8c5e-0cba552801e0|2|1,Air Fryer Cinnamon Roll Oats,Icing,,,,,,NULL_LINE re-enter
81b740e7-3f00-49b2-a11e-ac637d9be5ec|0|0,Air Fryer Spring Rolls,Filling,,,,,,NULL_LINE re-enter
81b740e7-3f00-49b2-a11e-ac637d9be5ec|0|1,Air Fryer Spring Rolls,Filling,,,,,,NULL_LINE re-enter
81b740e7-3f00-49b2-a11e-ac637d9be5ec|0|2,Air Fryer Spring Rolls,Filling,,,,,,NULL_LINE re-enter
81b740e7-3f00-49b2-a11e-ac637d9be5ec|0|3,Air Fryer Spring Rolls,Filling,,,,,,NULL_LINE re-enter
81b740e7-3f00-49b2-a11e-ac637d9be5ec|0|4,Air Fryer Spring Rolls,Filling,,,,,,NULL_LINE re-enter
81b740e7-3f00-49b2-a11e-ac637d9be5ec|0|5,Air Fryer Spring Rolls,Filling,,,,,,NULL_LINE re-enter
81b740e7-3f00-49b2-a11e-ac637d9be5ec|0|6,Air Fryer Spring Rolls,Filling,,,,,,NULL_LINE re-enter
81b740e7-3f00-49b2-a11e-ac637d9be5ec|0|7,Air Fryer Spring Rolls,Filling,,,,,,NULL_LINE re-enter
81b740e7-3f00-49b2-a11e-ac637d9be5ec|0|8,Air Fryer Spring Rolls,Filling,,,,,,NULL_LINE re-enter
81b740e7-3f00-49b2-a11e-ac637d9be5ec|0|9,Air Fryer Spring Rolls,Filling,,,,,,NULL_LINE re-enter
81b740e7-3f00-49b2-a11e-ac637d9be5ec|0|10,Air Fryer Spring Rolls,Filling,,,,,,NULL_LINE re-enter
81b740e7-3f00-49b2-a11e-ac637d9be5ec|0|11,Air Fryer Spring Rolls,Filling,,,,,,NULL_LINE re-enter
81b740e7-3f00-49b2-a11e-ac637d9be5ec|1|0,Air Fryer Spring Rolls,Wrappers,,,,,,NULL_LINE re-enter
81b740e7-3f00-49b2-a11e-ac637d9be5ec|1|1,Air Fryer Spring Rolls,Wrappers,,,,,,NULL_LINE re-enter
81b740e7-3f00-49b2-a11e-ac637d9be5ec|2|0,Air Fryer Spring Rolls,Peanut Dipping Sauce,,,,,,NULL_LINE re-enter
81b740e7-3f00-49b2-a11e-ac637d9be5ec|2|1,Air Fryer Spring Rolls,Peanut Dipping Sauce,,,,,,NULL_LINE re-enter
81b740e7-3f00-49b2-a11e-ac637d9be5ec|2|2,Air Fryer Spring Rolls,Peanut Dipping Sauce,,,,,,NULL_LINE re-enter
81b740e7-3f00-49b2-a11e-ac637d9be5ec|2|3,Air Fryer Spring Rolls,Peanut Dipping Sauce,,,,,,NULL_LINE re-enter
81b740e7-3f00-49b2-a11e-ac637d9be5ec|2|4,Air Fryer Spring Rolls,Peanut Dipping Sauce,,,,,,NULL_LINE re-enter
81b740e7-3f00-49b2-a11e-ac637d9be5ec|2|5,Air Fryer Spring Rolls,Peanut Dipping Sauce,,,,,,NULL_LINE re-enter
59cc4c40-ed85-40ea-9b63-5efbceb4b04d|0|0,Apple Almond Yogurt Bowl,Main,,,,,,NULL_LINE re-enter
59cc4c40-ed85-40ea-9b63-5efbceb4b04d|0|1,Apple Almond Yogurt Bowl,Main,,,,,,NULL_LINE re-enter
59cc4c40-ed85-40ea-9b63-5efbceb4b04d|0|2,Apple Almond Yogurt Bowl,Main,,,,,,NULL_LINE re-enter
59cc4c40-ed85-40ea-9b63-5efbceb4b04d|0|3,Apple Almond Yogurt Bowl,Main,,,,,,NULL_LINE re-enter
59cc4c40-ed85-40ea-9b63-5efbceb4b04d|0|4,Apple Almond Yogurt Bowl,Main,,,,,,NULL_LINE re-enter
59cc4c40-ed85-40ea-9b63-5efbceb4b04d|0|5,Apple Almond Yogurt Bowl,Main,,,,,,NULL_LINE re-enter
bcb95ded-db59-44e4-8ee4-f6e162b94d77|0|0,Asian Chicken Salad with Cucumber and Crispy Seaweed,salad,,,,,,NULL_LINE re-enter
bcb95ded-db59-44e4-8ee4-f6e162b94d77|0|1,Asian Chicken Salad with Cucumber and Crispy Seaweed,salad,,,,,,NULL_LINE re-enter
bcb95ded-db59-44e4-8ee4-f6e162b94d77|0|2,Asian Chicken Salad with Cucumber and Crispy Seaweed,salad,,,,,,NULL_LINE re-enter
bcb95ded-db59-44e4-8ee4-f6e162b94d77|0|3,Asian Chicken Salad with Cucumber and Crispy Seaweed,salad,,,,,,NULL_LINE re-enter
bcb95ded-db59-44e4-8ee4-f6e162b94d77|0|4,Asian Chicken Salad with Cucumber and Crispy Seaweed,salad,,,,,,NULL_LINE re-enter
bcb95ded-db59-44e4-8ee4-f6e162b94d77|0|5,Asian Chicken Salad with Cucumber and Crispy Seaweed,salad,,,,,,NULL_LINE re-enter
bcb95ded-db59-44e4-8ee4-f6e162b94d77|1|0,Asian Chicken Salad with Cucumber and Crispy Seaweed,to serve,,,,,,NULL_LINE re-enter
bcb95ded-db59-44e4-8ee4-f6e162b94d77|1|1,Asian Chicken Salad with Cucumber and Crispy Seaweed,to serve,,,,,,NULL_LINE re-enter
bcb95ded-db59-44e4-8ee4-f6e162b94d77|1|2,Asian Chicken Salad with Cucumber and Crispy Seaweed,to serve,,,,,,NULL_LINE re-enter
cd77fa5d-5571-4afc-adaf-88561bc341a9|0|0,Baked Middle Eastern Chicken Tray,main,,,,,,NULL_LINE re-enter
cd77fa5d-5571-4afc-adaf-88561bc341a9|0|1,Baked Middle Eastern Chicken Tray,main,,,,,,NULL_LINE re-enter
cd77fa5d-5571-4afc-adaf-88561bc341a9|0|2,Baked Middle Eastern Chicken Tray,main,,,,,,NULL_LINE re-enter
cd77fa5d-5571-4afc-adaf-88561bc341a9|0|3,Baked Middle Eastern Chicken Tray,main,,,,,,NULL_LINE re-enter
cd77fa5d-5571-4afc-adaf-88561bc341a9|0|4,Baked Middle Eastern Chicken Tray,main,,,,,,NULL_LINE re-enter
cd77fa5d-5571-4afc-adaf-88561bc341a9|0|5,Baked Middle Eastern Chicken Tray,main,,,,,,NULL_LINE re-enter
cd77fa5d-5571-4afc-adaf-88561bc341a9|0|6,Baked Middle Eastern Chicken Tray,main,,,,,,NULL_LINE re-enter
cd77fa5d-5571-4afc-adaf-88561bc341a9|0|7,Baked Middle Eastern Chicken Tray,main,,,,,,NULL_LINE re-enter
cd77fa5d-5571-4afc-adaf-88561bc341a9|0|8,Baked Middle Eastern Chicken Tray,main,,,,,,NULL_LINE re-enter
cd77fa5d-5571-4afc-adaf-88561bc341a9|0|9,Baked Middle Eastern Chicken Tray,main,,,,,,NULL_LINE re-enter
18632440-2773-439d-87d2-6619289b03b0|0|0,Banh Cuon - Vietnamese Rice Paper Rolls,toppings,,,,,,NULL_LINE re-enter
18632440-2773-439d-87d2-6619289b03b0|0|1,Banh Cuon - Vietnamese Rice Paper Rolls,toppings,,,,,,NULL_LINE re-enter
18632440-2773-439d-87d2-6619289b03b0|0|2,Banh Cuon - Vietnamese Rice Paper Rolls,toppings,,,,,,NULL_LINE re-enter
18632440-2773-439d-87d2-6619289b03b0|1|0,Banh Cuon - Vietnamese Rice Paper Rolls,spicy fish sauce,,,,,,NULL_LINE re-enter
18632440-2773-439d-87d2-6619289b03b0|1|1,Banh Cuon - Vietnamese Rice Paper Rolls,spicy fish sauce,,,,,,NULL_LINE re-enter
18632440-2773-439d-87d2-6619289b03b0|1|2,Banh Cuon - Vietnamese Rice Paper Rolls,spicy fish sauce,,,,,,NULL_LINE re-enter
18632440-2773-439d-87d2-6619289b03b0|1|3,Banh Cuon - Vietnamese Rice Paper Rolls,spicy fish sauce,,,,,,NULL_LINE re-enter
18632440-2773-439d-87d2-6619289b03b0|1|4,Banh Cuon - Vietnamese Rice Paper Rolls,spicy fish sauce,,,,,,NULL_LINE re-enter
18632440-2773-439d-87d2-6619289b03b0|2|0,Banh Cuon - Vietnamese Rice Paper Rolls,ingredients per 1 serving,,,,,,NULL_LINE re-enter
18632440-2773-439d-87d2-6619289b03b0|2|1,Banh Cuon - Vietnamese Rice Paper Rolls,ingredients per 1 serving,,,,,,NULL_LINE re-enter
18632440-2773-439d-87d2-6619289b03b0|2|2,Banh Cuon - Vietnamese Rice Paper Rolls,ingredients per 1 serving,,,,,,NULL_LINE re-enter
18632440-2773-439d-87d2-6619289b03b0|2|3,Banh Cuon - Vietnamese Rice Paper Rolls,ingredients per 1 serving,,,,,,NULL_LINE re-enter
18632440-2773-439d-87d2-6619289b03b0|2|4,Banh Cuon - Vietnamese Rice Paper Rolls,ingredients per 1 serving,,,,,,NULL_LINE re-enter
18632440-2773-439d-87d2-6619289b03b0|2|5,Banh Cuon - Vietnamese Rice Paper Rolls,ingredients per 1 serving,,,,,,NULL_LINE re-enter
18632440-2773-439d-87d2-6619289b03b0|2|6,Banh Cuon - Vietnamese Rice Paper Rolls,ingredients per 1 serving,,,,,,NULL_LINE re-enter
18632440-2773-439d-87d2-6619289b03b0|2|7,Banh Cuon - Vietnamese Rice Paper Rolls,ingredients per 1 serving,,,,,,NULL_LINE re-enter
18632440-2773-439d-87d2-6619289b03b0|2|8,Banh Cuon - Vietnamese Rice Paper Rolls,ingredients per 1 serving,,,,,,NULL_LINE re-enter
9af1cd54-75a4-4568-857d-547940d32d20|0|0,Basic Oat Flour Pancakes,Main,,,,,,NULL_LINE re-enter
9af1cd54-75a4-4568-857d-547940d32d20|0|1,Basic Oat Flour Pancakes,Main,,,,,,NULL_LINE re-enter
9af1cd54-75a4-4568-857d-547940d32d20|0|2,Basic Oat Flour Pancakes,Main,,,,,,NULL_LINE re-enter
9af1cd54-75a4-4568-857d-547940d32d20|0|3,Basic Oat Flour Pancakes,Main,,,,,,NULL_LINE re-enter
9af1cd54-75a4-4568-857d-547940d32d20|0|4,Basic Oat Flour Pancakes,Main,,,,,,NULL_LINE re-enter
9af1cd54-75a4-4568-857d-547940d32d20|1|0,Basic Oat Flour Pancakes,Suggested Toppings,,,,,,NULL_LINE re-enter
9af1cd54-75a4-4568-857d-547940d32d20|1|1,Basic Oat Flour Pancakes,Suggested Toppings,,,,,,NULL_LINE re-enter
9af1cd54-75a4-4568-857d-547940d32d20|1|2,Basic Oat Flour Pancakes,Suggested Toppings,,,,,,NULL_LINE re-enter
9af1cd54-75a4-4568-857d-547940d32d20|1|3,Basic Oat Flour Pancakes,Suggested Toppings,,,,,,NULL_LINE re-enter
9af1cd54-75a4-4568-857d-547940d32d20|1|4,Basic Oat Flour Pancakes,Suggested Toppings,,,,,,NULL_LINE re-enter
fc79b256-4c03-4e40-bbc4-7b500a3a074c|0|0,BBQ Chicken Stuffed Sweet Potatoes,main,,,,,,NULL_LINE re-enter
fc79b256-4c03-4e40-bbc4-7b500a3a074c|0|1,BBQ Chicken Stuffed Sweet Potatoes,main,,,,,,NULL_LINE re-enter
fc79b256-4c03-4e40-bbc4-7b500a3a074c|0|2,BBQ Chicken Stuffed Sweet Potatoes,main,,,,,,NULL_LINE re-enter
fc79b256-4c03-4e40-bbc4-7b500a3a074c|0|3,BBQ Chicken Stuffed Sweet Potatoes,main,,,,,,NULL_LINE re-enter
fc79b256-4c03-4e40-bbc4-7b500a3a074c|0|4,BBQ Chicken Stuffed Sweet Potatoes,main,,,,,,NULL_LINE re-enter
fc79b256-4c03-4e40-bbc4-7b500a3a074c|0|5,BBQ Chicken Stuffed Sweet Potatoes,main,,,,,,NULL_LINE re-enter
fc79b256-4c03-4e40-bbc4-7b500a3a074c|1|0,BBQ Chicken Stuffed Sweet Potatoes,optional,,,,,,NULL_LINE re-enter
fc79b256-4c03-4e40-bbc4-7b500a3a074c|2|0,BBQ Chicken Stuffed Sweet Potatoes,for the slaw,,,,,,NULL_LINE re-enter
fc79b256-4c03-4e40-bbc4-7b500a3a074c|2|1,BBQ Chicken Stuffed Sweet Potatoes,for the slaw,,,,,,NULL_LINE re-enter
fc79b256-4c03-4e40-bbc4-7b500a3a074c|2|2,BBQ Chicken Stuffed Sweet Potatoes,for the slaw,,,,,,NULL_LINE re-enter
fc79b256-4c03-4e40-bbc4-7b500a3a074c|2|3,BBQ Chicken Stuffed Sweet Potatoes,for the slaw,,,,,,NULL_LINE re-enter
fc79b256-4c03-4e40-bbc4-7b500a3a074c|2|4,BBQ Chicken Stuffed Sweet Potatoes,for the slaw,,,,,,NULL_LINE re-enter
19843e4a-f7f1-48d8-b31b-f83b6c98288c|0|0,Blended Overnight Oats,Main,,,,,,NULL_LINE re-enter
19843e4a-f7f1-48d8-b31b-f83b6c98288c|0|1,Blended Overnight Oats,Main,,,,,,NULL_LINE re-enter
19843e4a-f7f1-48d8-b31b-f83b6c98288c|0|2,Blended Overnight Oats,Main,,,,,,NULL_LINE re-enter
19843e4a-f7f1-48d8-b31b-f83b6c98288c|0|3,Blended Overnight Oats,Main,,,,,,NULL_LINE re-enter
19843e4a-f7f1-48d8-b31b-f83b6c98288c|0|4,Blended Overnight Oats,Main,,,,,,NULL_LINE re-enter
19843e4a-f7f1-48d8-b31b-f83b6c98288c|1|0,Blended Overnight Oats,Topping,,,,,,NULL_LINE re-enter
19843e4a-f7f1-48d8-b31b-f83b6c98288c|1|1,Blended Overnight Oats,Topping,,,,,,NULL_LINE re-enter
aa39f281-4492-4113-8ef5-fd02383449d8|0|0,Blended Raspberry Protein Chia Pudding,Main,,,,,,NULL_LINE re-enter
aa39f281-4492-4113-8ef5-fd02383449d8|0|1,Blended Raspberry Protein Chia Pudding,Main,,,,,,NULL_LINE re-enter
aa39f281-4492-4113-8ef5-fd02383449d8|0|2,Blended Raspberry Protein Chia Pudding,Main,,,,,,NULL_LINE re-enter
aa39f281-4492-4113-8ef5-fd02383449d8|0|3,Blended Raspberry Protein Chia Pudding,Main,,,,,,NULL_LINE re-enter
aa39f281-4492-4113-8ef5-fd02383449d8|0|4,Blended Raspberry Protein Chia Pudding,Main,,,,,,NULL_LINE re-enter
aa39f281-4492-4113-8ef5-fd02383449d8|1|0,Blended Raspberry Protein Chia Pudding,Toppings,,,,,,NULL_LINE re-enter
aa39f281-4492-4113-8ef5-fd02383449d8|1|1,Blended Raspberry Protein Chia Pudding,Toppings,,,,,,NULL_LINE re-enter
d02e32b7-9c67-4ae7-8e45-e2693e1e8fac|0|0,Blueberry Cheesecake Yogurt Bowl,Main,,,,,,NULL_LINE re-enter
d02e32b7-9c67-4ae7-8e45-e2693e1e8fac|0|1,Blueberry Cheesecake Yogurt Bowl,Main,,,,,,NULL_LINE re-enter
d02e32b7-9c67-4ae7-8e45-e2693e1e8fac|0|2,Blueberry Cheesecake Yogurt Bowl,Main,,,,,,NULL_LINE re-enter
d02e32b7-9c67-4ae7-8e45-e2693e1e8fac|0|3,Blueberry Cheesecake Yogurt Bowl,Main,,,,,,NULL_LINE re-enter
d02e32b7-9c67-4ae7-8e45-e2693e1e8fac|0|4,Blueberry Cheesecake Yogurt Bowl,Main,,,,,,NULL_LINE re-enter
d02e32b7-9c67-4ae7-8e45-e2693e1e8fac|0|5,Blueberry Cheesecake Yogurt Bowl,Main,,,,,,NULL_LINE re-enter
83bab5f5-cc38-4059-8343-a649050d94e1|0|0,"Blueberry, Lemon and Coconut Overnight Oats",Oats,,,,,,NULL_LINE re-enter
83bab5f5-cc38-4059-8343-a649050d94e1|0|1,"Blueberry, Lemon and Coconut Overnight Oats",Oats,,,,,,NULL_LINE re-enter
83bab5f5-cc38-4059-8343-a649050d94e1|0|2,"Blueberry, Lemon and Coconut Overnight Oats",Oats,,,,,,NULL_LINE re-enter
83bab5f5-cc38-4059-8343-a649050d94e1|0|3,"Blueberry, Lemon and Coconut Overnight Oats",Oats,,,,,,NULL_LINE re-enter
83bab5f5-cc38-4059-8343-a649050d94e1|0|4,"Blueberry, Lemon and Coconut Overnight Oats",Oats,,,,,,NULL_LINE re-enter
83bab5f5-cc38-4059-8343-a649050d94e1|0|5,"Blueberry, Lemon and Coconut Overnight Oats",Oats,,,,,,NULL_LINE re-enter
83bab5f5-cc38-4059-8343-a649050d94e1|0|6,"Blueberry, Lemon and Coconut Overnight Oats",Oats,,,,,,NULL_LINE re-enter
2afeb508-4845-4b72-b6e7-090c5d60b015|0|0,Bone Broth Smothered Chicken,main,,,,,,NULL_LINE re-enter
2afeb508-4845-4b72-b6e7-090c5d60b015|0|1,Bone Broth Smothered Chicken,main,,,,,,NULL_LINE re-enter
2afeb508-4845-4b72-b6e7-090c5d60b015|0|2,Bone Broth Smothered Chicken,main,,,,,,NULL_LINE re-enter
2afeb508-4845-4b72-b6e7-090c5d60b015|0|3,Bone Broth Smothered Chicken,main,,,,,,NULL_LINE re-enter
2afeb508-4845-4b72-b6e7-090c5d60b015|0|4,Bone Broth Smothered Chicken,main,,,,,,NULL_LINE re-enter
2afeb508-4845-4b72-b6e7-090c5d60b015|0|5,Bone Broth Smothered Chicken,main,,,,,,NULL_LINE re-enter
2afeb508-4845-4b72-b6e7-090c5d60b015|0|6,Bone Broth Smothered Chicken,main,,,,,,NULL_LINE re-enter
2afeb508-4845-4b72-b6e7-090c5d60b015|0|7,Bone Broth Smothered Chicken,main,,,,,,NULL_LINE re-enter
2afeb508-4845-4b72-b6e7-090c5d60b015|0|8,Bone Broth Smothered Chicken,main,,,,,,NULL_LINE re-enter
2afeb508-4845-4b72-b6e7-090c5d60b015|0|9,Bone Broth Smothered Chicken,main,,,,,,NULL_LINE re-enter
2afeb508-4845-4b72-b6e7-090c5d60b015|0|10,Bone Broth Smothered Chicken,main,,,,,,NULL_LINE re-enter
2afeb508-4845-4b72-b6e7-090c5d60b015|0|11,Bone Broth Smothered Chicken,main,,,,,,NULL_LINE re-enter
2afeb508-4845-4b72-b6e7-090c5d60b015|0|12,Bone Broth Smothered Chicken,main,,,,,,NULL_LINE re-enter
a14481d3-f334-45a1-bcf0-155bd45eddcc|0|0,Bounty Bar Overnight Oats,Main,,,,,,NULL_LINE re-enter
a14481d3-f334-45a1-bcf0-155bd45eddcc|0|1,Bounty Bar Overnight Oats,Main,,,,,,NULL_LINE re-enter
a14481d3-f334-45a1-bcf0-155bd45eddcc|0|2,Bounty Bar Overnight Oats,Main,,,,,,NULL_LINE re-enter
a14481d3-f334-45a1-bcf0-155bd45eddcc|0|3,Bounty Bar Overnight Oats,Main,,,,,,NULL_LINE re-enter
a14481d3-f334-45a1-bcf0-155bd45eddcc|0|4,Bounty Bar Overnight Oats,Main,,,,,,NULL_LINE re-enter
a14481d3-f334-45a1-bcf0-155bd45eddcc|0|5,Bounty Bar Overnight Oats,Main,,,,,,NULL_LINE re-enter
a14481d3-f334-45a1-bcf0-155bd45eddcc|0|6,Bounty Bar Overnight Oats,Main,,,,,,NULL_LINE re-enter
6737e00f-9e82-4a1f-9404-ca28f8011662|0|0,Brothy Miso Ginger Chicken and Rice,main,,,,,,NULL_LINE re-enter
6737e00f-9e82-4a1f-9404-ca28f8011662|0|1,Brothy Miso Ginger Chicken and Rice,main,,,,,,NULL_LINE re-enter
6737e00f-9e82-4a1f-9404-ca28f8011662|0|2,Brothy Miso Ginger Chicken and Rice,main,,,,,,NULL_LINE re-enter
6737e00f-9e82-4a1f-9404-ca28f8011662|0|3,Brothy Miso Ginger Chicken and Rice,main,,,,,,NULL_LINE re-enter
6737e00f-9e82-4a1f-9404-ca28f8011662|0|4,Brothy Miso Ginger Chicken and Rice,main,,,,,,NULL_LINE re-enter
6737e00f-9e82-4a1f-9404-ca28f8011662|0|5,Brothy Miso Ginger Chicken and Rice,main,,,,,,NULL_LINE re-enter
6737e00f-9e82-4a1f-9404-ca28f8011662|0|6,Brothy Miso Ginger Chicken and Rice,main,,,,,,NULL_LINE re-enter
6737e00f-9e82-4a1f-9404-ca28f8011662|0|7,Brothy Miso Ginger Chicken and Rice,main,,,,,,NULL_LINE re-enter
6737e00f-9e82-4a1f-9404-ca28f8011662|0|8,Brothy Miso Ginger Chicken and Rice,main,,,,,,NULL_LINE re-enter
6737e00f-9e82-4a1f-9404-ca28f8011662|0|9,Brothy Miso Ginger Chicken and Rice,main,,,,,,NULL_LINE re-enter
6737e00f-9e82-4a1f-9404-ca28f8011662|0|10,Brothy Miso Ginger Chicken and Rice,main,,,,,,NULL_LINE re-enter
6737e00f-9e82-4a1f-9404-ca28f8011662|0|11,Brothy Miso Ginger Chicken and Rice,main,,,,,,NULL_LINE re-enter
6737e00f-9e82-4a1f-9404-ca28f8011662|0|12,Brothy Miso Ginger Chicken and Rice,main,,,,,,NULL_LINE re-enter
6737e00f-9e82-4a1f-9404-ca28f8011662|0|13,Brothy Miso Ginger Chicken and Rice,main,,,,,,NULL_LINE re-enter
1142e72b-e586-47ce-bbee-46f61c1b927c|0|0,Brownie Batter Overnight Oats,Base,,,,,,NULL_LINE re-enter
1142e72b-e586-47ce-bbee-46f61c1b927c|0|1,Brownie Batter Overnight Oats,Base,,,,,,NULL_LINE re-enter
1142e72b-e586-47ce-bbee-46f61c1b927c|0|2,Brownie Batter Overnight Oats,Base,,,,,,NULL_LINE re-enter
1142e72b-e586-47ce-bbee-46f61c1b927c|0|3,Brownie Batter Overnight Oats,Base,,,,,,NULL_LINE re-enter
1142e72b-e586-47ce-bbee-46f61c1b927c|0|4,Brownie Batter Overnight Oats,Base,,,,,,NULL_LINE re-enter
1142e72b-e586-47ce-bbee-46f61c1b927c|0|5,Brownie Batter Overnight Oats,Base,,,,,,NULL_LINE re-enter
1142e72b-e586-47ce-bbee-46f61c1b927c|0|6,Brownie Batter Overnight Oats,Base,,,,,,NULL_LINE re-enter
1142e72b-e586-47ce-bbee-46f61c1b927c|0|7,Brownie Batter Overnight Oats,Base,,,,,,NULL_LINE re-enter
1142e72b-e586-47ce-bbee-46f61c1b927c|1|0,Brownie Batter Overnight Oats,Topping,,,,,,NULL_LINE re-enter
33248cb6-4aa5-49b5-8bc4-82668a066495|0|0,Buffalo Chicken Wrap,to serve,,,,,,NULL_LINE re-enter
33248cb6-4aa5-49b5-8bc4-82668a066495|0|1,Buffalo Chicken Wrap,to serve,,,,,,NULL_LINE re-enter
33248cb6-4aa5-49b5-8bc4-82668a066495|0|2,Buffalo Chicken Wrap,to serve,,,,,,NULL_LINE re-enter
33248cb6-4aa5-49b5-8bc4-82668a066495|0|3,Buffalo Chicken Wrap,to serve,,,,,,NULL_LINE re-enter
33248cb6-4aa5-49b5-8bc4-82668a066495|1|0,Buffalo Chicken Wrap,chicken breast,,,,,,NULL_LINE re-enter
33248cb6-4aa5-49b5-8bc4-82668a066495|1|1,Buffalo Chicken Wrap,chicken breast,,,,,,NULL_LINE re-enter
33248cb6-4aa5-49b5-8bc4-82668a066495|1|2,Buffalo Chicken Wrap,chicken breast,,,,,,NULL_LINE re-enter
33248cb6-4aa5-49b5-8bc4-82668a066495|1|3,Buffalo Chicken Wrap,chicken breast,,,,,,NULL_LINE re-enter
33248cb6-4aa5-49b5-8bc4-82668a066495|1|4,Buffalo Chicken Wrap,chicken breast,,,,,,NULL_LINE re-enter
33248cb6-4aa5-49b5-8bc4-82668a066495|1|5,Buffalo Chicken Wrap,chicken breast,,,,,,NULL_LINE re-enter
33248cb6-4aa5-49b5-8bc4-82668a066495|1|6,Buffalo Chicken Wrap,chicken breast,,,,,,NULL_LINE re-enter
33248cb6-4aa5-49b5-8bc4-82668a066495|1|7,Buffalo Chicken Wrap,chicken breast,,,,,,NULL_LINE re-enter
33248cb6-4aa5-49b5-8bc4-82668a066495|2|0,Buffalo Chicken Wrap,homemade coleslaw,,,,,,NULL_LINE re-enter
33248cb6-4aa5-49b5-8bc4-82668a066495|2|1,Buffalo Chicken Wrap,homemade coleslaw,,,,,,NULL_LINE re-enter
33248cb6-4aa5-49b5-8bc4-82668a066495|2|2,Buffalo Chicken Wrap,homemade coleslaw,,,,,,NULL_LINE re-enter
33248cb6-4aa5-49b5-8bc4-82668a066495|2|3,Buffalo Chicken Wrap,homemade coleslaw,,,,,,NULL_LINE re-enter
33248cb6-4aa5-49b5-8bc4-82668a066495|2|4,Buffalo Chicken Wrap,homemade coleslaw,,,,,,NULL_LINE re-enter
33248cb6-4aa5-49b5-8bc4-82668a066495|2|5,Buffalo Chicken Wrap,homemade coleslaw,,,,,,NULL_LINE re-enter
33248cb6-4aa5-49b5-8bc4-82668a066495|2|6,Buffalo Chicken Wrap,homemade coleslaw,,,,,,NULL_LINE re-enter
b13ccd14-d377-4a4b-8b8b-6ae6e2aa56f1|0|0,Burger Bowl,Bowl,,,,,,NULL_LINE re-enter
b13ccd14-d377-4a4b-8b8b-6ae6e2aa56f1|0|1,Burger Bowl,Bowl,,,,,,NULL_LINE re-enter
b13ccd14-d377-4a4b-8b8b-6ae6e2aa56f1|0|2,Burger Bowl,Bowl,,,,,,NULL_LINE re-enter
b13ccd14-d377-4a4b-8b8b-6ae6e2aa56f1|0|3,Burger Bowl,Bowl,,,,,,NULL_LINE re-enter
b13ccd14-d377-4a4b-8b8b-6ae6e2aa56f1|0|4,Burger Bowl,Bowl,,,,,,NULL_LINE re-enter
b13ccd14-d377-4a4b-8b8b-6ae6e2aa56f1|0|5,Burger Bowl,Bowl,,,,,,NULL_LINE re-enter
b13ccd14-d377-4a4b-8b8b-6ae6e2aa56f1|0|6,Burger Bowl,Bowl,,,,,,NULL_LINE re-enter
b13ccd14-d377-4a4b-8b8b-6ae6e2aa56f1|0|7,Burger Bowl,Bowl,,,,,,NULL_LINE re-enter
b13ccd14-d377-4a4b-8b8b-6ae6e2aa56f1|0|8,Burger Bowl,Bowl,,,,,,NULL_LINE re-enter
b13ccd14-d377-4a4b-8b8b-6ae6e2aa56f1|0|9,Burger Bowl,Bowl,,,,,,NULL_LINE re-enter
b13ccd14-d377-4a4b-8b8b-6ae6e2aa56f1|0|10,Burger Bowl,Bowl,,,,,,NULL_LINE re-enter
b13ccd14-d377-4a4b-8b8b-6ae6e2aa56f1|0|11,Burger Bowl,Bowl,,,,,,NULL_LINE re-enter
b13ccd14-d377-4a4b-8b8b-6ae6e2aa56f1|0|12,Burger Bowl,Bowl,,,,,,NULL_LINE re-enter
9515f7db-40f4-4a2b-9eb9-403b88e323c0|0|0,Butternut Peanut Butter Protein Mug Cake,Main,,,,,,NULL_LINE re-enter
9515f7db-40f4-4a2b-9eb9-403b88e323c0|0|1,Butternut Peanut Butter Protein Mug Cake,Main,,,,,,NULL_LINE re-enter
9515f7db-40f4-4a2b-9eb9-403b88e323c0|0|2,Butternut Peanut Butter Protein Mug Cake,Main,,,,,,NULL_LINE re-enter
9515f7db-40f4-4a2b-9eb9-403b88e323c0|0|3,Butternut Peanut Butter Protein Mug Cake,Main,,,,,,NULL_LINE re-enter
9515f7db-40f4-4a2b-9eb9-403b88e323c0|0|4,Butternut Peanut Butter Protein Mug Cake,Main,,,,,,NULL_LINE re-enter
9515f7db-40f4-4a2b-9eb9-403b88e323c0|0|5,Butternut Peanut Butter Protein Mug Cake,Main,,,,,,NULL_LINE re-enter
8939b9a3-5636-4e14-ba05-c36a892ba2fd|0|0,Butternut Squash Mac and Cheese,Main,,,,,,NULL_LINE re-enter
8939b9a3-5636-4e14-ba05-c36a892ba2fd|0|1,Butternut Squash Mac and Cheese,Main,,,,,,NULL_LINE re-enter
8939b9a3-5636-4e14-ba05-c36a892ba2fd|0|2,Butternut Squash Mac and Cheese,Main,,,,,,NULL_LINE re-enter
8939b9a3-5636-4e14-ba05-c36a892ba2fd|0|3,Butternut Squash Mac and Cheese,Main,,,,,,NULL_LINE re-enter
8939b9a3-5636-4e14-ba05-c36a892ba2fd|0|4,Butternut Squash Mac and Cheese,Main,,,,,,NULL_LINE re-enter
8939b9a3-5636-4e14-ba05-c36a892ba2fd|0|5,Butternut Squash Mac and Cheese,Main,,,,,,NULL_LINE re-enter
8939b9a3-5636-4e14-ba05-c36a892ba2fd|0|6,Butternut Squash Mac and Cheese,Main,,,,,,NULL_LINE re-enter
8939b9a3-5636-4e14-ba05-c36a892ba2fd|0|7,Butternut Squash Mac and Cheese,Main,,,,,,NULL_LINE re-enter
8939b9a3-5636-4e14-ba05-c36a892ba2fd|0|8,Butternut Squash Mac and Cheese,Main,,,,,,NULL_LINE re-enter
8939b9a3-5636-4e14-ba05-c36a892ba2fd|1|0,Butternut Squash Mac and Cheese,Breadcrumb Topping,,,,,,NULL_LINE re-enter
8939b9a3-5636-4e14-ba05-c36a892ba2fd|1|1,Butternut Squash Mac and Cheese,Breadcrumb Topping,,,,,,NULL_LINE re-enter
8939b9a3-5636-4e14-ba05-c36a892ba2fd|1|2,Butternut Squash Mac and Cheese,Breadcrumb Topping,,,,,,NULL_LINE re-enter
8939b9a3-5636-4e14-ba05-c36a892ba2fd|1|3,Butternut Squash Mac and Cheese,Breadcrumb Topping,,,,,,NULL_LINE re-enter
d1ab3cbc-7d0b-4928-a7b5-9e8a77674ef1|0|0,"Café Style Jacket Potatoes with Chicken, Bacon and Sweetcorn",main,,,,,,NULL_LINE re-enter
d1ab3cbc-7d0b-4928-a7b5-9e8a77674ef1|0|1,"Café Style Jacket Potatoes with Chicken, Bacon and Sweetcorn",main,,,,,,NULL_LINE re-enter
d1ab3cbc-7d0b-4928-a7b5-9e8a77674ef1|0|2,"Café Style Jacket Potatoes with Chicken, Bacon and Sweetcorn",main,,,,,,NULL_LINE re-enter
d1ab3cbc-7d0b-4928-a7b5-9e8a77674ef1|0|3,"Café Style Jacket Potatoes with Chicken, Bacon and Sweetcorn",main,,,,,,NULL_LINE re-enter
d1ab3cbc-7d0b-4928-a7b5-9e8a77674ef1|0|4,"Café Style Jacket Potatoes with Chicken, Bacon and Sweetcorn",main,,,,,,NULL_LINE re-enter
d1ab3cbc-7d0b-4928-a7b5-9e8a77674ef1|0|5,"Café Style Jacket Potatoes with Chicken, Bacon and Sweetcorn",main,,,,,,NULL_LINE re-enter
d1ab3cbc-7d0b-4928-a7b5-9e8a77674ef1|0|6,"Café Style Jacket Potatoes with Chicken, Bacon and Sweetcorn",main,,,,,,NULL_LINE re-enter
d1ab3cbc-7d0b-4928-a7b5-9e8a77674ef1|0|7,"Café Style Jacket Potatoes with Chicken, Bacon and Sweetcorn",main,,,,,,NULL_LINE re-enter
d1ab3cbc-7d0b-4928-a7b5-9e8a77674ef1|0|8,"Café Style Jacket Potatoes with Chicken, Bacon and Sweetcorn",main,,,,,,NULL_LINE re-enter
d1ab3cbc-7d0b-4928-a7b5-9e8a77674ef1|0|9,"Café Style Jacket Potatoes with Chicken, Bacon and Sweetcorn",main,,,,,,NULL_LINE re-enter
d1ab3cbc-7d0b-4928-a7b5-9e8a77674ef1|0|10,"Café Style Jacket Potatoes with Chicken, Bacon and Sweetcorn",main,,,,,,NULL_LINE re-enter
d1ab3cbc-7d0b-4928-a7b5-9e8a77674ef1|0|11,"Café Style Jacket Potatoes with Chicken, Bacon and Sweetcorn",main,,,,,,NULL_LINE re-enter
d1ab3cbc-7d0b-4928-a7b5-9e8a77674ef1|1|0,"Café Style Jacket Potatoes with Chicken, Bacon and Sweetcorn",salad,,,,,,NULL_LINE re-enter
d1ab3cbc-7d0b-4928-a7b5-9e8a77674ef1|1|1,"Café Style Jacket Potatoes with Chicken, Bacon and Sweetcorn",salad,,,,,,NULL_LINE re-enter
d1ab3cbc-7d0b-4928-a7b5-9e8a77674ef1|1|2,"Café Style Jacket Potatoes with Chicken, Bacon and Sweetcorn",salad,,,,,,NULL_LINE re-enter
d1ab3cbc-7d0b-4928-a7b5-9e8a77674ef1|1|3,"Café Style Jacket Potatoes with Chicken, Bacon and Sweetcorn",salad,,,,,,NULL_LINE re-enter
d1ab3cbc-7d0b-4928-a7b5-9e8a77674ef1|1|4,"Café Style Jacket Potatoes with Chicken, Bacon and Sweetcorn",salad,,,,,,NULL_LINE re-enter
d1ab3cbc-7d0b-4928-a7b5-9e8a77674ef1|1|5,"Café Style Jacket Potatoes with Chicken, Bacon and Sweetcorn",salad,,,,,,NULL_LINE re-enter
eaf7702b-b8e3-40ce-b9e4-4f7f65725526|0|0,California Rolls in a Bowl,Bowl,,,,,,NULL_LINE re-enter
eaf7702b-b8e3-40ce-b9e4-4f7f65725526|0|1,California Rolls in a Bowl,Bowl,,,,,,NULL_LINE re-enter
eaf7702b-b8e3-40ce-b9e4-4f7f65725526|0|2,California Rolls in a Bowl,Bowl,,,,,,NULL_LINE re-enter
eaf7702b-b8e3-40ce-b9e4-4f7f65725526|0|3,California Rolls in a Bowl,Bowl,,,,,,NULL_LINE re-enter
eaf7702b-b8e3-40ce-b9e4-4f7f65725526|0|4,California Rolls in a Bowl,Bowl,,,,,,NULL_LINE re-enter
eaf7702b-b8e3-40ce-b9e4-4f7f65725526|0|5,California Rolls in a Bowl,Bowl,,,,,,NULL_LINE re-enter
eaf7702b-b8e3-40ce-b9e4-4f7f65725526|0|6,California Rolls in a Bowl,Bowl,,,,,,NULL_LINE re-enter
eaf7702b-b8e3-40ce-b9e4-4f7f65725526|0|7,California Rolls in a Bowl,Bowl,,,,,,NULL_LINE re-enter
eaf7702b-b8e3-40ce-b9e4-4f7f65725526|0|8,California Rolls in a Bowl,Bowl,,,,,,NULL_LINE re-enter
eaf7702b-b8e3-40ce-b9e4-4f7f65725526|0|9,California Rolls in a Bowl,Bowl,,,,,,NULL_LINE re-enter
eaf7702b-b8e3-40ce-b9e4-4f7f65725526|1|0,California Rolls in a Bowl,Dressing and Garnish,,,,,,NULL_LINE re-enter
eaf7702b-b8e3-40ce-b9e4-4f7f65725526|1|1,California Rolls in a Bowl,Dressing and Garnish,,,,,,NULL_LINE re-enter
eaf7702b-b8e3-40ce-b9e4-4f7f65725526|1|2,California Rolls in a Bowl,Dressing and Garnish,,,,,,NULL_LINE re-enter
284ec1c7-5ea1-4e78-86ad-a0d486fd8e29|0|0,Caramel Rice Cake Strawberry Treat,Main,,,,,,NULL_LINE re-enter
284ec1c7-5ea1-4e78-86ad-a0d486fd8e29|0|1,Caramel Rice Cake Strawberry Treat,Main,,,,,,NULL_LINE re-enter
284ec1c7-5ea1-4e78-86ad-a0d486fd8e29|0|2,Caramel Rice Cake Strawberry Treat,Main,,,,,,NULL_LINE re-enter
284ec1c7-5ea1-4e78-86ad-a0d486fd8e29|0|3,Caramel Rice Cake Strawberry Treat,Main,,,,,,NULL_LINE re-enter
284ec1c7-5ea1-4e78-86ad-a0d486fd8e29|0|4,Caramel Rice Cake Strawberry Treat,Main,,,,,,NULL_LINE re-enter
284ec1c7-5ea1-4e78-86ad-a0d486fd8e29|0|5,Caramel Rice Cake Strawberry Treat,Main,,,,,,NULL_LINE re-enter
5eaccfba-85aa-48b6-8eaa-9796c79b5769|0|0,Caramelised Onion Rice with Tikka Cod,Cod Marinade,,,,,,NULL_LINE re-enter
5eaccfba-85aa-48b6-8eaa-9796c79b5769|0|1,Caramelised Onion Rice with Tikka Cod,Cod Marinade,,,,,,NULL_LINE re-enter
5eaccfba-85aa-48b6-8eaa-9796c79b5769|0|2,Caramelised Onion Rice with Tikka Cod,Cod Marinade,,,,,,NULL_LINE re-enter
5eaccfba-85aa-48b6-8eaa-9796c79b5769|0|3,Caramelised Onion Rice with Tikka Cod,Cod Marinade,,,,,,NULL_LINE re-enter
5eaccfba-85aa-48b6-8eaa-9796c79b5769|0|4,Caramelised Onion Rice with Tikka Cod,Cod Marinade,,,,,,NULL_LINE re-enter
5eaccfba-85aa-48b6-8eaa-9796c79b5769|0|5,Caramelised Onion Rice with Tikka Cod,Cod Marinade,,,,,,NULL_LINE re-enter
5eaccfba-85aa-48b6-8eaa-9796c79b5769|0|6,Caramelised Onion Rice with Tikka Cod,Cod Marinade,,,,,,NULL_LINE re-enter
5eaccfba-85aa-48b6-8eaa-9796c79b5769|0|7,Caramelised Onion Rice with Tikka Cod,Cod Marinade,,,,,,NULL_LINE re-enter
5eaccfba-85aa-48b6-8eaa-9796c79b5769|1|0,Caramelised Onion Rice with Tikka Cod,Caramelised Onion Rice,,,,,,NULL_LINE re-enter
5eaccfba-85aa-48b6-8eaa-9796c79b5769|1|1,Caramelised Onion Rice with Tikka Cod,Caramelised Onion Rice,,,,,,NULL_LINE re-enter
5eaccfba-85aa-48b6-8eaa-9796c79b5769|1|2,Caramelised Onion Rice with Tikka Cod,Caramelised Onion Rice,,,,,,NULL_LINE re-enter
5eaccfba-85aa-48b6-8eaa-9796c79b5769|1|3,Caramelised Onion Rice with Tikka Cod,Caramelised Onion Rice,,,,,,NULL_LINE re-enter
5eaccfba-85aa-48b6-8eaa-9796c79b5769|1|4,Caramelised Onion Rice with Tikka Cod,Caramelised Onion Rice,,,,,,NULL_LINE re-enter
5eaccfba-85aa-48b6-8eaa-9796c79b5769|1|5,Caramelised Onion Rice with Tikka Cod,Caramelised Onion Rice,,,,,,NULL_LINE re-enter
5eaccfba-85aa-48b6-8eaa-9796c79b5769|1|6,Caramelised Onion Rice with Tikka Cod,Caramelised Onion Rice,,,,,,NULL_LINE re-enter
5eaccfba-85aa-48b6-8eaa-9796c79b5769|1|7,Caramelised Onion Rice with Tikka Cod,Caramelised Onion Rice,,,,,,NULL_LINE re-enter
5eaccfba-85aa-48b6-8eaa-9796c79b5769|2|0,Caramelised Onion Rice with Tikka Cod,Raita,,,,,,NULL_LINE re-enter
5eaccfba-85aa-48b6-8eaa-9796c79b5769|2|1,Caramelised Onion Rice with Tikka Cod,Raita,,,,,,NULL_LINE re-enter
5eaccfba-85aa-48b6-8eaa-9796c79b5769|2|2,Caramelised Onion Rice with Tikka Cod,Raita,,,,,,NULL_LINE re-enter
5eaccfba-85aa-48b6-8eaa-9796c79b5769|2|3,Caramelised Onion Rice with Tikka Cod,Raita,,,,,,NULL_LINE re-enter
5eaccfba-85aa-48b6-8eaa-9796c79b5769|2|4,Caramelised Onion Rice with Tikka Cod,Raita,,,,,,NULL_LINE re-enter
b1737060-81cc-4584-9ab6-faac1d39a632|0|0,Carrot Cake Baked Oats,Main,,,,,,NULL_LINE re-enter
b1737060-81cc-4584-9ab6-faac1d39a632|0|1,Carrot Cake Baked Oats,Main,,,,,,NULL_LINE re-enter
b1737060-81cc-4584-9ab6-faac1d39a632|0|2,Carrot Cake Baked Oats,Main,,,,,,NULL_LINE re-enter
b1737060-81cc-4584-9ab6-faac1d39a632|0|3,Carrot Cake Baked Oats,Main,,,,,,NULL_LINE re-enter
b1737060-81cc-4584-9ab6-faac1d39a632|0|4,Carrot Cake Baked Oats,Main,,,,,,NULL_LINE re-enter
b1737060-81cc-4584-9ab6-faac1d39a632|0|5,Carrot Cake Baked Oats,Main,,,,,,NULL_LINE re-enter
b1737060-81cc-4584-9ab6-faac1d39a632|0|6,Carrot Cake Baked Oats,Main,,,,,,NULL_LINE re-enter
b1737060-81cc-4584-9ab6-faac1d39a632|0|7,Carrot Cake Baked Oats,Main,,,,,,NULL_LINE re-enter
b1737060-81cc-4584-9ab6-faac1d39a632|0|8,Carrot Cake Baked Oats,Main,,,,,,NULL_LINE re-enter
b1737060-81cc-4584-9ab6-faac1d39a632|0|9,Carrot Cake Baked Oats,Main,,,,,,NULL_LINE re-enter
b1737060-81cc-4584-9ab6-faac1d39a632|0|10,Carrot Cake Baked Oats,Main,,,,,,NULL_LINE re-enter
b1737060-81cc-4584-9ab6-faac1d39a632|1|0,Carrot Cake Baked Oats,Toppings,,,,,,NULL_LINE re-enter
b1737060-81cc-4584-9ab6-faac1d39a632|1|1,Carrot Cake Baked Oats,Toppings,,,,,,NULL_LINE re-enter
d7f45a4d-7098-48b6-9cdc-e4f4aead11d7|0|0,Carrot Cake Loaf,Main,,,,,,NULL_LINE re-enter
d7f45a4d-7098-48b6-9cdc-e4f4aead11d7|0|1,Carrot Cake Loaf,Main,,,,,,NULL_LINE re-enter
d7f45a4d-7098-48b6-9cdc-e4f4aead11d7|0|2,Carrot Cake Loaf,Main,,,,,,NULL_LINE re-enter
d7f45a4d-7098-48b6-9cdc-e4f4aead11d7|0|3,Carrot Cake Loaf,Main,,,,,,NULL_LINE re-enter
d7f45a4d-7098-48b6-9cdc-e4f4aead11d7|0|4,Carrot Cake Loaf,Main,,,,,,NULL_LINE re-enter
d7f45a4d-7098-48b6-9cdc-e4f4aead11d7|0|5,Carrot Cake Loaf,Main,,,,,,NULL_LINE re-enter
d7f45a4d-7098-48b6-9cdc-e4f4aead11d7|0|6,Carrot Cake Loaf,Main,,,,,,NULL_LINE re-enter
d7f45a4d-7098-48b6-9cdc-e4f4aead11d7|0|7,Carrot Cake Loaf,Main,,,,,,NULL_LINE re-enter
d7f45a4d-7098-48b6-9cdc-e4f4aead11d7|0|8,Carrot Cake Loaf,Main,,,,,,NULL_LINE re-enter
d7f45a4d-7098-48b6-9cdc-e4f4aead11d7|0|9,Carrot Cake Loaf,Main,,,,,,NULL_LINE re-enter
d7f45a4d-7098-48b6-9cdc-e4f4aead11d7|0|10,Carrot Cake Loaf,Main,,,,,,NULL_LINE re-enter
04f128d1-e030-403b-819f-ae328c70087f|0|0,Carrot Cake Meal Prep Baked Oats,Main,200g rolled oats,200,g,rolled oats,,
04f128d1-e030-403b-819f-ae328c70087f|0|1,Carrot Cake Meal Prep Baked Oats,Main,2 bananas,2,,bananas,,
04f128d1-e030-403b-819f-ae328c70087f|0|2,Carrot Cake Meal Prep Baked Oats,Main,60g soy protein,60,g,soy protein,,
04f128d1-e030-403b-819f-ae328c70087f|0|3,Carrot Cake Meal Prep Baked Oats,Main,420ml milk,420,ml,milk,,
04f128d1-e030-403b-819f-ae328c70087f|0|4,Carrot Cake Meal Prep Baked Oats,Main,1.5 tsp baking powder,1.5,tsp,baking powder,,
04f128d1-e030-403b-819f-ae328c70087f|0|5,Carrot Cake Meal Prep Baked Oats,Main,1 tsp mixed spice,1,tsp,mixed spice,,
04f128d1-e030-403b-819f-ae328c70087f|0|6,Carrot Cake Meal Prep Baked Oats,Main,1 tsp cinnamon,1,tsp,cinnamon,,
04f128d1-e030-403b-819f-ae328c70087f|0|7,Carrot Cake Meal Prep Baked Oats,Main,70g grated carrot,70,g,carrot,grated,
04f128d1-e030-403b-819f-ae328c70087f|0|8,Carrot Cake Meal Prep Baked Oats,Main,40g raisins,40,g,raisins,,
04f128d1-e030-403b-819f-ae328c70087f|0|9,Carrot Cake Meal Prep Baked Oats,Main,Pinch of salt,1,pinch,salt,,
04f128d1-e030-403b-819f-ae328c70087f|1|0,Carrot Cake Meal Prep Baked Oats,Topping,150g thick yoghurt,150,g,thick yoghurt,,
04f128d1-e030-403b-819f-ae328c70087f|1|1,Carrot Cake Meal Prep Baked Oats,Topping,Honey to taste,,,Honey,to taste,vague|no-qty
04f128d1-e030-403b-819f-ae328c70087f|1|2,Carrot Cake Meal Prep Baked Oats,Topping,Lemon juice to taste,,,Lemon juice,to taste,vague|no-qty
04f128d1-e030-403b-819f-ae328c70087f|1|3,Carrot Cake Meal Prep Baked Oats,Topping,30g walnuts,30,g,walnuts,,
6bfe7c47-00d3-4be0-803b-46cde65f4028|0|0,Carrot Cake Overnight Oats,Main,1/2 cup oats,0.5,cup,oats,,
6bfe7c47-00d3-4be0-803b-46cde65f4028|0|1,Carrot Cake Overnight Oats,Main,1/3 cup milk,0.333,cup,milk,,
6bfe7c47-00d3-4be0-803b-46cde65f4028|0|2,Carrot Cake Overnight Oats,Main,3-4 tbsp yogurt,3,tbsp,yogurt,,range
6bfe7c47-00d3-4be0-803b-46cde65f4028|0|3,Carrot Cake Overnight Oats,Main,1/4 tsp cinnamon,0.25,tsp,cinnamon,,
6bfe7c47-00d3-4be0-803b-46cde65f4028|0|4,Carrot Cake Overnight Oats,Main,A little less than 1/4 tsp nutmeg,0.25,tsp,nutmeg,,
6bfe7c47-00d3-4be0-803b-46cde65f4028|0|5,Carrot Cake Overnight Oats,Main,1/2 tbsp chia seeds,0.5,tbsp,chia seeds,,
6bfe7c47-00d3-4be0-803b-46cde65f4028|0|6,Carrot Cake Overnight Oats,Main,1/2 tbsp maple syrup,0.5,tbsp,maple syrup,,
6bfe7c47-00d3-4be0-803b-46cde65f4028|0|7,Carrot Cake Overnight Oats,Main,1/3 cup shredded carrot,0.333,cup,carrot,shredded,
6bfe7c47-00d3-4be0-803b-46cde65f4028|0|8,Carrot Cake Overnight Oats,Main,1/4 tsp vanilla,0.25,tsp,vanilla,,
6bfe7c47-00d3-4be0-803b-46cde65f4028|0|9,Carrot Cake Overnight Oats,Main,Pinch of salt,1,pinch,salt,,
6bfe7c47-00d3-4be0-803b-46cde65f4028|1|0,Carrot Cake Overnight Oats,Toppings,Walnuts,,,Walnuts,,no-qty
6bfe7c47-00d3-4be0-803b-46cde65f4028|1|1,Carrot Cake Overnight Oats,Toppings,Raisins or dates,,,Raisins or dates,,or-alt|no-qty
02e399c0-d2ed-4200-b172-990b5735b7d9|0|0,Cauliflower Cheese Gnocchi Bake,Main,,,,,,NULL_LINE re-enter
02e399c0-d2ed-4200-b172-990b5735b7d9|0|1,Cauliflower Cheese Gnocchi Bake,Main,,,,,,NULL_LINE re-enter
02e399c0-d2ed-4200-b172-990b5735b7d9|0|2,Cauliflower Cheese Gnocchi Bake,Main,,,,,,NULL_LINE re-enter
02e399c0-d2ed-4200-b172-990b5735b7d9|0|3,Cauliflower Cheese Gnocchi Bake,Main,,,,,,NULL_LINE re-enter
02e399c0-d2ed-4200-b172-990b5735b7d9|0|4,Cauliflower Cheese Gnocchi Bake,Main,,,,,,NULL_LINE re-enter
02e399c0-d2ed-4200-b172-990b5735b7d9|0|5,Cauliflower Cheese Gnocchi Bake,Main,,,,,,NULL_LINE re-enter
02e399c0-d2ed-4200-b172-990b5735b7d9|0|6,Cauliflower Cheese Gnocchi Bake,Main,,,,,,NULL_LINE re-enter
02e399c0-d2ed-4200-b172-990b5735b7d9|0|7,Cauliflower Cheese Gnocchi Bake,Main,,,,,,NULL_LINE re-enter
02e399c0-d2ed-4200-b172-990b5735b7d9|0|8,Cauliflower Cheese Gnocchi Bake,Main,,,,,,NULL_LINE re-enter
02e399c0-d2ed-4200-b172-990b5735b7d9|0|9,Cauliflower Cheese Gnocchi Bake,Main,,,,,,NULL_LINE re-enter
02e399c0-d2ed-4200-b172-990b5735b7d9|0|10,Cauliflower Cheese Gnocchi Bake,Main,,,,,,NULL_LINE re-enter
02e399c0-d2ed-4200-b172-990b5735b7d9|0|11,Cauliflower Cheese Gnocchi Bake,Main,,,,,,NULL_LINE re-enter
2d30544e-9e6b-4a5c-a8bc-a6d70a272bc9|0|0,Char Siu Chicken,Chicken,,,,,,NULL_LINE re-enter
2d30544e-9e6b-4a5c-a8bc-a6d70a272bc9|0|1,Char Siu Chicken,Chicken,,,,,,NULL_LINE re-enter
2d30544e-9e6b-4a5c-a8bc-a6d70a272bc9|0|2,Char Siu Chicken,Chicken,,,,,,NULL_LINE re-enter
2d30544e-9e6b-4a5c-a8bc-a6d70a272bc9|0|3,Char Siu Chicken,Chicken,,,,,,NULL_LINE re-enter
2d30544e-9e6b-4a5c-a8bc-a6d70a272bc9|0|4,Char Siu Chicken,Chicken,,,,,,NULL_LINE re-enter
2d30544e-9e6b-4a5c-a8bc-a6d70a272bc9|0|5,Char Siu Chicken,Chicken,,,,,,NULL_LINE re-enter
2d30544e-9e6b-4a5c-a8bc-a6d70a272bc9|0|6,Char Siu Chicken,Chicken,,,,,,NULL_LINE re-enter
2d30544e-9e6b-4a5c-a8bc-a6d70a272bc9|0|7,Char Siu Chicken,Chicken,,,,,,NULL_LINE re-enter
2d30544e-9e6b-4a5c-a8bc-a6d70a272bc9|0|8,Char Siu Chicken,Chicken,,,,,,NULL_LINE re-enter
2d30544e-9e6b-4a5c-a8bc-a6d70a272bc9|0|9,Char Siu Chicken,Chicken,,,,,,NULL_LINE re-enter
2d30544e-9e6b-4a5c-a8bc-a6d70a272bc9|1|0,Char Siu Chicken,Rice,,,,,,NULL_LINE re-enter
2d30544e-9e6b-4a5c-a8bc-a6d70a272bc9|2|0,Char Siu Chicken,Cucumber Salad,,,,,,NULL_LINE re-enter
2d30544e-9e6b-4a5c-a8bc-a6d70a272bc9|2|1,Char Siu Chicken,Cucumber Salad,,,,,,NULL_LINE re-enter
2d30544e-9e6b-4a5c-a8bc-a6d70a272bc9|2|2,Char Siu Chicken,Cucumber Salad,,,,,,NULL_LINE re-enter
2d30544e-9e6b-4a5c-a8bc-a6d70a272bc9|2|3,Char Siu Chicken,Cucumber Salad,,,,,,NULL_LINE re-enter
2d30544e-9e6b-4a5c-a8bc-a6d70a272bc9|2|4,Char Siu Chicken,Cucumber Salad,,,,,,NULL_LINE re-enter
2d30544e-9e6b-4a5c-a8bc-a6d70a272bc9|2|5,Char Siu Chicken,Cucumber Salad,,,,,,NULL_LINE re-enter
2d30544e-9e6b-4a5c-a8bc-a6d70a272bc9|2|6,Char Siu Chicken,Cucumber Salad,,,,,,NULL_LINE re-enter
2d30544e-9e6b-4a5c-a8bc-a6d70a272bc9|2|7,Char Siu Chicken,Cucumber Salad,,,,,,NULL_LINE re-enter
2d30544e-9e6b-4a5c-a8bc-a6d70a272bc9|2|8,Char Siu Chicken,Cucumber Salad,,,,,,NULL_LINE re-enter
2d30544e-9e6b-4a5c-a8bc-a6d70a272bc9|2|9,Char Siu Chicken,Cucumber Salad,,,,,,NULL_LINE re-enter
c6cf8cc6-54c7-4515-a715-ed697353de03|0|0,Chicken & Egg Breakfast Casserole,Main,,,,,,NULL_LINE re-enter
c6cf8cc6-54c7-4515-a715-ed697353de03|0|1,Chicken & Egg Breakfast Casserole,Main,,,,,,NULL_LINE re-enter
c6cf8cc6-54c7-4515-a715-ed697353de03|0|2,Chicken & Egg Breakfast Casserole,Main,,,,,,NULL_LINE re-enter
c6cf8cc6-54c7-4515-a715-ed697353de03|0|3,Chicken & Egg Breakfast Casserole,Main,,,,,,NULL_LINE re-enter
c6cf8cc6-54c7-4515-a715-ed697353de03|0|4,Chicken & Egg Breakfast Casserole,Main,,,,,,NULL_LINE re-enter
c6cf8cc6-54c7-4515-a715-ed697353de03|0|5,Chicken & Egg Breakfast Casserole,Main,,,,,,NULL_LINE re-enter
c6cf8cc6-54c7-4515-a715-ed697353de03|0|6,Chicken & Egg Breakfast Casserole,Main,,,,,,NULL_LINE re-enter
c6cf8cc6-54c7-4515-a715-ed697353de03|0|7,Chicken & Egg Breakfast Casserole,Main,,,,,,NULL_LINE re-enter
c6cf8cc6-54c7-4515-a715-ed697353de03|0|8,Chicken & Egg Breakfast Casserole,Main,,,,,,NULL_LINE re-enter
c6cf8cc6-54c7-4515-a715-ed697353de03|0|9,Chicken & Egg Breakfast Casserole,Main,,,,,,NULL_LINE re-enter
c6cf8cc6-54c7-4515-a715-ed697353de03|0|10,Chicken & Egg Breakfast Casserole,Main,,,,,,NULL_LINE re-enter
c6cf8cc6-54c7-4515-a715-ed697353de03|0|11,Chicken & Egg Breakfast Casserole,Main,,,,,,NULL_LINE re-enter
c6cf8cc6-54c7-4515-a715-ed697353de03|0|12,Chicken & Egg Breakfast Casserole,Main,,,,,,NULL_LINE re-enter
c6cf8cc6-54c7-4515-a715-ed697353de03|0|13,Chicken & Egg Breakfast Casserole,Main,,,,,,NULL_LINE re-enter
c6cf8cc6-54c7-4515-a715-ed697353de03|0|14,Chicken & Egg Breakfast Casserole,Main,,,,,,NULL_LINE re-enter
93442c4f-672c-401d-8f1c-c8d9d3e9c9f7|0|0,Chicken and Potato Traybake,Main,,,,,,NULL_LINE re-enter
93442c4f-672c-401d-8f1c-c8d9d3e9c9f7|0|1,Chicken and Potato Traybake,Main,,,,,,NULL_LINE re-enter
93442c4f-672c-401d-8f1c-c8d9d3e9c9f7|0|2,Chicken and Potato Traybake,Main,,,,,,NULL_LINE re-enter
93442c4f-672c-401d-8f1c-c8d9d3e9c9f7|0|3,Chicken and Potato Traybake,Main,,,,,,NULL_LINE re-enter
93442c4f-672c-401d-8f1c-c8d9d3e9c9f7|0|4,Chicken and Potato Traybake,Main,,,,,,NULL_LINE re-enter
93442c4f-672c-401d-8f1c-c8d9d3e9c9f7|0|5,Chicken and Potato Traybake,Main,,,,,,NULL_LINE re-enter
93442c4f-672c-401d-8f1c-c8d9d3e9c9f7|0|6,Chicken and Potato Traybake,Main,,,,,,NULL_LINE re-enter
93442c4f-672c-401d-8f1c-c8d9d3e9c9f7|0|7,Chicken and Potato Traybake,Main,,,,,,NULL_LINE re-enter
93442c4f-672c-401d-8f1c-c8d9d3e9c9f7|0|8,Chicken and Potato Traybake,Main,,,,,,NULL_LINE re-enter
93442c4f-672c-401d-8f1c-c8d9d3e9c9f7|0|9,Chicken and Potato Traybake,Main,,,,,,NULL_LINE re-enter
93442c4f-672c-401d-8f1c-c8d9d3e9c9f7|0|10,Chicken and Potato Traybake,Main,,,,,,NULL_LINE re-enter
be78fedf-c5b3-4931-a22f-5accfba91566|0|0,Chicken Pad Thai,Chicken,"800g chicken breast, cubed",800,g,chicken breast,cubed,
be78fedf-c5b3-4931-a22f-5accfba91566|0|1,Chicken Pad Thai,Chicken,20g soy sauce,20,g,soy sauce,,
be78fedf-c5b3-4931-a22f-5accfba91566|0|2,Chicken Pad Thai,Chicken,2 tsp black pepper,2,tsp,black pepper,,
be78fedf-c5b3-4931-a22f-5accfba91566|0|3,Chicken Pad Thai,Chicken,2 tsp garlic powder,2,tsp,garlic powder,,
be78fedf-c5b3-4931-a22f-5accfba91566|0|4,Chicken Pad Thai,Chicken,1 tsp chilli flakes,1,tsp,chilli flakes,,
be78fedf-c5b3-4931-a22f-5accfba91566|0|5,Chicken Pad Thai,Chicken,2 tsp olive oil (for cooking),2,tsp,olive oil,for cooking,
be78fedf-c5b3-4931-a22f-5accfba91566|1|0,Chicken Pad Thai,Pad Thai Sauce,30g soy sauce,30,g,soy sauce,,
be78fedf-c5b3-4931-a22f-5accfba91566|1|1,Chicken Pad Thai,Pad Thai Sauce,40g tamarind paste,40,g,tamarind paste,,
be78fedf-c5b3-4931-a22f-5accfba91566|1|2,Chicken Pad Thai,Pad Thai Sauce,30g honey,30,g,honey,,
be78fedf-c5b3-4931-a22f-5accfba91566|1|3,Chicken Pad Thai,Pad Thai Sauce,5g fish sauce,5,g,fish sauce,,
be78fedf-c5b3-4931-a22f-5accfba91566|1|4,Chicken Pad Thai,Pad Thai Sauce,15–20g sriracha,15,g,sriracha,,range
be78fedf-c5b3-4931-a22f-5accfba91566|1|5,Chicken Pad Thai,Pad Thai Sauce,juice of 1–2 limes,,,juice of 1–2 limes,,digit-in-name|no-qty
be78fedf-c5b3-4931-a22f-5accfba91566|2|0,Chicken Pad Thai,For Cooking,"4 garlic cloves, chopped",4,,garlic cloves,chopped,
be78fedf-c5b3-4931-a22f-5accfba91566|2|1,Chicken Pad Thai,For Cooking,"1 medium onion, chopped",1,,medium onion,chopped,
be78fedf-c5b3-4931-a22f-5accfba91566|2|2,Chicken Pad Thai,For Cooking,chopped green onion,,,green onion,chopped,no-qty
be78fedf-c5b3-4931-a22f-5accfba91566|2|3,Chicken Pad Thai,For Cooking,3 whole eggs,3,,whole eggs,,
be78fedf-c5b3-4931-a22f-5accfba91566|2|4,Chicken Pad Thai,For Cooking,400g cooked rice noodles,400,g,cooked rice noodles,,
be78fedf-c5b3-4931-a22f-5accfba91566|3|0,Chicken Pad Thai,To Serve,extra green onion,,,extra green onion,,no-qty
be78fedf-c5b3-4931-a22f-5accfba91566|3|1,Chicken Pad Thai,To Serve,bean sprouts,,,bean sprouts,,no-qty
be78fedf-c5b3-4931-a22f-5accfba91566|3|2,Chicken Pad Thai,To Serve,30g crushed peanuts,30,g,peanuts,crushed,
be78fedf-c5b3-4931-a22f-5accfba91566|3|3,Chicken Pad Thai,To Serve,chilli flakes,,,chilli flakes,,no-qty
be78fedf-c5b3-4931-a22f-5accfba91566|3|4,Chicken Pad Thai,To Serve,lime juice,,,lime juice,,no-qty
649ea0c1-0d72-48d7-a999-c782e598e4bd|0|0,Chicken Shawarma Crispy Rice Salad,salad,"5 Persian cucumbers, thinly sliced",5,,Persian cucumbers,thinly sliced,
649ea0c1-0d72-48d7-a999-c782e598e4bd|0|1,Chicken Shawarma Crispy Rice Salad,salad,"1 cup baby tomatoes, halved",1,cup,baby tomatoes,halved,
649ea0c1-0d72-48d7-a999-c782e598e4bd|0|2,Chicken Shawarma Crispy Rice Salad,salad,"½ red onion, finely sliced",0.5,,red onion,finely sliced,
649ea0c1-0d72-48d7-a999-c782e598e4bd|0|3,Chicken Shawarma Crispy Rice Salad,salad,"3 dill pickles, chopped",3,,dill pickles,chopped,
649ea0c1-0d72-48d7-a999-c782e598e4bd|0|4,Chicken Shawarma Crispy Rice Salad,salad,"1 bunch mint, chopped (½ cup)",1,bunch,mint,chopped; ½ cup,
649ea0c1-0d72-48d7-a999-c782e598e4bd|1|0,Chicken Shawarma Crispy Rice Salad,chicken,"1 lb boneless skinless chicken thighs, cut into ½-inch pieces",1,lb,boneless skinless chicken thighs,cut into ½-inch pieces,
649ea0c1-0d72-48d7-a999-c782e598e4bd|1|1,Chicken Shawarma Crispy Rice Salad,chicken,2 tb olive oil,2,,tb olive oil,,
649ea0c1-0d72-48d7-a999-c782e598e4bd|1|2,Chicken Shawarma Crispy Rice Salad,chicken,2 tsp ground turmeric,2,tsp,ground turmeric,,
649ea0c1-0d72-48d7-a999-c782e598e4bd|1|3,Chicken Shawarma Crispy Rice Salad,chicken,2 tsp cumin,2,tsp,cumin,,
649ea0c1-0d72-48d7-a999-c782e598e4bd|1|4,Chicken Shawarma Crispy Rice Salad,chicken,1 tsp cinnamon,1,tsp,cinnamon,,
649ea0c1-0d72-48d7-a999-c782e598e4bd|1|5,Chicken Shawarma Crispy Rice Salad,chicken,1 tsp garlic powder,1,tsp,garlic powder,,
649ea0c1-0d72-48d7-a999-c782e598e4bd|1|6,Chicken Shawarma Crispy Rice Salad,chicken,½ tsp black pepper,0.5,tsp,black pepper,,
649ea0c1-0d72-48d7-a999-c782e598e4bd|2|0,Chicken Shawarma Crispy Rice Salad,crispy rice,"2 cups cooked rice, cooled (jasmine rice)",2,cup,cooked rice,cooled; jasmine rice,
649ea0c1-0d72-48d7-a999-c782e598e4bd|2|1,Chicken Shawarma Crispy Rice Salad,crispy rice,1 tb olive oil,1,,tb olive oil,,
649ea0c1-0d72-48d7-a999-c782e598e4bd|2|2,Chicken Shawarma Crispy Rice Salad,crispy rice,1 tsp paprika,1,tsp,paprika,,
649ea0c1-0d72-48d7-a999-c782e598e4bd|2|3,Chicken Shawarma Crispy Rice Salad,crispy rice,1 tsp oregano,1,tsp,oregano,,
649ea0c1-0d72-48d7-a999-c782e598e4bd|2|4,Chicken Shawarma Crispy Rice Salad,crispy rice,½ tsp garlic powder,0.5,tsp,garlic powder,,
649ea0c1-0d72-48d7-a999-c782e598e4bd|3|0,Chicken Shawarma Crispy Rice Salad,creamy lemon-tahini dressing,½ cup greek yogurt,0.5,cup,greek yogurt,,
649ea0c1-0d72-48d7-a999-c782e598e4bd|3|1,Chicken Shawarma Crispy Rice Salad,creamy lemon-tahini dressing,⅓ cup tahini,0.333,cup,tahini,,
649ea0c1-0d72-48d7-a999-c782e598e4bd|3|2,Chicken Shawarma Crispy Rice Salad,creamy lemon-tahini dressing,¼ cup olive oil,0.25,cup,olive oil,,
649ea0c1-0d72-48d7-a999-c782e598e4bd|3|3,Chicken Shawarma Crispy Rice Salad,creamy lemon-tahini dressing,¼ cup lemon juice (1 lemon),0.25,cup,lemon juice,1 lemon,
649ea0c1-0d72-48d7-a999-c782e598e4bd|3|4,Chicken Shawarma Crispy Rice Salad,creamy lemon-tahini dressing,2 cloves garlic,2,clove,garlic,,
649ea0c1-0d72-48d7-a999-c782e598e4bd|3|5,Chicken Shawarma Crispy Rice Salad,creamy lemon-tahini dressing,1 tsp kosher salt,1,tsp,kosher salt,,
649ea0c1-0d72-48d7-a999-c782e598e4bd|3|6,Chicken Shawarma Crispy Rice Salad,creamy lemon-tahini dressing,"1–2 tb honey or maple syrup (optional, for sweetness)",1,,tb honey or maple syrup,"optional, for sweetness",range|or-alt
520918ae-a734-4ad1-9fed-c51e46ca82ca|0|0,Chicken Shawarma Sheet Pan Dinner,tray,"2 red onions, cut into small wedges",2,,red onions,cut into small wedges,
520918ae-a734-4ad1-9fed-c51e46ca82ca|0|1,Chicken Shawarma Sheet Pan Dinner,tray,1 tbsp sumac (+ extra to finish),1,tbsp,sumac,+ extra to finish,
520918ae-a734-4ad1-9fed-c51e46ca82ca|0|2,Chicken Shawarma Sheet Pan Dinner,tray,Olive oil,,,Olive oil,,no-qty
520918ae-a734-4ad1-9fed-c51e46ca82ca|1|0,Chicken Shawarma Sheet Pan Dinner,cucumber sauce,¾ cup plain greek yogurt,0.75,cup,plain greek yogurt,,
520918ae-a734-4ad1-9fed-c51e46ca82ca|1|1,Chicken Shawarma Sheet Pan Dinner,cucumber sauce,"1 Persian cucumber, finely diced",1,,Persian cucumber,finely diced,
520918ae-a734-4ad1-9fed-c51e46ca82ca|1|2,Chicken Shawarma Sheet Pan Dinner,cucumber sauce,3 tbsp finely chopped fresh dill,3,tbsp,fresh dill,finely chopped,
520918ae-a734-4ad1-9fed-c51e46ca82ca|1|3,Chicken Shawarma Sheet Pan Dinner,cucumber sauce,"1 small shallot, finely shredded or processed",1,,small shallot,finely shredded or processed,or-alt
520918ae-a734-4ad1-9fed-c51e46ca82ca|1|4,Chicken Shawarma Sheet Pan Dinner,cucumber sauce,juice of ½ lemon,,,juice of ½ lemon,,no-qty
520918ae-a734-4ad1-9fed-c51e46ca82ca|1|5,Chicken Shawarma Sheet Pan Dinner,cucumber sauce,a couple pinches salt & pepper,,,pinches salt & pepper,,no-qty
520918ae-a734-4ad1-9fed-c51e46ca82ca|2|0,Chicken Shawarma Sheet Pan Dinner,chicken marinade,1.5–2 lb cubed boneless skinless chicken thighs,1.5,lb,boneless skinless chicken thighs,cubed,range
520918ae-a734-4ad1-9fed-c51e46ca82ca|2|1,Chicken Shawarma Sheet Pan Dinner,chicken marinade,½ tbsp olive oil,0.5,tbsp,olive oil,,
520918ae-a734-4ad1-9fed-c51e46ca82ca|2|2,Chicken Shawarma Sheet Pan Dinner,chicken marinade,2.5 tbsp plain greek yogurt,2.5,tbsp,plain greek yogurt,,
520918ae-a734-4ad1-9fed-c51e46ca82ca|2|3,Chicken Shawarma Sheet Pan Dinner,chicken marinade,2 tbsp tomato paste,2,tbsp,tomato paste,,
520918ae-a734-4ad1-9fed-c51e46ca82ca|2|4,Chicken Shawarma Sheet Pan Dinner,chicken marinade,juice of 1 large lemon,,,juice of 1 large lemon,,digit-in-name|no-qty
520918ae-a734-4ad1-9fed-c51e46ca82ca|2|5,Chicken Shawarma Sheet Pan Dinner,chicken marinade,6 minced garlic cloves,6,,garlic cloves,minced,
520918ae-a734-4ad1-9fed-c51e46ca82ca|2|6,Chicken Shawarma Sheet Pan Dinner,chicken marinade,1 tbsp oregano,1,tbsp,oregano,,
520918ae-a734-4ad1-9fed-c51e46ca82ca|2|7,Chicken Shawarma Sheet Pan Dinner,chicken marinade,1 tbsp sweet paprika,1,tbsp,sweet paprika,,
520918ae-a734-4ad1-9fed-c51e46ca82ca|2|8,Chicken Shawarma Sheet Pan Dinner,chicken marinade,⅓ tsp cinnamon,0.333,tsp,cinnamon,,
520918ae-a734-4ad1-9fed-c51e46ca82ca|2|9,Chicken Shawarma Sheet Pan Dinner,chicken marinade,1 tsp cumin,1,tsp,cumin,,
520918ae-a734-4ad1-9fed-c51e46ca82ca|2|10,Chicken Shawarma Sheet Pan Dinner,chicken marinade,a couple pinches salt + pepper,,,pinches salt + pepper,,no-qty
6d5344f4-65e5-4844-ae41-cffa3639cb9a|0|0,Chicken Spring Roll Bowl,Bowl,"370g (13oz) boneless, skinless chicken thighs",370,g,boneless,skinless chicken thighs; 13oz,
6d5344f4-65e5-4844-ae41-cffa3639cb9a|0|1,Chicken Spring Roll Bowl,Bowl,Salt and pepper,,,Salt and pepper,,
6d5344f4-65e5-4844-ae41-cffa3639cb9a|0|2,Chicken Spring Roll Bowl,Bowl,100g rice vermicelli noodles (uncooked),100,g,rice vermicelli noodles,uncooked,
6d5344f4-65e5-4844-ae41-cffa3639cb9a|0|3,Chicken Spring Roll Bowl,Bowl,"½–1 bunch green leaf lettuce, chopped",0.5,,–1 bunch green leaf lettuce,chopped,digit-in-name
6d5344f4-65e5-4844-ae41-cffa3639cb9a|0|4,Chicken Spring Roll Bowl,Bowl,1½ cups bean sprouts,1,,½ cups bean sprouts,,
6d5344f4-65e5-4844-ae41-cffa3639cb9a|0|5,Chicken Spring Roll Bowl,Bowl,"2 Persian cucumbers, thinly sliced",2,,Persian cucumbers,thinly sliced,
6d5344f4-65e5-4844-ae41-cffa3639cb9a|0|6,Chicken Spring Roll Bowl,Bowl,"1 large carrot, diced or julienned",1,,large carrot,diced or julienned,or-alt
6d5344f4-65e5-4844-ae41-cffa3639cb9a|0|7,Chicken Spring Roll Bowl,Bowl,Cooking spray,,,Cooking spray,,no-qty
6d5344f4-65e5-4844-ae41-cffa3639cb9a|1|0,Chicken Spring Roll Bowl,Peanut Sauce,½ tbsp olive oil,0.5,tbsp,olive oil,,
6d5344f4-65e5-4844-ae41-cffa3639cb9a|1|1,Chicken Spring Roll Bowl,Peanut Sauce,"2 garlic cloves, minced",2,,garlic cloves,minced,
6d5344f4-65e5-4844-ae41-cffa3639cb9a|1|2,Chicken Spring Roll Bowl,Peanut Sauce,2½ tbsp hoisin sauce,2,,½ tbsp hoisin sauce,,
6d5344f4-65e5-4844-ae41-cffa3639cb9a|1|3,Chicken Spring Roll Bowl,Peanut Sauce,1½ tbsp smooth peanut butter,1,,½ tbsp smooth peanut butter,,
6d5344f4-65e5-4844-ae41-cffa3639cb9a|1|4,Chicken Spring Roll Bowl,Peanut Sauce,60ml (¼ cup) water (adjust for thickness),60,ml,water,¼ cup; adjust for thickness,
6d5344f4-65e5-4844-ae41-cffa3639cb9a|1|5,Chicken Spring Roll Bowl,Peanut Sauce,1 tsp sambal chilli paste,1,tsp,sambal chilli paste,,
a9ce490b-fb43-4911-82be-56805de1d1bd|0|0,Chicken Tikka Masala,curry sauce,3 tbsp / 65ml vegetable oil,3,tbsp,/ 65ml vegetable oil,,digit-in-name
a9ce490b-fb43-4911-82be-56805de1d1bd|0|1,Chicken Tikka Masala,curry sauce,30g / 2 tbsp unsalted butter,30,g,/ 2 tbsp unsalted butter,,digit-in-name
a9ce490b-fb43-4911-82be-56805de1d1bd|0|2,Chicken Tikka Masala,curry sauce,"1 onion, finely chopped",1,,onion,finely chopped,
a9ce490b-fb43-4911-82be-56805de1d1bd|0|3,Chicken Tikka Masala,curry sauce,1 tsp salt,1,tsp,salt,,
a9ce490b-fb43-4911-82be-56805de1d1bd|0|4,Chicken Tikka Masala,curry sauce,2 tbsp grated ginger,2,tbsp,ginger,grated,
a9ce490b-fb43-4911-82be-56805de1d1bd|0|5,Chicken Tikka Masala,curry sauce,"6 cloves garlic, minced",6,clove,garlic,minced,
a9ce490b-fb43-4911-82be-56805de1d1bd|0|6,Chicken Tikka Masala,curry sauce,1 tbsp paprika,1,tbsp,paprika,,
a9ce490b-fb43-4911-82be-56805de1d1bd|0|7,Chicken Tikka Masala,curry sauce,1⅔ cups tomato passata (tomato puree),1,,⅔ cups tomato passata,tomato puree,
a9ce490b-fb43-4911-82be-56805de1d1bd|0|8,Chicken Tikka Masala,curry sauce,1⅔ cups water,1,,⅔ cups water,,
a9ce490b-fb43-4911-82be-56805de1d1bd|0|9,Chicken Tikka Masala,curry sauce,½ cup cream,0.5,cup,cream,,
a9ce490b-fb43-4911-82be-56805de1d1bd|0|10,Chicken Tikka Masala,curry sauce,1 tsp sugar,1,tsp,sugar,,
a9ce490b-fb43-4911-82be-56805de1d1bd|0|11,Chicken Tikka Masala,curry sauce,50g / 3 tbsp extra unsalted butter,50,g,/ 3 tbsp extra unsalted butter,,digit-in-name
a9ce490b-fb43-4911-82be-56805de1d1bd|1|0,Chicken Tikka Masala,chicken marinade,"600g / 1.2 lb chicken thigh, cut into 3cm / 2.2-inch cubes",600,g,/ 1.2 lb chicken thigh,cut into 3cm / 2.2-inch cubes,digit-in-name
a9ce490b-fb43-4911-82be-56805de1d1bd|1|1,Chicken Tikka Masala,chicken marinade,½ cup plain yoghurt,0.5,cup,plain yoghurt,,
a9ce490b-fb43-4911-82be-56805de1d1bd|1|2,Chicken Tikka Masala,chicken marinade,"6 cloves garlic, minced",6,clove,garlic,minced,
a9ce490b-fb43-4911-82be-56805de1d1bd|1|3,Chicken Tikka Masala,chicken marinade,1 tbsp grated ginger,1,tbsp,ginger,grated,
a9ce490b-fb43-4911-82be-56805de1d1bd|1|4,Chicken Tikka Masala,chicken marinade,1 tsp garam masala,1,tsp,garam masala,,
a9ce490b-fb43-4911-82be-56805de1d1bd|1|5,Chicken Tikka Masala,chicken marinade,1 tsp salt,1,tsp,salt,,
a9ce490b-fb43-4911-82be-56805de1d1bd|1|6,Chicken Tikka Masala,chicken marinade,1 tsp cumin,1,tsp,cumin,,
a9ce490b-fb43-4911-82be-56805de1d1bd|1|7,Chicken Tikka Masala,chicken marinade,1 tsp coriander,1,tsp,coriander,,
a9ce490b-fb43-4911-82be-56805de1d1bd|1|8,Chicken Tikka Masala,chicken marinade,1 tsp paprika,1,tsp,paprika,,
a9ce490b-fb43-4911-82be-56805de1d1bd|1|9,Chicken Tikka Masala,chicken marinade,1 tbsp vegetable oil,1,tbsp,vegetable oil,,
a9ce490b-fb43-4911-82be-56805de1d1bd|1|10,Chicken Tikka Masala,chicken marinade,⅛ tsp cayenne pepper,0.125,tsp,cayenne pepper,,
a9ce490b-fb43-4911-82be-56805de1d1bd|1|11,Chicken Tikka Masala,chicken marinade,pinch black pepper,1,pinch,black pepper,,
a9ce490b-fb43-4911-82be-56805de1d1bd|1|12,Chicken Tikka Masala,chicken marinade,2 tsp lemon juice,2,tsp,lemon juice,,
a9ce490b-fb43-4911-82be-56805de1d1bd|2|0,Chicken Tikka Masala,curry sauce spices,2 tsp turmeric,2,tsp,turmeric,,
a9ce490b-fb43-4911-82be-56805de1d1bd|2|1,Chicken Tikka Masala,curry sauce spices,1 tbsp garam masala,1,tbsp,garam masala,,
a9ce490b-fb43-4911-82be-56805de1d1bd|2|2,Chicken Tikka Masala,curry sauce spices,2 tsp coriander,2,tsp,coriander,,
a9ce490b-fb43-4911-82be-56805de1d1bd|2|3,Chicken Tikka Masala,curry sauce spices,1 tsp cumin,1,tsp,cumin,,
a9ce490b-fb43-4911-82be-56805de1d1bd|2|4,Chicken Tikka Masala,curry sauce spices,⅛ tsp cardamon,0.125,tsp,cardamon,,
a9ce490b-fb43-4911-82be-56805de1d1bd|2|5,Chicken Tikka Masala,curry sauce spices,⅛ tsp cayenne pepper,0.125,tsp,cayenne pepper,,
e7e89515-f1f3-4bcd-87d5-236149bf849f|0|0,Chile Lime Chipotle Chicken,main,2.5 lbs boneless chicken thighs,2.5,lb,boneless chicken thighs,,
e7e89515-f1f3-4bcd-87d5-236149bf849f|0|1,Chile Lime Chipotle Chicken,main,a few generous pinches of salt & pepper,,,pinches of salt & pepper,,no-qty
e7e89515-f1f3-4bcd-87d5-236149bf849f|0|2,Chile Lime Chipotle Chicken,main,1 tbsp paprika,1,tbsp,paprika,,
e7e89515-f1f3-4bcd-87d5-236149bf849f|0|3,Chile Lime Chipotle Chicken,main,1 tbsp Aleppo pepper or chili flakes of choice,1,tbsp,Aleppo pepper or chili flakes of choice,,or-alt|long
e7e89515-f1f3-4bcd-87d5-236149bf849f|0|4,Chile Lime Chipotle Chicken,main,1 tbsp garlic powder,1,tbsp,garlic powder,,
e7e89515-f1f3-4bcd-87d5-236149bf849f|0|5,Chile Lime Chipotle Chicken,main,½ tbsp chipotle powder,0.5,tbsp,chipotle powder,,
e7e89515-f1f3-4bcd-87d5-236149bf849f|0|6,Chile Lime Chipotle Chicken,main,½ tsp coriander,0.5,tsp,coriander,,
e7e89515-f1f3-4bcd-87d5-236149bf849f|0|7,Chile Lime Chipotle Chicken,main,¼ tsp cayenne pepper,0.25,tsp,cayenne pepper,,
e7e89515-f1f3-4bcd-87d5-236149bf849f|0|8,Chile Lime Chipotle Chicken,main,2 tbsp fresh cilantro,2,tbsp,fresh cilantro,,
e7e89515-f1f3-4bcd-87d5-236149bf849f|0|9,Chile Lime Chipotle Chicken,main,1 tbsp olive oil,1,tbsp,olive oil,,
e7e89515-f1f3-4bcd-87d5-236149bf849f|0|10,Chile Lime Chipotle Chicken,main,2 tbsp yogurt,2,tbsp,yogurt,,
e7e89515-f1f3-4bcd-87d5-236149bf849f|0|11,Chile Lime Chipotle Chicken,main,juice of 1 large lime,,,juice of 1 large lime,,digit-in-name|no-qty
e7e89515-f1f3-4bcd-87d5-236149bf849f|0|12,Chile Lime Chipotle Chicken,main,"½ large red onion, thinly sliced",0.5,,large red onion,thinly sliced,
68dbda75-bf09-4fcb-b7a7-24880e2d4eb6|0|0,Chili Crunch Ground Chicken Bowls,Cucumber Salad,1 tablespoon chili crunch,1,tbsp,chili crunch,,
68dbda75-bf09-4fcb-b7a7-24880e2d4eb6|0|1,Chili Crunch Ground Chicken Bowls,Cucumber Salad,1 tablespoon coconut aminos,1,tbsp,coconut aminos,,
68dbda75-bf09-4fcb-b7a7-24880e2d4eb6|0|2,Chili Crunch Ground Chicken Bowls,Cucumber Salad,1 tablespoon pure maple syrup,1,tbsp,pure maple syrup,,
68dbda75-bf09-4fcb-b7a7-24880e2d4eb6|0|3,Chili Crunch Ground Chicken Bowls,Cucumber Salad,1 tablespoon rice vinegar,1,tbsp,rice vinegar,,
68dbda75-bf09-4fcb-b7a7-24880e2d4eb6|0|4,Chili Crunch Ground Chicken Bowls,Cucumber Salad,1 teaspoon grated ginger root,1,tsp,ginger root,grated,
68dbda75-bf09-4fcb-b7a7-24880e2d4eb6|0|5,Chili Crunch Ground Chicken Bowls,Cucumber Salad,½ teaspoon kosher salt,0.5,tsp,kosher salt,,
68dbda75-bf09-4fcb-b7a7-24880e2d4eb6|0|6,Chili Crunch Ground Chicken Bowls,Cucumber Salad,1 english cucumber,1,,english cucumber,,
68dbda75-bf09-4fcb-b7a7-24880e2d4eb6|0|7,Chili Crunch Ground Chicken Bowls,Cucumber Salad,6 green onions,6,,green onions,,
68dbda75-bf09-4fcb-b7a7-24880e2d4eb6|1|0,Chili Crunch Ground Chicken Bowls,Chicken Bowls,1 tablespoon olive or avocado oil,1,tbsp,olive or avocado oil,,or-alt
68dbda75-bf09-4fcb-b7a7-24880e2d4eb6|1|1,Chili Crunch Ground Chicken Bowls,Chicken Bowls,1 pound ground chicken,1,lb,ground chicken,,
68dbda75-bf09-4fcb-b7a7-24880e2d4eb6|1|2,Chili Crunch Ground Chicken Bowls,Chicken Bowls,⅓ cup coconut aminos,0.333,cup,coconut aminos,,
68dbda75-bf09-4fcb-b7a7-24880e2d4eb6|1|3,Chili Crunch Ground Chicken Bowls,Chicken Bowls,2 tablespoons chili crunch,2,tbsp,chili crunch,,
68dbda75-bf09-4fcb-b7a7-24880e2d4eb6|1|4,Chili Crunch Ground Chicken Bowls,Chicken Bowls,1 tablespoon pure maple syrup,1,tbsp,pure maple syrup,,
68dbda75-bf09-4fcb-b7a7-24880e2d4eb6|1|5,Chili Crunch Ground Chicken Bowls,Chicken Bowls,1 tablespoon rice vinegar,1,tbsp,rice vinegar,,
68dbda75-bf09-4fcb-b7a7-24880e2d4eb6|1|6,Chili Crunch Ground Chicken Bowls,Chicken Bowls,3 garlic cloves,3,,garlic cloves,,
68dbda75-bf09-4fcb-b7a7-24880e2d4eb6|1|7,Chili Crunch Ground Chicken Bowls,Chicken Bowls,juice of 1 lime,,,juice of 1 lime,,digit-in-name|no-qty
68dbda75-bf09-4fcb-b7a7-24880e2d4eb6|1|8,Chili Crunch Ground Chicken Bowls,Chicken Bowls,"3 cups cooked white rice, quinoa, or cauliflower rice",3,cup,cooked white rice,"quinoa,  or cauliflower rice",or-alt
19d09384-b9dd-43da-81c1-76e0235e72dd|0|0,Chili Honey Chicken Bowl,Chicken,450g (1 lb) skinless boneless chicken thighs,450,g,skinless boneless chicken thighs,1 lb,
19d09384-b9dd-43da-81c1-76e0235e72dd|0|1,Chili Honey Chicken Bowl,Chicken,¼ tsp chilli crunch oil,0.25,tsp,chilli crunch oil,,
19d09384-b9dd-43da-81c1-76e0235e72dd|0|2,Chili Honey Chicken Bowl,Chicken,1 tsp raw organic honey,1,tsp,raw organic honey,,
19d09384-b9dd-43da-81c1-76e0235e72dd|0|3,Chili Honey Chicken Bowl,Chicken,½ tsp garlic powder,0.5,tsp,garlic powder,,
19d09384-b9dd-43da-81c1-76e0235e72dd|0|4,Chili Honey Chicken Bowl,Chicken,1 tsp paprika,1,tsp,paprika,,
19d09384-b9dd-43da-81c1-76e0235e72dd|0|5,Chili Honey Chicken Bowl,Chicken,1 tsp salt,1,tsp,salt,,
19d09384-b9dd-43da-81c1-76e0235e72dd|0|6,Chili Honey Chicken Bowl,Chicken,Pinch black pepper,1,pinch,black pepper,,
19d09384-b9dd-43da-81c1-76e0235e72dd|0|7,Chili Honey Chicken Bowl,Chicken,1 tbsp avocado oil,1,tbsp,avocado oil,,
19d09384-b9dd-43da-81c1-76e0235e72dd|1|0,Chili Honey Chicken Bowl,Pineapple Salsa,"½ cup (~90g) pineapple, diced",0.5,cup,pineapple,diced; ~90g,
19d09384-b9dd-43da-81c1-76e0235e72dd|1|1,Chili Honey Chicken Bowl,Pineapple Salsa,"1 medium avocado, diced",1,,medium avocado,diced,
19d09384-b9dd-43da-81c1-76e0235e72dd|1|2,Chili Honey Chicken Bowl,Pineapple Salsa,"¼ cup red onion, finely diced",0.25,cup,red onion,finely diced,
19d09384-b9dd-43da-81c1-76e0235e72dd|1|3,Chili Honey Chicken Bowl,Pineapple Salsa,"1 tbsp fresh coriander, chopped",1,tbsp,fresh coriander,chopped,
19d09384-b9dd-43da-81c1-76e0235e72dd|1|4,Chili Honey Chicken Bowl,Pineapple Salsa,Juice of 1 lime,,,Juice of 1 lime,,digit-in-name|no-qty
19d09384-b9dd-43da-81c1-76e0235e72dd|1|5,Chili Honey Chicken Bowl,Pineapple Salsa,"Salt and black pepper, to taste",,,Salt and black pepper,to taste,vague
19d09384-b9dd-43da-81c1-76e0235e72dd|2|0,Chili Honey Chicken Bowl,Honey Chili Lime Glaze,3 tbsp raw organic honey,3,tbsp,raw organic honey,,
19d09384-b9dd-43da-81c1-76e0235e72dd|2|1,Chili Honey Chicken Bowl,Honey Chili Lime Glaze,1 tbsp lime juice,1,tbsp,lime juice,,
19d09384-b9dd-43da-81c1-76e0235e72dd|2|2,Chili Honey Chicken Bowl,Honey Chili Lime Glaze,¼ tsp chilli crunch oil,0.25,tsp,chilli crunch oil,,
19d09384-b9dd-43da-81c1-76e0235e72dd|3|0,Chili Honey Chicken Bowl,To Serve,Cauliflower rice or rice of choice,,,Cauliflower rice or rice of choice,,or-alt|no-qty
1b1e0e39-4bd1-4590-a79c-72ae38d8661d|0|0,Chilli Lime Shrimp and Veggie Bowl,Chilli Lime Shrimp,"1 lb jumbo wild caught pink shrimp, peeled and deveined",1,lb,jumbo wild caught pink shrimp,peeled and deveined,
1b1e0e39-4bd1-4590-a79c-72ae38d8661d|1|0,Chilli Lime Shrimp and Veggie Bowl,Marinade,2 tbsp olive oil,2,tbsp,olive oil,,
1b1e0e39-4bd1-4590-a79c-72ae38d8661d|1|1,Chilli Lime Shrimp and Veggie Bowl,Marinade,¼ cup fresh lime juice,0.25,cup,fresh lime juice,,
1b1e0e39-4bd1-4590-a79c-72ae38d8661d|1|2,Chilli Lime Shrimp and Veggie Bowl,Marinade,"½ tsp salt, more to taste",0.5,tsp,salt,more to taste,vague
1b1e0e39-4bd1-4590-a79c-72ae38d8661d|1|3,Chilli Lime Shrimp and Veggie Bowl,Marinade,"¼ tsp freshly ground pepper, more to taste",0.25,tsp,freshly ground pepper,more to taste,vague
1b1e0e39-4bd1-4590-a79c-72ae38d8661d|1|4,Chilli Lime Shrimp and Veggie Bowl,Marinade,1.5 tbsp chili powder,1.5,tbsp,chili powder,,
1b1e0e39-4bd1-4590-a79c-72ae38d8661d|1|5,Chilli Lime Shrimp and Veggie Bowl,Marinade,½ tsp smoked paprika (or regular),0.5,tsp,smoked paprika,or regular,or-alt
8332096f-4843-4eb5-aa69-09469b97cce1|0|0,Chilli Oil,Main,1/4 cup red chilli flakes,0.25,cup,red chilli flakes,,
8332096f-4843-4eb5-aa69-09469b97cce1|0|1,Chilli Oil,Main,1½ tbsp sesame seeds,1,,½ tbsp sesame seeds,,
8332096f-4843-4eb5-aa69-09469b97cce1|0|2,Chilli Oil,Main,1 tsp salt,1,tsp,salt,,
8332096f-4843-4eb5-aa69-09469b97cce1|0|3,Chilli Oil,Main,1 tsp sugar,1,tsp,sugar,,
8332096f-4843-4eb5-aa69-09469b97cce1|0|4,Chilli Oil,Main,1 tsp Sichuan pepper,1,tsp,Sichuan pepper,,
8332096f-4843-4eb5-aa69-09469b97cce1|0|5,Chilli Oil,Main,1 tsp Chinese five spice,1,tsp,Chinese five spice,,
8332096f-4843-4eb5-aa69-09469b97cce1|0|6,Chilli Oil,Main,1/2 tsp white pepper,0.5,tsp,white pepper,,
8332096f-4843-4eb5-aa69-09469b97cce1|0|7,Chilli Oil,Main,"500ml neutral oil (canola, veg, peanut, grapeseed etc.)",500,ml,neutral oil,"canola, veg, peanut, grapeseed etc.",
8356cba9-e0e8-43f1-becb-ac9771250799|0|0,Chipotle Chicken & Rice Skillet,Chicken,5 bone-in skin-on chicken thighs,5,,bone-in skin-on chicken thighs,,
8356cba9-e0e8-43f1-becb-ac9771250799|0|1,Chipotle Chicken & Rice Skillet,Chicken,1 tsp olive oil,1,tsp,olive oil,,
8356cba9-e0e8-43f1-becb-ac9771250799|0|2,Chipotle Chicken & Rice Skillet,Chicken,salt and cracked pepper,,,salt and cracked pepper,,
8356cba9-e0e8-43f1-becb-ac9771250799|0|3,Chipotle Chicken & Rice Skillet,Chicken,½ tbsp chipotle powder,0.5,tbsp,chipotle powder,,
8356cba9-e0e8-43f1-becb-ac9771250799|0|4,Chipotle Chicken & Rice Skillet,Chicken,1 tbsp sweet paprika,1,tbsp,sweet paprika,,
8356cba9-e0e8-43f1-becb-ac9771250799|0|5,Chipotle Chicken & Rice Skillet,Chicken,1 tbsp garlic powder,1,tbsp,garlic powder,,
8356cba9-e0e8-43f1-becb-ac9771250799|0|6,Chipotle Chicken & Rice Skillet,Chicken,1 tbsp oregano or thyme,1,tbsp,oregano or thyme,,or-alt
8356cba9-e0e8-43f1-becb-ac9771250799|1|0,Chipotle Chicken & Rice Skillet,Cucumber Salad,½ finely diced red onion,0.5,,red onion,finely diced,
8356cba9-e0e8-43f1-becb-ac9771250799|1|1,Chipotle Chicken & Rice Skillet,Cucumber Salad,2–3 Persian cucumbers,2,,Persian cucumbers,,range
8356cba9-e0e8-43f1-becb-ac9771250799|1|2,Chipotle Chicken & Rice Skillet,Cucumber Salad,2–3 tbsp finely diced fresh cilantro,2,tbsp,fresh cilantro,finely diced,range
8356cba9-e0e8-43f1-becb-ac9771250799|1|3,Chipotle Chicken & Rice Skillet,Cucumber Salad,salt,,,salt,,
8356cba9-e0e8-43f1-becb-ac9771250799|2|0,Chipotle Chicken & Rice Skillet,Crema Sauce,3 tbsp Greek yogurt,3,tbsp,Greek yogurt,,
8356cba9-e0e8-43f1-becb-ac9771250799|2|1,Chipotle Chicken & Rice Skillet,Crema Sauce,3 tbsp mayo,3,tbsp,mayo,,
8356cba9-e0e8-43f1-becb-ac9771250799|2|2,Chipotle Chicken & Rice Skillet,Crema Sauce,1 clove garlic,1,clove,garlic,,
8356cba9-e0e8-43f1-becb-ac9771250799|2|3,Chipotle Chicken & Rice Skillet,Crema Sauce,½ jalapeño,0.5,,jalapeño,,
8356cba9-e0e8-43f1-becb-ac9771250799|2|4,Chipotle Chicken & Rice Skillet,Crema Sauce,large handful cilantro,1,handful,cilantro,,
8356cba9-e0e8-43f1-becb-ac9771250799|2|5,Chipotle Chicken & Rice Skillet,Crema Sauce,juice of 1 large lime,,,juice of 1 large lime,,digit-in-name|no-qty
8356cba9-e0e8-43f1-becb-ac9771250799|2|6,Chipotle Chicken & Rice Skillet,Crema Sauce,salt and pepper,,,salt and pepper,,
8356cba9-e0e8-43f1-becb-ac9771250799|3|0,Chipotle Chicken & Rice Skillet,To Serve,rice of choice,,,rice of choice,,no-qty
8356cba9-e0e8-43f1-becb-ac9771250799|3|1,Chipotle Chicken & Rice Skillet,To Serve,jalapeños,,,jalapeños,,no-qty
8356cba9-e0e8-43f1-becb-ac9771250799|3|2,Chipotle Chicken & Rice Skillet,To Serve,sliced avocado,,,avocado,sliced,no-qty
8356cba9-e0e8-43f1-becb-ac9771250799|3|3,Chipotle Chicken & Rice Skillet,To Serve,cotija cheese crumbles,,,cotija cheese crumbles,,no-qty
a0eae1ba-0bc7-44cb-8df1-ce81492a889f|0|0,Chipotle Chicken Chop Bowl,,100g ground chicken breast,100,g,ground chicken breast,,
a0eae1ba-0bc7-44cb-8df1-ce81492a889f|0|1,Chipotle Chicken Chop Bowl,,chipotle taco seasoning & tomato sauce,,,chipotle taco seasoning & tomato sauce,,long|no-qty
a0eae1ba-0bc7-44cb-8df1-ce81492a889f|0|2,Chipotle Chicken Chop Bowl,,¼ cup corn,0.25,cup,corn,,
a0eae1ba-0bc7-44cb-8df1-ce81492a889f|0|3,Chipotle Chicken Chop Bowl,,¼ cup black beans,0.25,cup,black beans,,
a0eae1ba-0bc7-44cb-8df1-ce81492a889f|0|4,Chipotle Chicken Chop Bowl,,⅓ cup rice,0.333,cup,rice,,
a0eae1ba-0bc7-44cb-8df1-ce81492a889f|0|5,Chipotle Chicken Chop Bowl,,low fat yogurt,,,low fat yogurt,,no-qty
a0eae1ba-0bc7-44cb-8df1-ce81492a889f|0|6,Chipotle Chicken Chop Bowl,,sriracha,,,sriracha,,no-qty
a0eae1ba-0bc7-44cb-8df1-ce81492a889f|0|7,Chipotle Chicken Chop Bowl,,"cucumbers, tomatoes, onion",,,cucumbers,"tomatoes,  onion",no-qty
a0eae1ba-0bc7-44cb-8df1-ce81492a889f|0|8,Chipotle Chicken Chop Bowl,,"optional: pickled jalapeños, diced avocado, fresh coriander",,,pickled jalapeños,"diced avocado,  fresh coriander",no-qty
c295f89b-2d1d-451a-9a10-0869efee5675|0|0,"Choc, PB and Raspberry Overnight Oats",Oats,½ cup rolled oats,0.5,cup,rolled oats,,
c295f89b-2d1d-451a-9a10-0869efee5675|0|1,"Choc, PB and Raspberry Overnight Oats",Oats,1 tbsp chia seeds,1,tbsp,chia seeds,,
c295f89b-2d1d-451a-9a10-0869efee5675|0|2,"Choc, PB and Raspberry Overnight Oats",Oats,½ serve chocolate protein powder,0.5,,serve chocolate protein powder,,
c295f89b-2d1d-451a-9a10-0869efee5675|0|3,"Choc, PB and Raspberry Overnight Oats",Oats,2 tsp cacao powder,2,tsp,cacao powder,,
c295f89b-2d1d-451a-9a10-0869efee5675|0|4,"Choc, PB and Raspberry Overnight Oats",Oats,1 tbsp peanut butter,1,tbsp,peanut butter,,
c295f89b-2d1d-451a-9a10-0869efee5675|0|5,"Choc, PB and Raspberry Overnight Oats",Oats,1 cup almond milk or milk of choice,1,cup,almond milk or milk of choice,,or-alt
c295f89b-2d1d-451a-9a10-0869efee5675|1|0,"Choc, PB and Raspberry Overnight Oats",To Serve,"¾ cup raspberries, fresh or frozen",0.75,cup,raspberries,fresh or frozen,or-alt
c295f89b-2d1d-451a-9a10-0869efee5675|1|1,"Choc, PB and Raspberry Overnight Oats",To Serve,1 tsp honey or maple syrup,1,tsp,honey or maple syrup,,or-alt
cc223f31-324c-4bb4-9683-b00e540de242|0|0,Chocolate Baked Oats,Main,1/2 cup oats,0.5,cup,oats,,
cc223f31-324c-4bb4-9683-b00e540de242|0|1,Chocolate Baked Oats,Main,1/2 cup milk,0.5,cup,milk,,
cc223f31-324c-4bb4-9683-b00e540de242|0|2,Chocolate Baked Oats,Main,1 tbsp cocoa,1,tbsp,cocoa,,
cc223f31-324c-4bb4-9683-b00e540de242|0|3,Chocolate Baked Oats,Main,1/2 - 1 tbsp maple syrup,0.5,,- 1 tbsp maple syrup,,digit-in-name
cc223f31-324c-4bb4-9683-b00e540de242|0|4,Chocolate Baked Oats,Main,1/2 tsp vanilla,0.5,tsp,vanilla,,
cc223f31-324c-4bb4-9683-b00e540de242|0|5,Chocolate Baked Oats,Main,1/2 tsp baking powder,0.5,tsp,baking powder,,
cc223f31-324c-4bb4-9683-b00e540de242|0|6,Chocolate Baked Oats,Main,Pinch of salt,1,pinch,salt,,
cc223f31-324c-4bb4-9683-b00e540de242|0|7,Chocolate Baked Oats,Main,1 scoop protein powder (optional),1,scoop,protein powder,optional,
cc223f31-324c-4bb4-9683-b00e540de242|1|0,Chocolate Baked Oats,Toppings,Chocolate,,,Chocolate,,no-qty
cc223f31-324c-4bb4-9683-b00e540de242|1|1,Chocolate Baked Oats,Toppings,Flakey salt,,,Flakey salt,,no-qty
4fca3f8b-4f6c-4a62-bdc0-a8fd7a85608a|0|0,Chocolate Banana Rice Paper Pie,Main,10 rice paper sheets,10,,rice paper sheets,,
4fca3f8b-4f6c-4a62-bdc0-a8fd7a85608a|0|1,Chocolate Banana Rice Paper Pie,Main,2 eggs,2,,eggs,,
4fca3f8b-4f6c-4a62-bdc0-a8fd7a85608a|0|2,Chocolate Banana Rice Paper Pie,Main,1 tbsp nut milk,1,tbsp,nut milk,,
4fca3f8b-4f6c-4a62-bdc0-a8fd7a85608a|0|3,Chocolate Banana Rice Paper Pie,Main,1 tbsp coconut sugar,1,tbsp,coconut sugar,,
4fca3f8b-4f6c-4a62-bdc0-a8fd7a85608a|0|4,Chocolate Banana Rice Paper Pie,Main,1 tsp melted coconut oil,1,tsp,coconut oil,melted,
4fca3f8b-4f6c-4a62-bdc0-a8fd7a85608a|0|5,Chocolate Banana Rice Paper Pie,Main,"1.5 bananas, sliced in halves then halved again",1.5,,bananas,sliced in halves then halved again,
4fca3f8b-4f6c-4a62-bdc0-a8fd7a85608a|0|6,Chocolate Banana Rice Paper Pie,Main,1 tsp cinnamon,1,tsp,cinnamon,,
4fca3f8b-4f6c-4a62-bdc0-a8fd7a85608a|0|7,Chocolate Banana Rice Paper Pie,Main,2 cubes chocolate,2,,cubes chocolate,,
4fca3f8b-4f6c-4a62-bdc0-a8fd7a85608a|0|8,Chocolate Banana Rice Paper Pie,Main,1 tbsp extra coconut sugar for dusting,1,tbsp,extra coconut sugar for dusting,,
cae0af1b-12dc-425d-af5b-3ac0c12ef54f|0|0,Chocolate Blueberry Baked Oatmeal,Main,1/2 cup oats,0.5,cup,oats,,
cae0af1b-12dc-425d-af5b-3ac0c12ef54f|0|1,Chocolate Blueberry Baked Oatmeal,Main,1/3 cup milk,0.333,cup,milk,,
cae0af1b-12dc-425d-af5b-3ac0c12ef54f|0|2,Chocolate Blueberry Baked Oatmeal,Main,1/2 tbsp maple syrup,0.5,tbsp,maple syrup,,
cae0af1b-12dc-425d-af5b-3ac0c12ef54f|0|3,Chocolate Blueberry Baked Oatmeal,Main,1/2 tbsp chia seeds,0.5,tbsp,chia seeds,,
cae0af1b-12dc-425d-af5b-3ac0c12ef54f|0|4,Chocolate Blueberry Baked Oatmeal,Main,1/2 tbsp cocoa powder,0.5,tbsp,cocoa powder,,
cae0af1b-12dc-425d-af5b-3ac0c12ef54f|0|5,Chocolate Blueberry Baked Oatmeal,Main,1/2 tsp baking powder,0.5,tsp,baking powder,,
cae0af1b-12dc-425d-af5b-3ac0c12ef54f|0|6,Chocolate Blueberry Baked Oatmeal,Main,1/2 tsp vanilla extract,0.5,tsp,vanilla extract,,
cae0af1b-12dc-425d-af5b-3ac0c12ef54f|0|7,Chocolate Blueberry Baked Oatmeal,Main,Pinch of salt,1,pinch,salt,,
cae0af1b-12dc-425d-af5b-3ac0c12ef54f|1|0,Chocolate Blueberry Baked Oatmeal,Toppings,Blueberries,,,Blueberries,,no-qty
cae0af1b-12dc-425d-af5b-3ac0c12ef54f|1|1,Chocolate Blueberry Baked Oatmeal,Toppings,Chocolate,,,Chocolate,,no-qty
1079635d-8f03-46ba-a84f-7cccd8f3ad0c|0|0,Chocolate Chia Mousse,Main,3/4 cup light coconut milk,0.75,cup,light coconut milk,,
1079635d-8f03-46ba-a84f-7cccd8f3ad0c|0|1,Chocolate Chia Mousse,Main,3/4 cup yogurt,0.75,cup,yogurt,,
1079635d-8f03-46ba-a84f-7cccd8f3ad0c|0|2,Chocolate Chia Mousse,Main,1 tbsp maple syrup,1,tbsp,maple syrup,,
1079635d-8f03-46ba-a84f-7cccd8f3ad0c|0|3,Chocolate Chia Mousse,Main,30g chocolate protein powder,30,g,chocolate protein powder,,
1079635d-8f03-46ba-a84f-7cccd8f3ad0c|0|4,Chocolate Chia Mousse,Main,1/4 cup chia seeds,0.25,cup,chia seeds,,
a06ca86d-ed6e-4598-b338-dc4dc3ce31e1|0|0,Chocolate Chia Overnight Oats,Main,1/2 cup rolled oats,0.5,cup,rolled oats,,
a06ca86d-ed6e-4598-b338-dc4dc3ce31e1|0|1,Chocolate Chia Overnight Oats,Main,1/2 cup milk of choice,0.5,cup,milk of choice,,
a06ca86d-ed6e-4598-b338-dc4dc3ce31e1|0|2,Chocolate Chia Overnight Oats,Main,1/2 cup Greek yogurt,0.5,cup,Greek yogurt,,
a06ca86d-ed6e-4598-b338-dc4dc3ce31e1|0|3,Chocolate Chia Overnight Oats,Main,1 scoop chocolate protein powder,1,scoop,chocolate protein powder,,
a06ca86d-ed6e-4598-b338-dc4dc3ce31e1|0|4,Chocolate Chia Overnight Oats,Main,1 tbsp dark cocoa powder,1,tbsp,dark cocoa powder,,
a06ca86d-ed6e-4598-b338-dc4dc3ce31e1|0|5,Chocolate Chia Overnight Oats,Main,1/2 tbsp chia seeds,0.5,tbsp,chia seeds,,
a06ca86d-ed6e-4598-b338-dc4dc3ce31e1|0|6,Chocolate Chia Overnight Oats,Main,1-2 tsp maple syrup or honey (optional),1,tsp,maple syrup or honey,optional,range|or-alt
a06ca86d-ed6e-4598-b338-dc4dc3ce31e1|0|7,Chocolate Chia Overnight Oats,Main,1/2 tsp vanilla extract (optional),0.5,tsp,vanilla extract,optional,
a06ca86d-ed6e-4598-b338-dc4dc3ce31e1|0|8,Chocolate Chia Overnight Oats,Main,Pinch of salt,1,pinch,salt,,
a06ca86d-ed6e-4598-b338-dc4dc3ce31e1|1|0,Chocolate Chia Overnight Oats,Chocolate Shell,2 tbsp dark chocolate chips,2,tbsp,dark chocolate chips,,
a06ca86d-ed6e-4598-b338-dc4dc3ce31e1|1|1,Chocolate Chia Overnight Oats,Chocolate Shell,1 tsp coconut oil,1,tsp,coconut oil,,
e32ebb7d-075a-4fae-bd35-c82abea60211|0|0,Chocolate Chip Protein Pancakes,Main,1/2 cup self rising flour,0.5,cup,self rising flour,,
e32ebb7d-075a-4fae-bd35-c82abea60211|0|1,Chocolate Chip Protein Pancakes,Main,1/2 cup oat flour,0.5,cup,oat flour,,
e32ebb7d-075a-4fae-bd35-c82abea60211|0|2,Chocolate Chip Protein Pancakes,Main,2 scoops protein powder,2,scoop,protein powder,,
e32ebb7d-075a-4fae-bd35-c82abea60211|0|3,Chocolate Chip Protein Pancakes,Main,2 tbsp baking powder,2,tbsp,baking powder,,
e32ebb7d-075a-4fae-bd35-c82abea60211|0|4,Chocolate Chip Protein Pancakes,Main,1 small pinch of salt,1,,small pinch of salt,,
e32ebb7d-075a-4fae-bd35-c82abea60211|0|5,Chocolate Chip Protein Pancakes,Main,1 cup milk of choice,1,cup,milk of choice,,
e32ebb7d-075a-4fae-bd35-c82abea60211|0|6,Chocolate Chip Protein Pancakes,Main,1 whole egg,1,,whole egg,,
e32ebb7d-075a-4fae-bd35-c82abea60211|0|7,Chocolate Chip Protein Pancakes,Main,1 tbsp coconut oil,1,tbsp,coconut oil,,
e32ebb7d-075a-4fae-bd35-c82abea60211|0|8,Chocolate Chip Protein Pancakes,Main,1 tbsp vanilla,1,tbsp,vanilla,,
e32ebb7d-075a-4fae-bd35-c82abea60211|0|9,Chocolate Chip Protein Pancakes,Main,1 serving chocolate chips,1,,serving chocolate chips,,
5e331387-bf5d-4562-a4e3-9998eb2b1b29|0|0,Chocolate Covered Pumpkin Bites,Main,1/2 cup pumpkin puree,0.5,cup,pumpkin puree,,
5e331387-bf5d-4562-a4e3-9998eb2b1b29|0|1,Chocolate Covered Pumpkin Bites,Main,1/4 cup peanut butter,0.25,cup,peanut butter,,
5e331387-bf5d-4562-a4e3-9998eb2b1b29|0|2,Chocolate Covered Pumpkin Bites,Main,1 cup vanilla Greek yogurt,1,cup,vanilla Greek yogurt,,
5e331387-bf5d-4562-a4e3-9998eb2b1b29|0|3,Chocolate Covered Pumpkin Bites,Main,1/2 tsp cinnamon,0.5,tsp,cinnamon,,
5e331387-bf5d-4562-a4e3-9998eb2b1b29|0|4,Chocolate Covered Pumpkin Bites,Main,1/2 tsp pumpkin pie spice,0.5,tsp,pumpkin pie spice,,
5e331387-bf5d-4562-a4e3-9998eb2b1b29|0|5,Chocolate Covered Pumpkin Bites,Main,1/4 tsp vanilla extract,0.25,tsp,vanilla extract,,
5e331387-bf5d-4562-a4e3-9998eb2b1b29|0|6,Chocolate Covered Pumpkin Bites,Main,Chopped nuts (optional),,,nuts,Chopped; optional,no-qty
5e331387-bf5d-4562-a4e3-9998eb2b1b29|0|7,Chocolate Covered Pumpkin Bites,Main,1 cup dark chocolate chips or chunks,1,cup,dark chocolate chips or chunks,,or-alt
5e331387-bf5d-4562-a4e3-9998eb2b1b29|0|8,Chocolate Covered Pumpkin Bites,Main,1 tsp coconut oil,1,tsp,coconut oil,,
520ca615-7a9a-4d71-b00e-90d9e1481578|0|0,Chocolate Date Peanut Butter Squares,Main,15 dates,15,,dates,,
520ca615-7a9a-4d71-b00e-90d9e1481578|0|1,Chocolate Date Peanut Butter Squares,Main,1/4 cup peanut butter,0.25,cup,peanut butter,,
520ca615-7a9a-4d71-b00e-90d9e1481578|0|2,Chocolate Date Peanut Butter Squares,Main,4 tbsp oat flour,4,tbsp,oat flour,,
520ca615-7a9a-4d71-b00e-90d9e1481578|0|3,Chocolate Date Peanut Butter Squares,Main,120g chocolate,120,g,chocolate,,
e45acef2-7654-4c47-af7d-5f6142b78baa|0|0,Chocolate Hazelnut Cookie Dough Balls,Main,3/4 cup cashew butter,0.75,cup,cashew butter,,
e45acef2-7654-4c47-af7d-5f6142b78baa|0|1,Chocolate Hazelnut Cookie Dough Balls,Main,3/4 cup ground hazelnuts,0.75,cup,ground hazelnuts,,
e45acef2-7654-4c47-af7d-5f6142b78baa|0|2,Chocolate Hazelnut Cookie Dough Balls,Main,1/3 cup oat flour,0.333,cup,oat flour,,
e45acef2-7654-4c47-af7d-5f6142b78baa|0|3,Chocolate Hazelnut Cookie Dough Balls,Main,1/4 cup vanilla protein powder (optional),0.25,cup,vanilla protein powder,optional,
e45acef2-7654-4c47-af7d-5f6142b78baa|0|4,Chocolate Hazelnut Cookie Dough Balls,Main,1/3 cup maple syrup,0.333,cup,maple syrup,,
e45acef2-7654-4c47-af7d-5f6142b78baa|0|5,Chocolate Hazelnut Cookie Dough Balls,Main,1 tbsp chopped toasted hazelnuts,1,tbsp,hazelnuts,chopped toasted,
e45acef2-7654-4c47-af7d-5f6142b78baa|0|6,Chocolate Hazelnut Cookie Dough Balls,Main,Dash vanilla extract,1,dash,vanilla extract,,
e45acef2-7654-4c47-af7d-5f6142b78baa|0|7,Chocolate Hazelnut Cookie Dough Balls,Main,Pinch salt,1,pinch,salt,,
e45acef2-7654-4c47-af7d-5f6142b78baa|0|8,Chocolate Hazelnut Cookie Dough Balls,Main,Chocolate chips,,,Chocolate chips,,no-qty
e45acef2-7654-4c47-af7d-5f6142b78baa|1|0,Chocolate Hazelnut Cookie Dough Balls,Coating,100g dark chocolate,100,g,dark chocolate,,
e45acef2-7654-4c47-af7d-5f6142b78baa|1|1,Chocolate Hazelnut Cookie Dough Balls,Coating,More hazelnuts,,,More hazelnuts,,no-qty
ede2a32a-dc89-4b56-aca0-eda6f9642dad|0|0,Chocolate Peanut Butter Protein Cookie Dough,Main,1/2 cup nonfat plain Greek yogurt,0.5,cup,nonfat plain Greek yogurt,,
ede2a32a-dc89-4b56-aca0-eda6f9642dad|0|1,Chocolate Peanut Butter Protein Cookie Dough,Main,2 tbsp peanut butter,2,tbsp,peanut butter,,
ede2a32a-dc89-4b56-aca0-eda6f9642dad|0|2,Chocolate Peanut Butter Protein Cookie Dough,Main,2 tbsp brown sugar substitute (or regular brown sugar),2,tbsp,brown sugar substitute,or regular brown sugar,or-alt
ede2a32a-dc89-4b56-aca0-eda6f9642dad|0|3,Chocolate Peanut Butter Protein Cookie Dough,Main,2 scoops protein powder (chocolate peanut butter flavour),2,scoop,protein powder,chocolate peanut butter flavour,
ede2a32a-dc89-4b56-aca0-eda6f9642dad|0|4,Chocolate Peanut Butter Protein Cookie Dough,Main,3/4 cup almond flour,0.75,cup,almond flour,,
ede2a32a-dc89-4b56-aca0-eda6f9642dad|0|5,Chocolate Peanut Butter Protein Cookie Dough,Main,2 tbsp unsweetened cocoa powder,2,tbsp,unsweetened cocoa powder,,
ede2a32a-dc89-4b56-aca0-eda6f9642dad|0|6,Chocolate Peanut Butter Protein Cookie Dough,Main,Dark chocolate chips,,,Dark chocolate chips,,no-qty
f2e1ebf2-3532-4215-873f-ac671a299421|0|0,Chocolate Protein Chia Seed Pudding,Pudding,375ml (1½ cups) water,375,ml,water,1½ cups,
f2e1ebf2-3532-4215-873f-ac671a299421|0|1,Chocolate Protein Chia Seed Pudding,Pudding,185ml (¾ cup) Alpro high-protein soya milk,185,ml,Alpro high-protein soya milk,¾ cup,
f2e1ebf2-3532-4215-873f-ac671a299421|0|2,Chocolate Protein Chia Seed Pudding,Pudding,60g (½ cup) chocolate protein powder,60,g,chocolate protein powder,½ cup,
f2e1ebf2-3532-4215-873f-ac671a299421|0|3,Chocolate Protein Chia Seed Pudding,Pudding,2 tbsp cocoa powder,2,tbsp,cocoa powder,,
f2e1ebf2-3532-4215-873f-ac671a299421|0|4,Chocolate Protein Chia Seed Pudding,Pudding,1½ tbsp coconut sugar,1,,½ tbsp coconut sugar,,
f2e1ebf2-3532-4215-873f-ac671a299421|0|5,Chocolate Protein Chia Seed Pudding,Pudding,60g (¼ cup) chia seeds,60,g,chia seeds,¼ cup,
f2e1ebf2-3532-4215-873f-ac671a299421|1|0,Chocolate Protein Chia Seed Pudding,Suggested Toppings (per serving),1 tbsp Nush protein yoghurt,1,tbsp,Nush protein yoghurt,,
f2e1ebf2-3532-4215-873f-ac671a299421|1|1,Chocolate Protein Chia Seed Pudding,Suggested Toppings (per serving),½ rice cake,0.5,,rice cake,,
f2e1ebf2-3532-4215-873f-ac671a299421|1|2,Chocolate Protein Chia Seed Pudding,Suggested Toppings (per serving),1 tsp desiccated coconut,1,tsp,desiccated coconut,,
f2e1ebf2-3532-4215-873f-ac671a299421|1|3,Chocolate Protein Chia Seed Pudding,Suggested Toppings (per serving),"11g dark chocolate (70%), chopped",11,g,dark chocolate,chopped; 70%,
f2e1ebf2-3532-4215-873f-ac671a299421|1|4,Chocolate Protein Chia Seed Pudding,Suggested Toppings (per serving),12g hazelnut butter,12,g,hazelnut butter,,
f2e1ebf2-3532-4215-873f-ac671a299421|1|5,Chocolate Protein Chia Seed Pudding,Suggested Toppings (per serving),40g (¼ cup) frozen raspberries,40,g,frozen raspberries,¼ cup,
8475dcfc-6979-4894-af32-3e4e88c58da0|0|0,Chocolate Protein Yogurt Bowl,Main,2/3 cup plain nonfat Greek yogurt,0.667,cup,plain nonfat Greek yogurt,,
8475dcfc-6979-4894-af32-3e4e88c58da0|0|1,Chocolate Protein Yogurt Bowl,Main,1 scoop chocolate protein powder,1,scoop,chocolate protein powder,,
8475dcfc-6979-4894-af32-3e4e88c58da0|0|2,Chocolate Protein Yogurt Bowl,Main,1 tbsp chocolate powdered peanut butter,1,tbsp,chocolate powdered peanut butter,,
8475dcfc-6979-4894-af32-3e4e88c58da0|0|3,Chocolate Protein Yogurt Bowl,Main,1/4 cup raspberries,0.25,cup,raspberries,,
8475dcfc-6979-4894-af32-3e4e88c58da0|0|4,Chocolate Protein Yogurt Bowl,Main,2 tsp peanut butter,2,tsp,peanut butter,,
8475dcfc-6979-4894-af32-3e4e88c58da0|0|5,Chocolate Protein Yogurt Bowl,Main,2 tbsp dark chocolate chips,2,tbsp,dark chocolate chips,,
8475dcfc-6979-4894-af32-3e4e88c58da0|0|6,Chocolate Protein Yogurt Bowl,Main,1 tsp coconut oil,1,tsp,coconut oil,,
97332deb-bde9-4635-aec6-6c0f89786f84|0|0,Chocolate Raspberry Baked Protein Oats,Batter,30g rolled oats,30,g,rolled oats,,
97332deb-bde9-4635-aec6-6c0f89786f84|0|1,Chocolate Raspberry Baked Protein Oats,Batter,30g quinoa flakes,30,g,quinoa flakes,,
97332deb-bde9-4635-aec6-6c0f89786f84|0|2,Chocolate Raspberry Baked Protein Oats,Batter,3 tbsp chia seeds,3,tbsp,chia seeds,,
97332deb-bde9-4635-aec6-6c0f89786f84|0|3,Chocolate Raspberry Baked Protein Oats,Batter,2 tbsp cocoa powder,2,tbsp,cocoa powder,,
97332deb-bde9-4635-aec6-6c0f89786f84|0|4,Chocolate Raspberry Baked Protein Oats,Batter,"4 Medjool dates, pitted",4,,Medjool dates,pitted,
97332deb-bde9-4635-aec6-6c0f89786f84|0|5,Chocolate Raspberry Baked Protein Oats,Batter,½ tsp baking soda,0.5,tsp,baking soda,,
97332deb-bde9-4635-aec6-6c0f89786f84|0|6,Chocolate Raspberry Baked Protein Oats,Batter,½ tsp baking powder,0.5,tsp,baking powder,,
97332deb-bde9-4635-aec6-6c0f89786f84|0|7,Chocolate Raspberry Baked Protein Oats,Batter,Pinch of salt,1,pinch,salt,,
97332deb-bde9-4635-aec6-6c0f89786f84|0|8,Chocolate Raspberry Baked Protein Oats,Batter,60g chocolate protein powder,60,g,chocolate protein powder,,
97332deb-bde9-4635-aec6-6c0f89786f84|0|9,Chocolate Raspberry Baked Protein Oats,Batter,250ml (1 cup) Alpro high-protein soya milk,250,ml,Alpro high-protein soya milk,1 cup,
97332deb-bde9-4635-aec6-6c0f89786f84|0|10,Chocolate Raspberry Baked Protein Oats,Batter,125ml (½ cup) water,125,ml,water,½ cup,
97332deb-bde9-4635-aec6-6c0f89786f84|1|0,Chocolate Raspberry Baked Protein Oats,Fold-ins,75g (½ cup) fresh or frozen raspberries,75,g,fresh or frozen raspberries,½ cup,or-alt
97332deb-bde9-4635-aec6-6c0f89786f84|1|1,Chocolate Raspberry Baked Protein Oats,Fold-ins,"30g (¼ cup) dark chocolate (85%), roughly chopped",30,g,dark chocolate,roughly chopped; ¼ cup; 85%,
11cddfcf-2898-41bd-b0bc-d63ee2451be1|0|0,Chocolate Rice Cake Strawberry Treat,Main,2 chocolate rice cakes (~14g),2,,chocolate rice cakes,~14g,
11cddfcf-2898-41bd-b0bc-d63ee2451be1|0|1,Chocolate Rice Cake Strawberry Treat,Main,2 tbsp (14g) PBfit powder mixed with a little water to form a paste,2,tbsp,PBfit powder mixed with a little water to form a paste,14g,long
11cddfcf-2898-41bd-b0bc-d63ee2451be1|0|2,Chocolate Rice Cake Strawberry Treat,Main,¼ cup (38g) sliced strawberries,0.25,cup,strawberries,sliced; 38g,
11cddfcf-2898-41bd-b0bc-d63ee2451be1|0|3,Chocolate Rice Cake Strawberry Treat,Main,¼ cup (60g) Greek yoghurt (sub soya yoghurt to keep DF),0.25,cup,Greek yoghurt,60g; sub soya yoghurt to keep DF,
11cddfcf-2898-41bd-b0bc-d63ee2451be1|0|4,Chocolate Rice Cake Strawberry Treat,Main,"2 tbsp (22g) dark chocolate (75%), chopped or melted",2,tbsp,dark chocolate,chopped or melted; 22g; 75%,or-alt
11cddfcf-2898-41bd-b0bc-d63ee2451be1|0|5,Chocolate Rice Cake Strawberry Treat,Main,1 tsp (5g) coconut oil,1,tsp,coconut oil,5g,
b06d3257-9b82-40b2-bc4c-aebf9b2ffe3e|0|0,Chocolate Strawberry Baked Oats,Main,1/2 cup oats,0.5,cup,oats,,
b06d3257-9b82-40b2-bc4c-aebf9b2ffe3e|0|1,Chocolate Strawberry Baked Oats,Main,1/2 cup + 2 tbsp milk,0.5,cup,+ 2 tbsp milk,,digit-in-name
b06d3257-9b82-40b2-bc4c-aebf9b2ffe3e|0|2,Chocolate Strawberry Baked Oats,Main,1/2 tbsp chia seeds,0.5,tbsp,chia seeds,,
b06d3257-9b82-40b2-bc4c-aebf9b2ffe3e|0|3,Chocolate Strawberry Baked Oats,Main,1 tbsp cocoa powder,1,tbsp,cocoa powder,,
b06d3257-9b82-40b2-bc4c-aebf9b2ffe3e|0|4,Chocolate Strawberry Baked Oats,Main,1/2 tbsp maple syrup,0.5,tbsp,maple syrup,,
b06d3257-9b82-40b2-bc4c-aebf9b2ffe3e|0|5,Chocolate Strawberry Baked Oats,Main,1/2 tsp vanilla extract,0.5,tsp,vanilla extract,,
b06d3257-9b82-40b2-bc4c-aebf9b2ffe3e|0|6,Chocolate Strawberry Baked Oats,Main,1/4 tsp baking powder,0.25,tsp,baking powder,,
b06d3257-9b82-40b2-bc4c-aebf9b2ffe3e|0|7,Chocolate Strawberry Baked Oats,Main,Pinch of salt,1,pinch,salt,,
b06d3257-9b82-40b2-bc4c-aebf9b2ffe3e|0|8,Chocolate Strawberry Baked Oats,Main,1 scoop chocolate protein powder,1,scoop,chocolate protein powder,,
b06d3257-9b82-40b2-bc4c-aebf9b2ffe3e|0|9,Chocolate Strawberry Baked Oats,Main,Strawberries,,,Strawberries,,no-qty
b06d3257-9b82-40b2-bc4c-aebf9b2ffe3e|1|0,Chocolate Strawberry Baked Oats,Chocolate Sauce,2 tbsp cocoa powder,2,tbsp,cocoa powder,,
b06d3257-9b82-40b2-bc4c-aebf9b2ffe3e|1|1,Chocolate Strawberry Baked Oats,Chocolate Sauce,2 tbsp water,2,tbsp,water,,
b06d3257-9b82-40b2-bc4c-aebf9b2ffe3e|1|2,Chocolate Strawberry Baked Oats,Chocolate Sauce,1/2 tsp stevia,0.5,tsp,stevia,,
b06d3257-9b82-40b2-bc4c-aebf9b2ffe3e|1|3,Chocolate Strawberry Baked Oats,Chocolate Sauce,Pinch of salt,1,pinch,salt,,
668fe7ab-5978-4add-a603-df586b2e1a98|0|0,Chocolate Sweet Potato Mug Cake,Main,1/4 cup cooked mashed sweet potato,0.25,cup,cooked mashed sweet potato,,
668fe7ab-5978-4add-a603-df586b2e1a98|0|1,Chocolate Sweet Potato Mug Cake,Main,2 tsp cacao powder,2,tsp,cacao powder,,
668fe7ab-5978-4add-a603-df586b2e1a98|0|2,Chocolate Sweet Potato Mug Cake,Main,2-4 tsp maple syrup to taste,2,tsp,maple syrup,to taste,range|vague
668fe7ab-5978-4add-a603-df586b2e1a98|0|3,Chocolate Sweet Potato Mug Cake,Main,1/2 tbsp vanilla paste,0.5,tbsp,vanilla paste,,
668fe7ab-5978-4add-a603-df586b2e1a98|0|4,Chocolate Sweet Potato Mug Cake,Main,1 tbsp cashew butter,1,tbsp,cashew butter,,
668fe7ab-5978-4add-a603-df586b2e1a98|0|5,Chocolate Sweet Potato Mug Cake,Main,1/4 tsp baking soda,0.25,tsp,baking soda,,
668fe7ab-5978-4add-a603-df586b2e1a98|0|6,Chocolate Sweet Potato Mug Cake,Main,1 egg,1,,egg,,
668fe7ab-5978-4add-a603-df586b2e1a98|0|7,Chocolate Sweet Potato Mug Cake,Main,Dark chocolate chips for topping (optional),,,Dark chocolate chips for topping,optional,no-qty
9b1e94bc-4338-4b8e-be16-17cb906d72a5|0|0,Chocolate Tahini Brownies,Main,1 cup runny tahini,1,cup,runny tahini,,
9b1e94bc-4338-4b8e-be16-17cb906d72a5|0|1,Chocolate Tahini Brownies,Main,2 eggs,2,,eggs,,
9b1e94bc-4338-4b8e-be16-17cb906d72a5|0|2,Chocolate Tahini Brownies,Main,1/2 cup maple syrup,0.5,cup,maple syrup,,
9b1e94bc-4338-4b8e-be16-17cb906d72a5|0|3,Chocolate Tahini Brownies,Main,1 tsp vanilla paste,1,tsp,vanilla paste,,
9b1e94bc-4338-4b8e-be16-17cb906d72a5|0|4,Chocolate Tahini Brownies,Main,1/3 cup cacao powder,0.333,cup,cacao powder,,
9b1e94bc-4338-4b8e-be16-17cb906d72a5|0|5,Chocolate Tahini Brownies,Main,1/3 cup melted dark chocolate,0.333,cup,dark chocolate,melted,
9b1e94bc-4338-4b8e-be16-17cb906d72a5|0|6,Chocolate Tahini Brownies,Main,1/4 tsp sea salt,0.25,tsp,sea salt,,
9b1e94bc-4338-4b8e-be16-17cb906d72a5|0|7,Chocolate Tahini Brownies,Main,1.5 tsp baking powder,1.5,tsp,baking powder,,
b87480e0-378b-45ba-af4f-3b1a46e9af54|0|0,Chocolate Zucchini Bread,Main,1 1/3 cup almond flour,1.333,cup,almond flour,,
b87480e0-378b-45ba-af4f-3b1a46e9af54|0|1,Chocolate Zucchini Bread,Main,6 tbsp cacao powder,6,tbsp,cacao powder,,
b87480e0-378b-45ba-af4f-3b1a46e9af54|0|2,Chocolate Zucchini Bread,Main,"2 medium zucchini, peeled and shredded",2,,medium zucchini,peeled and shredded,
b87480e0-378b-45ba-af4f-3b1a46e9af54|0|3,Chocolate Zucchini Bread,Main,2/3 cup dark chocolate chips,0.667,cup,dark chocolate chips,,
b87480e0-378b-45ba-af4f-3b1a46e9af54|0|4,Chocolate Zucchini Bread,Main,3 eggs,3,,eggs,,
b87480e0-378b-45ba-af4f-3b1a46e9af54|0|5,Chocolate Zucchini Bread,Main,"1/4 cup coconut oil, melted and cooled",0.25,cup,coconut oil,melted and cooled,
b87480e0-378b-45ba-af4f-3b1a46e9af54|0|6,Chocolate Zucchini Bread,Main,1/4 cup almond butter,0.25,cup,almond butter,,
b87480e0-378b-45ba-af4f-3b1a46e9af54|0|7,Chocolate Zucchini Bread,Main,2/3 cup coconut sugar,0.667,cup,coconut sugar,,
b87480e0-378b-45ba-af4f-3b1a46e9af54|0|8,Chocolate Zucchini Bread,Main,1 tsp vanilla,1,tsp,vanilla,,
b87480e0-378b-45ba-af4f-3b1a46e9af54|0|9,Chocolate Zucchini Bread,Main,1 tsp baking soda,1,tsp,baking soda,,
87eb6b29-06ce-4bff-8717-b0a7d13e60f6|0|0,Chopped Jalapeño Cheddar Chicken Salad,Main,"2 cooked chicken breasts (~240g, shredded)",2,,cooked chicken breasts,"~240g, shredded",
87eb6b29-06ce-4bff-8717-b0a7d13e60f6|0|1,Chopped Jalapeño Cheddar Chicken Salad,Main,"3 heaped tbsp thick Greek yoghurt, 0% or full fat (sub soya yoghurt to keep DF)",3,,heaped tbsp thick Greek yoghurt,0% or full fat; sub soya yoghurt to keep DF,or-alt
87eb6b29-06ce-4bff-8717-b0a7d13e60f6|0|2,Chopped Jalapeño Cheddar Chicken Salad,Main,"50g smoked cheddar, grated (sub dairy-free cheddar e.g. Violife to keep DF)",50,g,smoked cheddar,grated; sub dairy-free cheddar e.g. Violife to keep DF,
87eb6b29-06ce-4bff-8717-b0a7d13e60f6|0|3,Chopped Jalapeño Cheddar Chicken Salad,Main,1–2 tbsp diced jalapeños from a jar,1,tbsp,jalapeños from a jar,diced,range
87eb6b29-06ce-4bff-8717-b0a7d13e60f6|0|4,Chopped Jalapeño Cheddar Chicken Salad,Main,1 tbsp brine from jalapeño jar,1,tbsp,brine from jalapeño jar,,
87eb6b29-06ce-4bff-8717-b0a7d13e60f6|0|5,Chopped Jalapeño Cheddar Chicken Salad,Main,"½ red onion, finely diced",0.5,,red onion,finely diced,
87eb6b29-06ce-4bff-8717-b0a7d13e60f6|0|6,Chopped Jalapeño Cheddar Chicken Salad,Main,"2 large tomatoes, deseeded and diced",2,,large tomatoes,deseeded and diced,
87eb6b29-06ce-4bff-8717-b0a7d13e60f6|0|7,Chopped Jalapeño Cheddar Chicken Salad,Main,"1 green pepper, diced",1,,green pepper,diced,
87eb6b29-06ce-4bff-8717-b0a7d13e60f6|0|8,Chopped Jalapeño Cheddar Chicken Salad,Main,"2 tbsp fresh coriander, chopped (or parsley)",2,tbsp,fresh coriander,chopped; or parsley,or-alt
87eb6b29-06ce-4bff-8717-b0a7d13e60f6|0|9,Chopped Jalapeño Cheddar Chicken Salad,Main,1–2 tsp runny honey,1,tsp,runny honey,,range
87eb6b29-06ce-4bff-8717-b0a7d13e60f6|0|10,Chopped Jalapeño Cheddar Chicken Salad,Main,½ tsp garlic granules,0.5,tsp,garlic granules,,
87eb6b29-06ce-4bff-8717-b0a7d13e60f6|1|0,Chopped Jalapeño Cheddar Chicken Salad,To Serve,"GF wraps, sandwiches, or as a salad topper",,,GF wraps,"sandwiches,  or as a salad topper",or-alt|no-qty
87eb6b29-06ce-4bff-8717-b0a7d13e60f6|1|1,Chopped Jalapeño Cheddar Chicken Salad,To Serve,"Salt, to season just before serving",,,Salt,to season just before serving,
9dc56722-74a5-4fec-93a9-58aedf1e2e9a|0|0,Cinnamon Buckwheat Smoothie,Main,3/4 cup milk of choice,0.75,cup,milk of choice,,
9dc56722-74a5-4fec-93a9-58aedf1e2e9a|0|1,Cinnamon Buckwheat Smoothie,Main,1/4 cup buckwheat (soaked overnight in 1/2 cup water + 1/2 tbsp apple cider vinegar),0.25,cup,buckwheat,soaked overnight in 1/2 cup water + 1/2 tbsp apple cider vinegar,
9dc56722-74a5-4fec-93a9-58aedf1e2e9a|0|2,Cinnamon Buckwheat Smoothie,Main,1 frozen ripe banana,1,,frozen ripe banana,,
9dc56722-74a5-4fec-93a9-58aedf1e2e9a|0|3,Cinnamon Buckwheat Smoothie,Main,1 tsp vanilla extract,1,tsp,vanilla extract,,
9dc56722-74a5-4fec-93a9-58aedf1e2e9a|0|4,Cinnamon Buckwheat Smoothie,Main,1 scoop grass-fed collagen,1,scoop,grass-fed collagen,,
9dc56722-74a5-4fec-93a9-58aedf1e2e9a|0|5,Cinnamon Buckwheat Smoothie,Main,1/2 tsp cinnamon,0.5,tsp,cinnamon,,
9dc56722-74a5-4fec-93a9-58aedf1e2e9a|0|6,Cinnamon Buckwheat Smoothie,Main,1 tbsp almond butter,1,tbsp,almond butter,,
60244d3e-80be-4565-958d-30135c7addb7|0|0,Cinnamon Roll Baked Oats,Oat Base,2 cups oat flour,2,cup,oat flour,,
60244d3e-80be-4565-958d-30135c7addb7|0|1,Cinnamon Roll Baked Oats,Oat Base,1 tbsp cinnamon,1,tbsp,cinnamon,,
60244d3e-80be-4565-958d-30135c7addb7|0|2,Cinnamon Roll Baked Oats,Oat Base,1 tbsp baking powder,1,tbsp,baking powder,,
60244d3e-80be-4565-958d-30135c7addb7|0|3,Cinnamon Roll Baked Oats,Oat Base,1 tsp salt,1,tsp,salt,,
60244d3e-80be-4565-958d-30135c7addb7|0|4,Cinnamon Roll Baked Oats,Oat Base,1 tsp vanilla,1,tsp,vanilla,,
60244d3e-80be-4565-958d-30135c7addb7|0|5,Cinnamon Roll Baked Oats,Oat Base,2 tbsp coconut oil,2,tbsp,coconut oil,,
60244d3e-80be-4565-958d-30135c7addb7|0|6,Cinnamon Roll Baked Oats,Oat Base,1/4 cup maple syrup,0.25,cup,maple syrup,,
60244d3e-80be-4565-958d-30135c7addb7|0|7,Cinnamon Roll Baked Oats,Oat Base,1/4 cup almond butter,0.25,cup,almond butter,,
60244d3e-80be-4565-958d-30135c7addb7|1|0,Cinnamon Roll Baked Oats,Cinnamon Filling,2 tbsp cinnamon,2,tbsp,cinnamon,,
60244d3e-80be-4565-958d-30135c7addb7|1|1,Cinnamon Roll Baked Oats,Cinnamon Filling,1/2 tsp salt,0.5,tsp,salt,,
60244d3e-80be-4565-958d-30135c7addb7|1|2,Cinnamon Roll Baked Oats,Cinnamon Filling,1/4 cup maple syrup,0.25,cup,maple syrup,,
60244d3e-80be-4565-958d-30135c7addb7|1|3,Cinnamon Roll Baked Oats,Cinnamon Filling,1/4 cup almond butter,0.25,cup,almond butter,,
60244d3e-80be-4565-958d-30135c7addb7|1|4,Cinnamon Roll Baked Oats,Cinnamon Filling,1 tbsp coconut oil,1,tbsp,coconut oil,,
60244d3e-80be-4565-958d-30135c7addb7|2|0,Cinnamon Roll Baked Oats,Greek Yogurt Maple Glaze,1 cup plain Greek yogurt,1,cup,plain Greek yogurt,,
60244d3e-80be-4565-958d-30135c7addb7|2|1,Cinnamon Roll Baked Oats,Greek Yogurt Maple Glaze,2 tbsp maple syrup,2,tbsp,maple syrup,,
8bec8086-2517-4f46-904b-2c7d731f2d91|0|0,Cinnamon Roll Date Cake,Cake,"12 medjool dates, pitted",12,,medjool dates,pitted,
8bec8086-2517-4f46-904b-2c7d731f2d91|0|1,Cinnamon Roll Date Cake,Cake,1 cup (220g) boiling water,1,cup,boiling water,220g,
8bec8086-2517-4f46-904b-2c7d731f2d91|0|2,Cinnamon Roll Date Cake,Cake,3 large eggs,3,,large eggs,,
8bec8086-2517-4f46-904b-2c7d731f2d91|0|3,Cinnamon Roll Date Cake,Cake,1/2 cup (150g) maple syrup,0.5,cup,maple syrup,150g,
8bec8086-2517-4f46-904b-2c7d731f2d91|0|4,Cinnamon Roll Date Cake,Cake,1 tsp (5g) vanilla extract,1,tsp,vanilla extract,5g,
8bec8086-2517-4f46-904b-2c7d731f2d91|0|5,Cinnamon Roll Date Cake,Cake,1/4 cup (50g) olive oil,0.25,cup,olive oil,50g,
8bec8086-2517-4f46-904b-2c7d731f2d91|0|6,Cinnamon Roll Date Cake,Cake,1 cup (170g) gluten free all purpose flour substitute,1,cup,gluten free all purpose flour substitute,170g,long
8bec8086-2517-4f46-904b-2c7d731f2d91|0|7,Cinnamon Roll Date Cake,Cake,1 tsp (4g) baking powder,1,tsp,baking powder,4g,
8bec8086-2517-4f46-904b-2c7d731f2d91|0|8,Cinnamon Roll Date Cake,Cake,1/2 tsp (3g) baking soda,0.5,tsp,baking soda,3g,
8bec8086-2517-4f46-904b-2c7d731f2d91|0|9,Cinnamon Roll Date Cake,Cake,1/2 tsp (3g) salt,0.5,tsp,salt,3g,
8bec8086-2517-4f46-904b-2c7d731f2d91|0|10,Cinnamon Roll Date Cake,Cake,1 tsp (2g) cinnamon,1,tsp,cinnamon,2g,
8bec8086-2517-4f46-904b-2c7d731f2d91|1|0,Cinnamon Roll Date Cake,Cinnamon Topping,2 tsp (4g) cinnamon,2,tsp,cinnamon,4g,
8bec8086-2517-4f46-904b-2c7d731f2d91|1|1,Cinnamon Roll Date Cake,Cinnamon Topping,1/2 cup (105g) coconut or cane sugar,0.5,cup,coconut or cane sugar,105g,or-alt
8bec8086-2517-4f46-904b-2c7d731f2d91|1|2,Cinnamon Roll Date Cake,Cinnamon Topping,"2 tbsp (24g) coconut oil, melted",2,tbsp,coconut oil,melted; 24g,
8bec8086-2517-4f46-904b-2c7d731f2d91|2|0,Cinnamon Roll Date Cake,Glaze,1 cup (170g) powdered sugar,1,cup,powdered sugar,170g,
8bec8086-2517-4f46-904b-2c7d731f2d91|2|1,Cinnamon Roll Date Cake,Glaze,3 tbsp (40g) dairy free milk of choice,3,tbsp,dairy free milk of choice,40g,
8bec8086-2517-4f46-904b-2c7d731f2d91|2|2,Cinnamon Roll Date Cake,Glaze,1/4 tsp (1g) vanilla extract,0.25,tsp,vanilla extract,1g,
889b108c-1ded-4270-98ae-b2df3344deba|0|0,Coconut Prawn Curry,Prawns,"1kg prawns, peeled and deveined",1,kg,prawns,peeled and deveined,
889b108c-1ded-4270-98ae-b2df3344deba|0|1,Coconut Prawn Curry,Prawns,1 tsp garam masala,1,tsp,garam masala,,
889b108c-1ded-4270-98ae-b2df3344deba|0|2,Coconut Prawn Curry,Prawns,½ tsp ground cumin,0.5,tsp,ground cumin,,
889b108c-1ded-4270-98ae-b2df3344deba|0|3,Coconut Prawn Curry,Prawns,1 tsp curry powder,1,tsp,curry powder,,
889b108c-1ded-4270-98ae-b2df3344deba|0|4,Coconut Prawn Curry,Prawns,¼ tsp red chilli powder,0.25,tsp,red chilli powder,,
889b108c-1ded-4270-98ae-b2df3344deba|0|5,Coconut Prawn Curry,Prawns,Pinch of salt,1,pinch,salt,,
889b108c-1ded-4270-98ae-b2df3344deba|0|6,Coconut Prawn Curry,Prawns,"Vegetable oil, to cook",,,Vegetable oil,to cook,no-qty
889b108c-1ded-4270-98ae-b2df3344deba|1|0,Coconut Prawn Curry,Curry Sauce,1 tbsp butter,1,tbsp,butter,,
889b108c-1ded-4270-98ae-b2df3344deba|1|1,Coconut Prawn Curry,Curry Sauce,"1 onion, finely chopped",1,,onion,finely chopped,
889b108c-1ded-4270-98ae-b2df3344deba|1|2,Coconut Prawn Curry,Curry Sauce,1 tbsp minced garlic,1,tbsp,garlic,minced,
889b108c-1ded-4270-98ae-b2df3344deba|1|3,Coconut Prawn Curry,Curry Sauce,2 tsp minced ginger,2,tsp,ginger,minced,
889b108c-1ded-4270-98ae-b2df3344deba|1|4,Coconut Prawn Curry,Curry Sauce,1½ tsp garam masala,1,,½ tsp garam masala,,
889b108c-1ded-4270-98ae-b2df3344deba|1|5,Coconut Prawn Curry,Curry Sauce,1½ tsp ground cumin,1,,½ tsp ground cumin,,
889b108c-1ded-4270-98ae-b2df3344deba|1|6,Coconut Prawn Curry,Curry Sauce,1 tsp curry powder,1,tsp,curry powder,,
889b108c-1ded-4270-98ae-b2df3344deba|1|7,Coconut Prawn Curry,Curry Sauce,400g crushed tomatoes,400,g,tomatoes,crushed,
889b108c-1ded-4270-98ae-b2df3344deba|1|8,Coconut Prawn Curry,Curry Sauce,1 tsp red chilli powder,1,tsp,red chilli powder,,
889b108c-1ded-4270-98ae-b2df3344deba|1|9,Coconut Prawn Curry,Curry Sauce,"Salt, to taste",,,Salt,to taste,vague
889b108c-1ded-4270-98ae-b2df3344deba|1|10,Coconut Prawn Curry,Curry Sauce,1½ tsp brown sugar,1,,½ tsp brown sugar,,
889b108c-1ded-4270-98ae-b2df3344deba|1|11,Coconut Prawn Curry,Curry Sauce,250ml coconut milk,250,ml,coconut milk,,
a9e726a3-df78-47f3-ac4b-878a92a1ddb4|0|0,Coffee Protein Ice Cream Affogato,Main,1 cup Greek yogurt,1,cup,Greek yogurt,,
a9e726a3-df78-47f3-ac4b-878a92a1ddb4|0|1,Coffee Protein Ice Cream Affogato,Main,1.25 scoops butter coffee protein powder,1.25,scoop,butter coffee protein powder,,
a9e726a3-df78-47f3-ac4b-878a92a1ddb4|0|2,Coffee Protein Ice Cream Affogato,Main,1-2 shots chilled espresso,1,,shots chilled espresso,,range
a9e726a3-df78-47f3-ac4b-878a92a1ddb4|0|3,Coffee Protein Ice Cream Affogato,Main,4 oz almond milk,4,oz,almond milk,,
a9e726a3-df78-47f3-ac4b-878a92a1ddb4|0|4,Coffee Protein Ice Cream Affogato,Main,1/2 tsp vanilla,0.5,tsp,vanilla,,
a9e726a3-df78-47f3-ac4b-878a92a1ddb4|0|5,Coffee Protein Ice Cream Affogato,Main,3 tbsp powdered monk fruit sweetener,3,tbsp,powdered monk fruit sweetener,,
a9e726a3-df78-47f3-ac4b-878a92a1ddb4|0|6,Coffee Protein Ice Cream Affogato,Main,Pinch of salt,1,pinch,salt,,
5d343647-bd62-4409-a77e-9c03bb04b8bb|0|0,Cookie Dough Caramel Bars,Base,1 cup oat flour,1,cup,oat flour,,
5d343647-bd62-4409-a77e-9c03bb04b8bb|0|1,Cookie Dough Caramel Bars,Base,1 cup ground almonds,1,cup,ground almonds,,
5d343647-bd62-4409-a77e-9c03bb04b8bb|0|2,Cookie Dough Caramel Bars,Base,4 tbsp coconut oil,4,tbsp,coconut oil,,
5d343647-bd62-4409-a77e-9c03bb04b8bb|0|3,Cookie Dough Caramel Bars,Base,3 tbsp maple syrup,3,tbsp,maple syrup,,
5d343647-bd62-4409-a77e-9c03bb04b8bb|0|4,Cookie Dough Caramel Bars,Base,Pinch salt,1,pinch,salt,,
5d343647-bd62-4409-a77e-9c03bb04b8bb|0|5,Cookie Dough Caramel Bars,Base,Pinch cinnamon,1,pinch,cinnamon,,
5d343647-bd62-4409-a77e-9c03bb04b8bb|0|6,Cookie Dough Caramel Bars,Base,Chocolate chips,,,Chocolate chips,,no-qty
5d343647-bd62-4409-a77e-9c03bb04b8bb|1|0,Cookie Dough Caramel Bars,Peanut Butter Date Caramel,1 cup soaked and drained dates,1,cup,soaked and drained dates,,
5d343647-bd62-4409-a77e-9c03bb04b8bb|1|1,Cookie Dough Caramel Bars,Peanut Butter Date Caramel,1 tbsp peanut butter,1,tbsp,peanut butter,,
5d343647-bd62-4409-a77e-9c03bb04b8bb|1|2,Cookie Dough Caramel Bars,Peanut Butter Date Caramel,2 tsp coconut oil,2,tsp,coconut oil,,
5d343647-bd62-4409-a77e-9c03bb04b8bb|1|3,Cookie Dough Caramel Bars,Peanut Butter Date Caramel,3 tbsp maple syrup,3,tbsp,maple syrup,,
5d343647-bd62-4409-a77e-9c03bb04b8bb|1|4,Cookie Dough Caramel Bars,Peanut Butter Date Caramel,Pinch salt,1,pinch,salt,,
5d343647-bd62-4409-a77e-9c03bb04b8bb|2|0,Cookie Dough Caramel Bars,Topping,80g melted dark chocolate,80,g,dark chocolate,melted,
5d343647-bd62-4409-a77e-9c03bb04b8bb|2|1,Cookie Dough Caramel Bars,Topping,Chopped peanuts,,,peanuts,Chopped,no-qty
7e022252-7afd-45dd-b5e0-f766fbbce3ce|0|0,Copycat Nando's Peri Peri Chicken Burgers,Peri Peri Sauce / Marinade,"1–3 birds eye red chilies (1=mild, 3=medium spicy)",1,,birds eye red chilies,"1=mild, 3=medium spicy",range
7e022252-7afd-45dd-b5e0-f766fbbce3ce|0|1,Copycat Nando's Peri Peri Chicken Burgers,Peri Peri Sauce / Marinade,"1 medium red capsicum/bell pepper, roughly cut",1,,medium red capsicum/bell pepper,roughly cut,
7e022252-7afd-45dd-b5e0-f766fbbce3ce|0|2,Copycat Nando's Peri Peri Chicken Burgers,Peri Peri Sauce / Marinade,"5 garlic cloves, peeled",5,,garlic cloves,peeled,
7e022252-7afd-45dd-b5e0-f766fbbce3ce|0|3,Copycat Nando's Peri Peri Chicken Burgers,Peri Peri Sauce / Marinade,3 tbsp vegetable or canola oil,3,tbsp,vegetable or canola oil,,or-alt
7e022252-7afd-45dd-b5e0-f766fbbce3ce|0|4,Copycat Nando's Peri Peri Chicken Burgers,Peri Peri Sauce / Marinade,4 tbsp malt vinegar (sub red wine vinegar),4,tbsp,malt vinegar,sub red wine vinegar,
7e022252-7afd-45dd-b5e0-f766fbbce3ce|0|5,Copycat Nando's Peri Peri Chicken Burgers,Peri Peri Sauce / Marinade,2 tbsp smoked paprika,2,tbsp,smoked paprika,,
7e022252-7afd-45dd-b5e0-f766fbbce3ce|0|6,Copycat Nando's Peri Peri Chicken Burgers,Peri Peri Sauce / Marinade,1 tbsp dried oregano,1,tbsp,dried oregano,,
7e022252-7afd-45dd-b5e0-f766fbbce3ce|0|7,Copycat Nando's Peri Peri Chicken Burgers,Peri Peri Sauce / Marinade,2 tsp onion powder,2,tsp,onion powder,,
7e022252-7afd-45dd-b5e0-f766fbbce3ce|0|8,Copycat Nando's Peri Peri Chicken Burgers,Peri Peri Sauce / Marinade,1½ tsp white sugar,1,,½ tsp white sugar,,
7e022252-7afd-45dd-b5e0-f766fbbce3ce|0|9,Copycat Nando's Peri Peri Chicken Burgers,Peri Peri Sauce / Marinade,1½ tsp cooking/kosher salt,1,,½ tsp cooking/kosher salt,,
7e022252-7afd-45dd-b5e0-f766fbbce3ce|0|10,Copycat Nando's Peri Peri Chicken Burgers,Peri Peri Sauce / Marinade,3 drops red food colouring (optional),3,,drops red food colouring,optional,
7e022252-7afd-45dd-b5e0-f766fbbce3ce|1|0,Copycat Nando's Peri Peri Chicken Burgers,Perinaise,3 tbsp Peri Peri Sauce (above),3,tbsp,Peri Peri Sauce,above,
7e022252-7afd-45dd-b5e0-f766fbbce3ce|1|1,Copycat Nando's Peri Peri Chicken Burgers,Perinaise,½ cup whole egg mayonnaise,0.5,cup,whole egg mayonnaise,,
7e022252-7afd-45dd-b5e0-f766fbbce3ce|1|2,Copycat Nando's Peri Peri Chicken Burgers,Perinaise,¼ cup sour cream or yoghurt,0.25,cup,sour cream or yoghurt,,or-alt
7e022252-7afd-45dd-b5e0-f766fbbce3ce|2|0,Copycat Nando's Peri Peri Chicken Burgers,Burgers,"4 chicken breasts or thigh fillets, boneless skinless",4,,chicken breasts or thigh fillets,boneless skinless,or-alt
7e022252-7afd-45dd-b5e0-f766fbbce3ce|2|1,Copycat Nando's Peri Peri Chicken Burgers,Burgers,2 tbsp olive oil,2,tbsp,olive oil,,
7e022252-7afd-45dd-b5e0-f766fbbce3ce|2|2,Copycat Nando's Peri Peri Chicken Burgers,Burgers,"4 soft rolls, split and lightly toasted",4,,soft rolls,split and lightly toasted,
7e022252-7afd-45dd-b5e0-f766fbbce3ce|2|3,Copycat Nando's Peri Peri Chicken Burgers,Burgers,"2 tomatoes, sliced",2,,tomatoes,sliced,
7e022252-7afd-45dd-b5e0-f766fbbce3ce|2|4,Copycat Nando's Peri Peri Chicken Burgers,Burgers,lettuce of choice,,,lettuce of choice,,no-qty
74a31c2a-a81c-4c7a-9ab0-b75a17d11f7e|0|0,Cosmic Brownie Overnight Oats,Main,1/3 cup oats,0.333,cup,oats,,
74a31c2a-a81c-4c7a-9ab0-b75a17d11f7e|0|1,Cosmic Brownie Overnight Oats,Main,2 tbsp chia seeds,2,tbsp,chia seeds,,
74a31c2a-a81c-4c7a-9ab0-b75a17d11f7e|0|2,Cosmic Brownie Overnight Oats,Main,1/2 cup plain Greek yogurt,0.5,cup,plain Greek yogurt,,
74a31c2a-a81c-4c7a-9ab0-b75a17d11f7e|0|3,Cosmic Brownie Overnight Oats,Main,1 cup milk or plant-based milk,1,cup,milk or plant-based milk,,or-alt
74a31c2a-a81c-4c7a-9ab0-b75a17d11f7e|0|4,Cosmic Brownie Overnight Oats,Main,2 tbsp cocoa powder,2,tbsp,cocoa powder,,
74a31c2a-a81c-4c7a-9ab0-b75a17d11f7e|0|5,Cosmic Brownie Overnight Oats,Main,1 tsp maple syrup,1,tsp,maple syrup,,
74a31c2a-a81c-4c7a-9ab0-b75a17d11f7e|0|6,Cosmic Brownie Overnight Oats,Main,1/2 tsp vanilla,0.5,tsp,vanilla,,
74a31c2a-a81c-4c7a-9ab0-b75a17d11f7e|0|7,Cosmic Brownie Overnight Oats,Main,1-2 tbsp chocolate chips,1,tbsp,chocolate chips,,range
74a31c2a-a81c-4c7a-9ab0-b75a17d11f7e|0|8,Cosmic Brownie Overnight Oats,Main,1 tbsp peanut butter,1,tbsp,peanut butter,,
74a31c2a-a81c-4c7a-9ab0-b75a17d11f7e|0|9,Cosmic Brownie Overnight Oats,Main,Optional: 1/4 cup chocolate plant-based protein powder,0.25,cup,chocolate plant-based protein powder,,long
2baefb39-a511-4366-940a-ac201af32c7a|0|0,Cottage Cheese Pancakes,Main,4 eggs,4,,eggs,,
2baefb39-a511-4366-940a-ac201af32c7a|0|1,Cottage Cheese Pancakes,Main,1 1/2 cups cottage cheese,1.5,cup,cottage cheese,,
2baefb39-a511-4366-940a-ac201af32c7a|0|2,Cottage Cheese Pancakes,Main,2 tbsp maple syrup,2,tbsp,maple syrup,,
2baefb39-a511-4366-940a-ac201af32c7a|0|3,Cottage Cheese Pancakes,Main,1 tsp vanilla extract,1,tsp,vanilla extract,,
2baefb39-a511-4366-940a-ac201af32c7a|0|4,Cottage Cheese Pancakes,Main,3/4 cup rolled oats or oat flour,0.75,cup,rolled oats or oat flour,,or-alt
2baefb39-a511-4366-940a-ac201af32c7a|0|5,Cottage Cheese Pancakes,Main,1/2 tbsp baking powder,0.5,tbsp,baking powder,,
2baefb39-a511-4366-940a-ac201af32c7a|0|6,Cottage Cheese Pancakes,Main,Pinch of salt,1,pinch,salt,,
2baefb39-a511-4366-940a-ac201af32c7a|0|7,Cottage Cheese Pancakes,Main,Sliced bananas or blueberries for filling,,,bananas or blueberries for filling,Sliced,or-alt|no-qty
82ca465d-0b5c-42f6-af86-63393a888b38|0|0,Creamy Cucumber Avocado Broccoli Salad,Smashed Broccoli,680g (1.5 lbs) broccoli florets,680,g,broccoli florets,1.5 lbs,
82ca465d-0b5c-42f6-af86-63393a888b38|0|1,Creamy Cucumber Avocado Broccoli Salad,Smashed Broccoli,4 tbsp avocado oil,4,tbsp,avocado oil,,
82ca465d-0b5c-42f6-af86-63393a888b38|0|2,Creamy Cucumber Avocado Broccoli Salad,Smashed Broccoli,½ tsp dried oregano,0.5,tsp,dried oregano,,
82ca465d-0b5c-42f6-af86-63393a888b38|0|3,Creamy Cucumber Avocado Broccoli Salad,Smashed Broccoli,1 tsp chile lime seasoning,1,tsp,chile lime seasoning,,
82ca465d-0b5c-42f6-af86-63393a888b38|0|4,Creamy Cucumber Avocado Broccoli Salad,Smashed Broccoli,1 tsp smoked paprika,1,tsp,smoked paprika,,
82ca465d-0b5c-42f6-af86-63393a888b38|0|5,Creamy Cucumber Avocado Broccoli Salad,Smashed Broccoli,Salt to taste,,,Salt,to taste,vague
82ca465d-0b5c-42f6-af86-63393a888b38|1|0,Creamy Cucumber Avocado Broccoli Salad,Salad,"4–5 Persian cucumbers (~400g), thinly sliced",4,,Persian cucumbers,thinly sliced; ~400g,range
82ca465d-0b5c-42f6-af86-63393a888b38|1|1,Creamy Cucumber Avocado Broccoli Salad,Salad,"1 avocado (~150g), cubed",1,,avocado,cubed; ~150g,
82ca465d-0b5c-42f6-af86-63393a888b38|1|2,Creamy Cucumber Avocado Broccoli Salad,Salad,"Large handful fresh mint, finely chopped",1,handful,fresh mint,finely chopped,
82ca465d-0b5c-42f6-af86-63393a888b38|1|3,Creamy Cucumber Avocado Broccoli Salad,Salad,"Large handful chives or 2 spring onions, finely chopped",1,handful,chives or 2 spring onions,finely chopped,digit-in-name|or-alt
82ca465d-0b5c-42f6-af86-63393a888b38|1|4,Creamy Cucumber Avocado Broccoli Salad,Salad,2 tbsp roasted walnuts or pistachios,2,tbsp,roasted walnuts or pistachios,,or-alt
82ca465d-0b5c-42f6-af86-63393a888b38|2|0,Creamy Cucumber Avocado Broccoli Salad,Creamy Dressing,2 tbsp mayonnaise,2,tbsp,mayonnaise,,
82ca465d-0b5c-42f6-af86-63393a888b38|2|1,Creamy Cucumber Avocado Broccoli Salad,Creamy Dressing,2 tbsp Greek yoghurt (sub soya yoghurt to keep DF),2,tbsp,Greek yoghurt,sub soya yoghurt to keep DF,
82ca465d-0b5c-42f6-af86-63393a888b38|2|2,Creamy Cucumber Avocado Broccoli Salad,Creamy Dressing,1 tbsp Dijon mustard,1,tbsp,Dijon mustard,,
82ca465d-0b5c-42f6-af86-63393a888b38|2|3,Creamy Cucumber Avocado Broccoli Salad,Creamy Dressing,Zest of 1 lime,,,Zest of 1 lime,,digit-in-name|no-qty
82ca465d-0b5c-42f6-af86-63393a888b38|2|4,Creamy Cucumber Avocado Broccoli Salad,Creamy Dressing,Juice of 2 limes,,,Juice of 2 limes,,digit-in-name|no-qty
82ca465d-0b5c-42f6-af86-63393a888b38|2|5,Creamy Cucumber Avocado Broccoli Salad,Creamy Dressing,"1–2 garlic cloves, minced",1,,garlic cloves,minced,range
82ca465d-0b5c-42f6-af86-63393a888b38|2|6,Creamy Cucumber Avocado Broccoli Salad,Creamy Dressing,Generous pinch of salt,1,pinch,salt,,
5c54547f-01f9-4def-b576-96196cc7aaec|0|0,Creamy Mango and Coconut Cod Curry,Main,2 tbsp Thai red curry paste,2,tbsp,Thai red curry paste,,
5c54547f-01f9-4def-b576-96196cc7aaec|0|1,Creamy Mango and Coconut Cod Curry,Main,1 chicken stock cube,1,,chicken stock cube,,
5c54547f-01f9-4def-b576-96196cc7aaec|0|2,Creamy Mango and Coconut Cod Curry,Main,1 tsp chopped garlic,1,tsp,garlic,chopped,
5c54547f-01f9-4def-b576-96196cc7aaec|0|3,Creamy Mango and Coconut Cod Curry,Main,"3 spring onions, diced",3,,spring onions,diced,
5c54547f-01f9-4def-b576-96196cc7aaec|0|4,Creamy Mango and Coconut Cod Curry,Main,1 red pepper,1,,red pepper,,
5c54547f-01f9-4def-b576-96196cc7aaec|0|5,Creamy Mango and Coconut Cod Curry,Main,Handful of spinach,1,handful,spinach,,
5c54547f-01f9-4def-b576-96196cc7aaec|0|6,Creamy Mango and Coconut Cod Curry,Main,1 tin coconut milk (light or regular),1,tin,coconut milk,light or regular,or-alt
5c54547f-01f9-4def-b576-96196cc7aaec|0|7,Creamy Mango and Coconut Cod Curry,Main,200g fresh mango (pre-blended or whole; can use frozen),200,g,fresh mango,pre-blended or whole; can use frozen,or-alt
5c54547f-01f9-4def-b576-96196cc7aaec|0|8,Creamy Mango and Coconut Cod Curry,Main,Soy sauce & fish sauce,,,Soy sauce & fish sauce,,no-qty
5c54547f-01f9-4def-b576-96196cc7aaec|0|9,Creamy Mango and Coconut Cod Curry,Main,2 cod fillets (or any fish),2,,cod fillets,or any fish,or-alt
5c54547f-01f9-4def-b576-96196cc7aaec|0|10,Creamy Mango and Coconut Cod Curry,Main,1 lime,1,,lime,,
f8921341-90bc-4f37-a6c4-caf2f8e5afb3|0|0,Creamy Peanut Miso Ramen,Broth,1 tbsp vegetable oil,1,tbsp,vegetable oil,,
f8921341-90bc-4f37-a6c4-caf2f8e5afb3|0|1,Creamy Peanut Miso Ramen,Broth,1 tbsp chilli crisp,1,tbsp,chilli crisp,,
f8921341-90bc-4f37-a6c4-caf2f8e5afb3|0|2,Creamy Peanut Miso Ramen,Broth,"4 garlic cloves, grated",4,,garlic cloves,grated,
f8921341-90bc-4f37-a6c4-caf2f8e5afb3|0|3,Creamy Peanut Miso Ramen,Broth,"5cm (2in) fresh ginger, grated",5,,cm fresh ginger,grated; 2in,
f8921341-90bc-4f37-a6c4-caf2f8e5afb3|0|4,Creamy Peanut Miso Ramen,Broth,Zest and juice of 1 lime,,,Zest and juice of 1 lime,,digit-in-name|no-qty
f8921341-90bc-4f37-a6c4-caf2f8e5afb3|0|5,Creamy Peanut Miso Ramen,Broth,"6 spring onions, whites and greens separated",6,,spring onions,whites and greens separated,
f8921341-90bc-4f37-a6c4-caf2f8e5afb3|0|6,Creamy Peanut Miso Ramen,Broth,2 tbsp miso paste,2,tbsp,miso paste,,
f8921341-90bc-4f37-a6c4-caf2f8e5afb3|0|7,Creamy Peanut Miso Ramen,Broth,2 tbsp maple syrup,2,tbsp,maple syrup,,
f8921341-90bc-4f37-a6c4-caf2f8e5afb3|0|8,Creamy Peanut Miso Ramen,Broth,1 tbsp rice vinegar,1,tbsp,rice vinegar,,
f8921341-90bc-4f37-a6c4-caf2f8e5afb3|0|9,Creamy Peanut Miso Ramen,Broth,3 tbsp smooth peanut butter,3,tbsp,smooth peanut butter,,
f8921341-90bc-4f37-a6c4-caf2f8e5afb3|0|10,Creamy Peanut Miso Ramen,Broth,3 tbsp runny tahini,3,tbsp,runny tahini,,
f8921341-90bc-4f37-a6c4-caf2f8e5afb3|0|11,Creamy Peanut Miso Ramen,Broth,400ml coconut milk,400,ml,coconut milk,,
f8921341-90bc-4f37-a6c4-caf2f8e5afb3|0|12,Creamy Peanut Miso Ramen,Broth,750ml vegetable stock,750,ml,vegetable stock,,
f8921341-90bc-4f37-a6c4-caf2f8e5afb3|0|13,Creamy Peanut Miso Ramen,Broth,2 tbsp soy sauce,2,tbsp,soy sauce,,
f8921341-90bc-4f37-a6c4-caf2f8e5afb3|0|14,Creamy Peanut Miso Ramen,Broth,1 tsp vegan fish sauce,1,tsp,vegan fish sauce,,
f8921341-90bc-4f37-a6c4-caf2f8e5afb3|0|15,Creamy Peanut Miso Ramen,Broth,"Salt, pepper, and a pinch of sugar",,,Salt,"pepper,  and a pinch of sugar",
f8921341-90bc-4f37-a6c4-caf2f8e5afb3|0|16,Creamy Peanut Miso Ramen,Broth,4 × 100g packets ramen noodles — use GF rice noodles,4,,× 100g packets ramen noodles — use GF rice noodles,,digit-in-name|long
f8921341-90bc-4f37-a6c4-caf2f8e5afb3|1|0,Creamy Peanut Miso Ramen,Smoky Tofu Crumbles,2 tbsp vegetable oil,2,tbsp,vegetable oil,,
f8921341-90bc-4f37-a6c4-caf2f8e5afb3|1|1,Creamy Peanut Miso Ramen,Smoky Tofu Crumbles,"1 × 225g block smoked firm tofu, crumbled",1,,× 225g block smoked firm tofu,crumbled,digit-in-name
f8921341-90bc-4f37-a6c4-caf2f8e5afb3|1|2,Creamy Peanut Miso Ramen,Smoky Tofu Crumbles,1 tbsp soy sauce,1,tbsp,soy sauce,,
f8921341-90bc-4f37-a6c4-caf2f8e5afb3|1|3,Creamy Peanut Miso Ramen,Smoky Tofu Crumbles,1 tsp smoked paprika,1,tsp,smoked paprika,,
f8921341-90bc-4f37-a6c4-caf2f8e5afb3|1|4,Creamy Peanut Miso Ramen,Smoky Tofu Crumbles,1 tsp liquid smoke (optional),1,tsp,liquid smoke,optional,
f8921341-90bc-4f37-a6c4-caf2f8e5afb3|1|5,Creamy Peanut Miso Ramen,Smoky Tofu Crumbles,1 tsp chilli oil,1,tsp,chilli oil,,
f8921341-90bc-4f37-a6c4-caf2f8e5afb3|2|0,Creamy Peanut Miso Ramen,Garnish,Chilli crisp,,,Chilli crisp,,no-qty
f8921341-90bc-4f37-a6c4-caf2f8e5afb3|2|1,Creamy Peanut Miso Ramen,Garnish,Black sesame seeds,,,Black sesame seeds,,no-qty
f8921341-90bc-4f37-a6c4-caf2f8e5afb3|2|2,Creamy Peanut Miso Ramen,Garnish,Toasted sesame oil,,,sesame oil,Toasted,no-qty
f8921341-90bc-4f37-a6c4-caf2f8e5afb3|2|3,Creamy Peanut Miso Ramen,Garnish,Fresh coriander leaves,,,Fresh coriander leaves,,no-qty
55f71d81-f12f-457a-bd8b-d2f3624524da|0|0,Creamy Thai Coconut Chicken Meatballs,Meatballs,500g lean chicken mince,500,g,lean chicken mince,,
55f71d81-f12f-457a-bd8b-d2f3624524da|0|1,Creamy Thai Coconut Chicken Meatballs,Meatballs,"1 small courgette, grated",1,,small courgette,grated,
55f71d81-f12f-457a-bd8b-d2f3624524da|0|2,Creamy Thai Coconut Chicken Meatballs,Meatballs,"½ red chilli, diced",0.5,,red chilli,diced,
55f71d81-f12f-457a-bd8b-d2f3624524da|0|3,Creamy Thai Coconut Chicken Meatballs,Meatballs,1 heaped tsp ginger and garlic paste,1,,heaped tsp ginger and garlic paste,,
55f71d81-f12f-457a-bd8b-d2f3624524da|0|4,Creamy Thai Coconut Chicken Meatballs,Meatballs,2 tbsp chopped fresh coriander,2,tbsp,fresh coriander,chopped,
55f71d81-f12f-457a-bd8b-d2f3624524da|0|5,Creamy Thai Coconut Chicken Meatballs,Meatballs,"2 spring onions, finely chopped",2,,spring onions,finely chopped,
55f71d81-f12f-457a-bd8b-d2f3624524da|0|6,Creamy Thai Coconut Chicken Meatballs,Meatballs,1 medium egg,1,,medium egg,,
55f71d81-f12f-457a-bd8b-d2f3624524da|0|7,Creamy Thai Coconut Chicken Meatballs,Meatballs,2 tbsp light soy sauce,2,tbsp,light soy sauce,,
55f71d81-f12f-457a-bd8b-d2f3624524da|0|8,Creamy Thai Coconut Chicken Meatballs,Meatballs,zest of 1 lime,,,zest of 1 lime,,digit-in-name|no-qty
55f71d81-f12f-457a-bd8b-d2f3624524da|0|9,Creamy Thai Coconut Chicken Meatballs,Meatballs,salt and pepper,,,salt and pepper,,
55f71d81-f12f-457a-bd8b-d2f3624524da|1|0,Creamy Thai Coconut Chicken Meatballs,Sauce,2 tbsp Thai red curry paste,2,tbsp,Thai red curry paste,,
55f71d81-f12f-457a-bd8b-d2f3624524da|1|1,Creamy Thai Coconut Chicken Meatballs,Sauce,1 tin coconut milk (light or full fat),1,tin,coconut milk,light or full fat,or-alt
55f71d81-f12f-457a-bd8b-d2f3624524da|1|2,Creamy Thai Coconut Chicken Meatballs,Sauce,"1 spring onion, diced",1,,spring onion,diced,
55f71d81-f12f-457a-bd8b-d2f3624524da|1|3,Creamy Thai Coconut Chicken Meatballs,Sauce,1 tsp ginger and garlic paste,1,tsp,ginger and garlic paste,,
55f71d81-f12f-457a-bd8b-d2f3624524da|1|4,Creamy Thai Coconut Chicken Meatballs,Sauce,"1 red pepper, thinly sliced",1,,red pepper,thinly sliced,
55f71d81-f12f-457a-bd8b-d2f3624524da|1|5,Creamy Thai Coconut Chicken Meatballs,Sauce,½ chicken stock cube,0.5,,chicken stock cube,,
55f71d81-f12f-457a-bd8b-d2f3624524da|1|6,Creamy Thai Coconut Chicken Meatballs,Sauce,1 tbsp soy sauce,1,tbsp,soy sauce,,
55f71d81-f12f-457a-bd8b-d2f3624524da|1|7,Creamy Thai Coconut Chicken Meatballs,Sauce,1 tsp honey,1,tsp,honey,,
55f71d81-f12f-457a-bd8b-d2f3624524da|1|8,Creamy Thai Coconut Chicken Meatballs,Sauce,juice of ½ lime,,,juice of ½ lime,,no-qty
55f71d81-f12f-457a-bd8b-d2f3624524da|2|0,Creamy Thai Coconut Chicken Meatballs,To Serve,rice,,,rice,,no-qty
55f71d81-f12f-457a-bd8b-d2f3624524da|2|1,Creamy Thai Coconut Chicken Meatballs,To Serve,broccoli,,,broccoli,,no-qty
4d4f791d-6fdd-44d8-95ca-3ec51a80cdce|0|0,Crispy Bang Bang Chicken,Chicken,150g chicken,150,g,chicken,,
4d4f791d-6fdd-44d8-95ca-3ec51a80cdce|0|1,Crispy Bang Bang Chicken,Chicken,25g cornflour,25,g,cornflour,,
4d4f791d-6fdd-44d8-95ca-3ec51a80cdce|0|2,Crispy Bang Bang Chicken,Chicken,1 egg,1,,egg,,
4d4f791d-6fdd-44d8-95ca-3ec51a80cdce|0|3,Crispy Bang Bang Chicken,Chicken,spring onion to garnish,,,spring onion,to garnish,vague|no-qty
4d4f791d-6fdd-44d8-95ca-3ec51a80cdce|0|4,Crispy Bang Bang Chicken,Chicken,sesame seeds to garnish,,,sesame seeds,to garnish,vague|no-qty
4d4f791d-6fdd-44d8-95ca-3ec51a80cdce|0|5,Crispy Bang Bang Chicken,Chicken,15g sriracha mayo,15,g,sriracha mayo,,
4d4f791d-6fdd-44d8-95ca-3ec51a80cdce|0|6,Crispy Bang Bang Chicken,Chicken,10g sweet chilli sauce,10,g,sweet chilli sauce,,
4d4f791d-6fdd-44d8-95ca-3ec51a80cdce|1|0,Crispy Bang Bang Chicken,Bang Bang Sauce,30g sweet chilli sauce,30,g,sweet chilli sauce,,
4d4f791d-6fdd-44d8-95ca-3ec51a80cdce|1|1,Crispy Bang Bang Chicken,Bang Bang Sauce,lemon juice,,,lemon juice,,no-qty
4d4f791d-6fdd-44d8-95ca-3ec51a80cdce|1|2,Crispy Bang Bang Chicken,Bang Bang Sauce,1 tbsp soy sauce,1,tbsp,soy sauce,,
4d4f791d-6fdd-44d8-95ca-3ec51a80cdce|1|3,Crispy Bang Bang Chicken,Bang Bang Sauce,5g honey,5,g,honey,,
4d4f791d-6fdd-44d8-95ca-3ec51a80cdce|1|4,Crispy Bang Bang Chicken,Bang Bang Sauce,"salt, pepper",,,salt,pepper,
4d4f791d-6fdd-44d8-95ca-3ec51a80cdce|1|5,Crispy Bang Bang Chicken,Bang Bang Sauce,5g sriracha,5,g,sriracha,,
4fedab5c-239d-4099-a8fe-013b4e2ff70f|0|0,Crispy Chicken Dumplings,Filling,280g (10oz) raw ground chicken,280,g,raw ground chicken,10oz,
4fedab5c-239d-4099-a8fe-013b4e2ff70f|0|1,Crispy Chicken Dumplings,Filling,"1 spring onion, finely chopped",1,,spring onion,finely chopped,
4fedab5c-239d-4099-a8fe-013b4e2ff70f|0|2,Crispy Chicken Dumplings,Filling,2 tbsp oyster sauce (check GF),2,tbsp,oyster sauce,check GF,
4fedab5c-239d-4099-a8fe-013b4e2ff70f|0|3,Crispy Chicken Dumplings,Filling,1 tbsp soy sauce,1,tbsp,soy sauce,,
4fedab5c-239d-4099-a8fe-013b4e2ff70f|0|4,Crispy Chicken Dumplings,Filling,3 tsp minced garlic,3,tsp,garlic,minced,
4fedab5c-239d-4099-a8fe-013b4e2ff70f|0|5,Crispy Chicken Dumplings,Filling,1 tbsp cornflour,1,tbsp,cornflour,,
4fedab5c-239d-4099-a8fe-013b4e2ff70f|0|6,Crispy Chicken Dumplings,Filling,½ tsp white pepper,0.5,tsp,white pepper,,
4fedab5c-239d-4099-a8fe-013b4e2ff70f|0|7,Crispy Chicken Dumplings,Filling,½ tsp black pepper,0.5,tsp,black pepper,,
4fedab5c-239d-4099-a8fe-013b4e2ff70f|0|8,Crispy Chicken Dumplings,Filling,"Salt, to taste",,,Salt,to taste,vague
4fedab5c-239d-4099-a8fe-013b4e2ff70f|1|0,Crispy Chicken Dumplings,Wrappers,12 sheets rice paper,12,sheet,rice paper,,
4fedab5c-239d-4099-a8fe-013b4e2ff70f|1|1,Crispy Chicken Dumplings,Wrappers,Cooking oil spray,,,Cooking oil spray,,no-qty
4fedab5c-239d-4099-a8fe-013b4e2ff70f|2|0,Crispy Chicken Dumplings,Dipping Sauce,2 tbsp soy sauce,2,tbsp,soy sauce,,
4fedab5c-239d-4099-a8fe-013b4e2ff70f|2|1,Crispy Chicken Dumplings,Dipping Sauce,1 tsp chilli oil,1,tsp,chilli oil,,
4fedab5c-239d-4099-a8fe-013b4e2ff70f|2|2,Crispy Chicken Dumplings,Dipping Sauce,½ tsp sesame oil,0.5,tsp,sesame oil,,
4fedab5c-239d-4099-a8fe-013b4e2ff70f|2|3,Crispy Chicken Dumplings,Dipping Sauce,½ tsp sesame seeds,0.5,tsp,sesame seeds,,
4fedab5c-239d-4099-a8fe-013b4e2ff70f|2|4,Crispy Chicken Dumplings,Dipping Sauce,1 tbsp water,1,tbsp,water,,
81dd4306-72d3-4ed5-9a03-c6ba9a8fb7ce|0|0,Crispy Chicken Rice Paper Dumplings,Dumplings,250g chicken mince,250,g,chicken mince,,
81dd4306-72d3-4ed5-9a03-c6ba9a8fb7ce|0|1,Crispy Chicken Rice Paper Dumplings,Dumplings,"2 spring onions, diced",2,,spring onions,diced,
81dd4306-72d3-4ed5-9a03-c6ba9a8fb7ce|0|2,Crispy Chicken Rice Paper Dumplings,Dumplings,"1 garlic clove, finely chopped",1,,garlic clove,finely chopped,
81dd4306-72d3-4ed5-9a03-c6ba9a8fb7ce|0|3,Crispy Chicken Rice Paper Dumplings,Dumplings,"10g ginger, finely chopped",10,g,ginger,finely chopped,
81dd4306-72d3-4ed5-9a03-c6ba9a8fb7ce|0|4,Crispy Chicken Rice Paper Dumplings,Dumplings,"small bunch coriander, finely chopped",,,bunch coriander,finely chopped,no-qty
81dd4306-72d3-4ed5-9a03-c6ba9a8fb7ce|0|5,Crispy Chicken Rice Paper Dumplings,Dumplings,"1 red chilli, seeds removed, finely chopped",1,,red chilli,"seeds removed,  finely chopped",
81dd4306-72d3-4ed5-9a03-c6ba9a8fb7ce|0|6,Crispy Chicken Rice Paper Dumplings,Dumplings,2 tsp soy sauce,2,tsp,soy sauce,,
81dd4306-72d3-4ed5-9a03-c6ba9a8fb7ce|0|7,Crispy Chicken Rice Paper Dumplings,Dumplings,1 tsp honey,1,tsp,honey,,
81dd4306-72d3-4ed5-9a03-c6ba9a8fb7ce|0|8,Crispy Chicken Rice Paper Dumplings,Dumplings,1 tsp oyster sauce,1,tsp,oyster sauce,,
81dd4306-72d3-4ed5-9a03-c6ba9a8fb7ce|0|9,Crispy Chicken Rice Paper Dumplings,Dumplings,1 tsp sesame oil,1,tsp,sesame oil,,
81dd4306-72d3-4ed5-9a03-c6ba9a8fb7ce|0|10,Crispy Chicken Rice Paper Dumplings,Dumplings,6 rice paper rolls,6,,rice paper rolls,,
81dd4306-72d3-4ed5-9a03-c6ba9a8fb7ce|0|11,Crispy Chicken Rice Paper Dumplings,Dumplings,black and white sesame seeds for coating,,,black and white sesame seeds for coating,,long|no-qty
81dd4306-72d3-4ed5-9a03-c6ba9a8fb7ce|1|0,Crispy Chicken Rice Paper Dumplings,Peanut Sauce,1 tbsp peanut butter,1,tbsp,peanut butter,,
81dd4306-72d3-4ed5-9a03-c6ba9a8fb7ce|1|1,Crispy Chicken Rice Paper Dumplings,Peanut Sauce,1 tbsp honey,1,tbsp,honey,,
81dd4306-72d3-4ed5-9a03-c6ba9a8fb7ce|1|2,Crispy Chicken Rice Paper Dumplings,Peanut Sauce,1 tbsp soy sauce,1,tbsp,soy sauce,,
81dd4306-72d3-4ed5-9a03-c6ba9a8fb7ce|1|3,Crispy Chicken Rice Paper Dumplings,Peanut Sauce,juice of ½ lime,,,juice of ½ lime,,no-qty
81dd4306-72d3-4ed5-9a03-c6ba9a8fb7ce|1|4,Crispy Chicken Rice Paper Dumplings,Peanut Sauce,2 tbsp coconut milk,2,tbsp,coconut milk,,
81dd4306-72d3-4ed5-9a03-c6ba9a8fb7ce|1|5,Crispy Chicken Rice Paper Dumplings,Peanut Sauce,1–2 tsp sriracha,1,tsp,sriracha,,range
9432601e-8eb2-45a5-a15d-3e418bd425aa|0|0,Crispy Chilli Beef Protein Bowls,Main,500g high quality lean beef mince,500,g,high quality lean beef mince,,
9432601e-8eb2-45a5-a15d-3e418bd425aa|0|1,Crispy Chilli Beef Protein Bowls,Main,1 large red pepper or 2 small,1,,large red pepper or 2 small,,digit-in-name|or-alt
9432601e-8eb2-45a5-a15d-3e418bd425aa|0|2,Crispy Chilli Beef Protein Bowls,Main,4 spring onions,4,,spring onions,,
9432601e-8eb2-45a5-a15d-3e418bd425aa|0|3,Crispy Chilli Beef Protein Bowls,Main,2 cloves of garlic,2,clove,garlic,,
9432601e-8eb2-45a5-a15d-3e418bd425aa|0|4,Crispy Chilli Beef Protein Bowls,Main,1/2 red chilli,0.5,,red chilli,,
9432601e-8eb2-45a5-a15d-3e418bd425aa|0|5,Crispy Chilli Beef Protein Bowls,Main,"2 carrots, julienned",2,,carrots,julienned,
9432601e-8eb2-45a5-a15d-3e418bd425aa|0|6,Crispy Chilli Beef Protein Bowls,Main,1 cucumber,1,,cucumber,,
9432601e-8eb2-45a5-a15d-3e418bd425aa|0|7,Crispy Chilli Beef Protein Bowls,Main,Handful radishes,1,handful,radishes,,
9432601e-8eb2-45a5-a15d-3e418bd425aa|0|8,Crispy Chilli Beef Protein Bowls,Main,Sesame seeds,,,Sesame seeds,,no-qty
9432601e-8eb2-45a5-a15d-3e418bd425aa|0|9,Crispy Chilli Beef Protein Bowls,Main,1 avocado,1,,avocado,,
9432601e-8eb2-45a5-a15d-3e418bd425aa|0|10,Crispy Chilli Beef Protein Bowls,Main,Rice to serve (precooked),,,Rice,to serve; precooked,vague|no-qty
9432601e-8eb2-45a5-a15d-3e418bd425aa|0|11,Crispy Chilli Beef Protein Bowls,Main,1/2 beef stock cube,0.5,,beef stock cube,,
9432601e-8eb2-45a5-a15d-3e418bd425aa|1|0,Crispy Chilli Beef Protein Bowls,Sauce,3 tbsp sweet chilli sauce,3,tbsp,sweet chilli sauce,,
9432601e-8eb2-45a5-a15d-3e418bd425aa|1|1,Crispy Chilli Beef Protein Bowls,Sauce,3 tbsp low-sugar tomato ketchup,3,tbsp,low-sugar tomato ketchup,,
9432601e-8eb2-45a5-a15d-3e418bd425aa|1|2,Crispy Chilli Beef Protein Bowls,Sauce,4 tbsp rice vinegar,4,tbsp,rice vinegar,,
9432601e-8eb2-45a5-a15d-3e418bd425aa|1|3,Crispy Chilli Beef Protein Bowls,Sauce,1 heaped tsp honey,1,,heaped tsp honey,,
9432601e-8eb2-45a5-a15d-3e418bd425aa|1|4,Crispy Chilli Beef Protein Bowls,Sauce,2 tbsp dark soy sauce,2,tbsp,dark soy sauce,,
9432601e-8eb2-45a5-a15d-3e418bd425aa|1|5,Crispy Chilli Beef Protein Bowls,Sauce,1 tbsp toasted sesame oil,1,tbsp,sesame oil,toasted,
9432601e-8eb2-45a5-a15d-3e418bd425aa|1|6,Crispy Chilli Beef Protein Bowls,Sauce,1 tsp ginger puree,1,tsp,ginger puree,,
9432601e-8eb2-45a5-a15d-3e418bd425aa|1|7,Crispy Chilli Beef Protein Bowls,Sauce,1 heaped tsp corn flour,1,,heaped tsp corn flour,,
9432601e-8eb2-45a5-a15d-3e418bd425aa|1|8,Crispy Chilli Beef Protein Bowls,Sauce,1/2 tsp Chinese 5 spice,0.5,tsp,Chinese 5 spice,,digit-in-name
667b7f8b-99e9-45e4-836b-c0cfa3e7074f|0|0,Crispy Gluten Free Shrimp Dumplings,Shrimp Balls,"7oz shrimp, peeled & deveined",7,oz,shrimp,peeled & deveined,
667b7f8b-99e9-45e4-836b-c0cfa3e7074f|0|1,Crispy Gluten Free Shrimp Dumplings,Shrimp Balls,½ tsp salt,0.5,tsp,salt,,
667b7f8b-99e9-45e4-836b-c0cfa3e7074f|0|2,Crispy Gluten Free Shrimp Dumplings,Shrimp Balls,¼ tsp black pepper,0.25,tsp,black pepper,,
667b7f8b-99e9-45e4-836b-c0cfa3e7074f|0|3,Crispy Gluten Free Shrimp Dumplings,Shrimp Balls,1 garlic clove,1,,garlic clove,,
667b7f8b-99e9-45e4-836b-c0cfa3e7074f|0|4,Crispy Gluten Free Shrimp Dumplings,Shrimp Balls,1 small knob of ginger,1,,small knob of ginger,,
667b7f8b-99e9-45e4-836b-c0cfa3e7074f|0|5,Crispy Gluten Free Shrimp Dumplings,Shrimp Balls,2 green onions,2,,green onions,,
667b7f8b-99e9-45e4-836b-c0cfa3e7074f|1|0,Crispy Gluten Free Shrimp Dumplings,Dipping Sauce,¼ cup gluten free soy sauce,0.25,cup,gluten free soy sauce,,
667b7f8b-99e9-45e4-836b-c0cfa3e7074f|1|1,Crispy Gluten Free Shrimp Dumplings,Dipping Sauce,2 tbsp gluten free hoisin sauce,2,tbsp,gluten free hoisin sauce,,
667b7f8b-99e9-45e4-836b-c0cfa3e7074f|1|2,Crispy Gluten Free Shrimp Dumplings,Dipping Sauce,1 tbsp water,1,tbsp,water,,
667b7f8b-99e9-45e4-836b-c0cfa3e7074f|1|3,Crispy Gluten Free Shrimp Dumplings,Dipping Sauce,2 tsp rice vinegar,2,tsp,rice vinegar,,
667b7f8b-99e9-45e4-836b-c0cfa3e7074f|1|4,Crispy Gluten Free Shrimp Dumplings,Dipping Sauce,1 tsp sriracha (or chili oil),1,tsp,sriracha,or chili oil,or-alt
667b7f8b-99e9-45e4-836b-c0cfa3e7074f|1|5,Crispy Gluten Free Shrimp Dumplings,Dipping Sauce,½ tsp maple syrup (or sugar),0.5,tsp,maple syrup,or sugar,or-alt
667b7f8b-99e9-45e4-836b-c0cfa3e7074f|1|6,Crispy Gluten Free Shrimp Dumplings,Dipping Sauce,"1 clove garlic, minced",1,clove,garlic,minced,
667b7f8b-99e9-45e4-836b-c0cfa3e7074f|1|7,Crispy Gluten Free Shrimp Dumplings,Dipping Sauce,"1 tsp green onions, chopped",1,tsp,green onions,chopped,
667b7f8b-99e9-45e4-836b-c0cfa3e7074f|1|8,Crispy Gluten Free Shrimp Dumplings,Dipping Sauce,¼ tsp minced fresh ginger,0.25,tsp,fresh ginger,minced,
667b7f8b-99e9-45e4-836b-c0cfa3e7074f|1|9,Crispy Gluten Free Shrimp Dumplings,Dipping Sauce,½ tsp toasted sesame oil,0.5,tsp,sesame oil,toasted,
667b7f8b-99e9-45e4-836b-c0cfa3e7074f|2|0,Crispy Gluten Free Shrimp Dumplings,Wrapper,Cold water,,,Cold water,,no-qty
667b7f8b-99e9-45e4-836b-c0cfa3e7074f|2|1,Crispy Gluten Free Shrimp Dumplings,Wrapper,Glutinous rice flour,,,Glutinous rice flour,,no-qty
667b7f8b-99e9-45e4-836b-c0cfa3e7074f|3|0,Crispy Gluten Free Shrimp Dumplings,To Cook,1/3 cup water,0.333,cup,water,,
667b7f8b-99e9-45e4-836b-c0cfa3e7074f|3|1,Crispy Gluten Free Shrimp Dumplings,To Cook,Oil,,,Oil,,no-qty
4af6effe-0f0c-4988-b635-487084bc10d4|0|0,Crispy Quinoa Edamame Salad,Salad,1 cup (100g) cooked edamame,1,cup,cooked edamame,100g,
4af6effe-0f0c-4988-b635-487084bc10d4|0|1,Crispy Quinoa Edamame Salad,Salad,"1 cup (80g) green cabbage, finely chopped",1,cup,green cabbage,finely chopped; 80g,
4af6effe-0f0c-4988-b635-487084bc10d4|0|2,Crispy Quinoa Edamame Salad,Salad,"1 medium cucumber (~150g), diced",1,,medium cucumber,diced; ~150g,
4af6effe-0f0c-4988-b635-487084bc10d4|0|3,Crispy Quinoa Edamame Salad,Salad,"1 avocado (~150g), diced",1,,avocado,diced; ~150g,
4af6effe-0f0c-4988-b635-487084bc10d4|0|4,Crispy Quinoa Edamame Salad,Salad,"3 scallions, thinly sliced",3,,scallions,thinly sliced,
4af6effe-0f0c-4988-b635-487084bc10d4|0|5,Crispy Quinoa Edamame Salad,Salad,2 cups cooked quinoa (~200g),2,cup,cooked quinoa,~200g,
4af6effe-0f0c-4988-b635-487084bc10d4|1|0,Crispy Quinoa Edamame Salad,Crispy Quinoa Marinade,2 tbsp soy sauce,2,tbsp,soy sauce,,
4af6effe-0f0c-4988-b635-487084bc10d4|1|1,Crispy Quinoa Edamame Salad,Crispy Quinoa Marinade,1 tbsp chilli garlic paste,1,tbsp,chilli garlic paste,,
4af6effe-0f0c-4988-b635-487084bc10d4|2|0,Crispy Quinoa Edamame Salad,Dressing,2 tbsp coconut aminos,2,tbsp,coconut aminos,,
4af6effe-0f0c-4988-b635-487084bc10d4|2|1,Crispy Quinoa Edamame Salad,Dressing,1 tbsp soy sauce,1,tbsp,soy sauce,,
4af6effe-0f0c-4988-b635-487084bc10d4|2|2,Crispy Quinoa Edamame Salad,Dressing,1 tsp toasted sesame oil,1,tsp,sesame oil,toasted,
4af6effe-0f0c-4988-b635-487084bc10d4|2|3,Crispy Quinoa Edamame Salad,Dressing,1 tbsp peanut butter or tahini,1,tbsp,peanut butter or tahini,,or-alt
4af6effe-0f0c-4988-b635-487084bc10d4|2|4,Crispy Quinoa Edamame Salad,Dressing,1 tbsp water,1,tbsp,water,,
4af6effe-0f0c-4988-b635-487084bc10d4|2|5,Crispy Quinoa Edamame Salad,Dressing,¼ tsp garlic powder,0.25,tsp,garlic powder,,
4af6effe-0f0c-4988-b635-487084bc10d4|2|6,Crispy Quinoa Edamame Salad,Dressing,¼ tsp ground ginger,0.25,tsp,ground ginger,,
4af6effe-0f0c-4988-b635-487084bc10d4|2|7,Crispy Quinoa Edamame Salad,Dressing,2 tbsp rice vinegar,2,tbsp,rice vinegar,,
c94d4f05-f4aa-40c5-a4e4-27e646f7fb0c|0|0,Crispy Rice and Chicken Salad,Salad,200g cooked sushi rice (cold),200,g,cooked sushi rice,cold,
c94d4f05-f4aa-40c5-a4e4-27e646f7fb0c|0|1,Crispy Rice and Chicken Salad,Salad,300g skin-on chicken thighs,300,g,skin-on chicken thighs,,
c94d4f05-f4aa-40c5-a4e4-27e646f7fb0c|0|2,Crispy Rice and Chicken Salad,Salad,200g cherry tomatoes,200,g,cherry tomatoes,,
c94d4f05-f4aa-40c5-a4e4-27e646f7fb0c|0|3,Crispy Rice and Chicken Salad,Salad,1 carrot,1,,carrot,,
c94d4f05-f4aa-40c5-a4e4-27e646f7fb0c|0|4,Crispy Rice and Chicken Salad,Salad,1 cucumber,1,,cucumber,,
c94d4f05-f4aa-40c5-a4e4-27e646f7fb0c|0|5,Crispy Rice and Chicken Salad,Salad,2 eggs,2,,eggs,,
c94d4f05-f4aa-40c5-a4e4-27e646f7fb0c|0|6,Crispy Rice and Chicken Salad,Salad,3 spring onions,3,,spring onions,,
c94d4f05-f4aa-40c5-a4e4-27e646f7fb0c|0|7,Crispy Rice and Chicken Salad,Salad,1 shallot,1,,shallot,,
c94d4f05-f4aa-40c5-a4e4-27e646f7fb0c|0|8,Crispy Rice and Chicken Salad,Salad,20g coriander,20,g,coriander,,
c94d4f05-f4aa-40c5-a4e4-27e646f7fb0c|1|0,Crispy Rice and Chicken Salad,Dressing,juice of 2 limes,,,juice of 2 limes,,digit-in-name|no-qty
c94d4f05-f4aa-40c5-a4e4-27e646f7fb0c|1|1,Crispy Rice and Chicken Salad,Dressing,2 tbsp fish sauce,2,tbsp,fish sauce,,
c94d4f05-f4aa-40c5-a4e4-27e646f7fb0c|1|2,Crispy Rice and Chicken Salad,Dressing,1 tbsp soy sauce,1,tbsp,soy sauce,,
c94d4f05-f4aa-40c5-a4e4-27e646f7fb0c|1|3,Crispy Rice and Chicken Salad,Dressing,1 tbsp rice vinegar,1,tbsp,rice vinegar,,
c94d4f05-f4aa-40c5-a4e4-27e646f7fb0c|1|4,Crispy Rice and Chicken Salad,Dressing,1 tbsp gochugaru,1,tbsp,gochugaru,,
c94d4f05-f4aa-40c5-a4e4-27e646f7fb0c|1|5,Crispy Rice and Chicken Salad,Dressing,1 tbsp sugar,1,tbsp,sugar,,
d0a8c1f7-c537-44f2-90af-a8f1808ff2bb|0|0,Crispy Rice Paper Spring Rolls Without Frying,Egg Soak,2 eggs,2,,eggs,,
d0a8c1f7-c537-44f2-90af-a8f1808ff2bb|0|1,Crispy Rice Paper Spring Rolls Without Frying,Egg Soak,8 tbsp water,8,tbsp,water,,
d0a8c1f7-c537-44f2-90af-a8f1808ff2bb|0|2,Crispy Rice Paper Spring Rolls Without Frying,Egg Soak,2 tbsp soy sauce,2,tbsp,soy sauce,,
d0a8c1f7-c537-44f2-90af-a8f1808ff2bb|1|0,Crispy Rice Paper Spring Rolls Without Frying,Rice Paper,24 rice paper sheets (2 per roll),24,,rice paper sheets,2 per roll,
d0a8c1f7-c537-44f2-90af-a8f1808ff2bb|2|0,Crispy Rice Paper Spring Rolls Without Frying,Filling,"½ carrot, shredded",0.5,,carrot,shredded,
d0a8c1f7-c537-44f2-90af-a8f1808ff2bb|2|1,Crispy Rice Paper Spring Rolls Without Frying,Filling,"½ cabbage, thinly sliced",0.5,,cabbage,thinly sliced,
d0a8c1f7-c537-44f2-90af-a8f1808ff2bb|2|2,Crispy Rice Paper Spring Rolls Without Frying,Filling,"8–10 shiitake mushrooms, thinly sliced",8,,shiitake mushrooms,thinly sliced,range
d0a8c1f7-c537-44f2-90af-a8f1808ff2bb|2|3,Crispy Rice Paper Spring Rolls Without Frying,Filling,"2 green onions, chopped",2,,green onions,chopped,
d0a8c1f7-c537-44f2-90af-a8f1808ff2bb|2|4,Crispy Rice Paper Spring Rolls Without Frying,Filling,"2 packs vermicelli noodles, soaked until soft, drained & cut",2,,packs vermicelli noodles,"soaked until soft,  drained & cut",
d0a8c1f7-c537-44f2-90af-a8f1808ff2bb|2|5,Crispy Rice Paper Spring Rolls Without Frying,Filling,1 tbsp gluten-free soy sauce,1,tbsp,gluten-free soy sauce,,
d0a8c1f7-c537-44f2-90af-a8f1808ff2bb|2|6,Crispy Rice Paper Spring Rolls Without Frying,Filling,3 tbsp gluten-free oyster sauce,3,tbsp,gluten-free oyster sauce,,
d0a8c1f7-c537-44f2-90af-a8f1808ff2bb|2|7,Crispy Rice Paper Spring Rolls Without Frying,Filling,2 tsp white pepper,2,tsp,white pepper,,
d0a8c1f7-c537-44f2-90af-a8f1808ff2bb|3|0,Crispy Rice Paper Spring Rolls Without Frying,Dipping Sauce,¼ cup gluten-free soy sauce,0.25,cup,gluten-free soy sauce,,
d0a8c1f7-c537-44f2-90af-a8f1808ff2bb|3|1,Crispy Rice Paper Spring Rolls Without Frying,Dipping Sauce,2 tbsp gluten-free hoisin sauce,2,tbsp,gluten-free hoisin sauce,,
d0a8c1f7-c537-44f2-90af-a8f1808ff2bb|3|2,Crispy Rice Paper Spring Rolls Without Frying,Dipping Sauce,1 tbsp water,1,tbsp,water,,
d0a8c1f7-c537-44f2-90af-a8f1808ff2bb|3|3,Crispy Rice Paper Spring Rolls Without Frying,Dipping Sauce,"1 clove garlic, minced",1,clove,garlic,minced,
d0a8c1f7-c537-44f2-90af-a8f1808ff2bb|3|4,Crispy Rice Paper Spring Rolls Without Frying,Dipping Sauce,"1 tsp green onions, chopped",1,tsp,green onions,chopped,
d0a8c1f7-c537-44f2-90af-a8f1808ff2bb|3|5,Crispy Rice Paper Spring Rolls Without Frying,Dipping Sauce,½ tsp toasted sesame oil,0.5,tsp,sesame oil,toasted,
d0a8c1f7-c537-44f2-90af-a8f1808ff2bb|3|6,Crispy Rice Paper Spring Rolls Without Frying,Dipping Sauce,½ tsp maple syrup,0.5,tsp,maple syrup,,
d0a8c1f7-c537-44f2-90af-a8f1808ff2bb|3|7,Crispy Rice Paper Spring Rolls Without Frying,Dipping Sauce,1 tsp rice vinegar,1,tsp,rice vinegar,,
d0a8c1f7-c537-44f2-90af-a8f1808ff2bb|3|8,Crispy Rice Paper Spring Rolls Without Frying,Dipping Sauce,"¼ tsp fresh ginger, minced",0.25,tsp,fresh ginger,minced,
3740ce6b-8bed-4183-adb4-eb07b446c8e1|0|0,Crispy Rice Salad with Miso Tofu,Crispy Rice & Tofu,4 tbsp tamari,4,tbsp,tamari,,
3740ce6b-8bed-4183-adb4-eb07b446c8e1|0|1,Crispy Rice Salad with Miso Tofu,Crispy Rice & Tofu,2 tbsp white miso paste,2,tbsp,white miso paste,,
3740ce6b-8bed-4183-adb4-eb07b446c8e1|0|2,Crispy Rice Salad with Miso Tofu,Crispy Rice & Tofu,2 tbsp maple syrup,2,tbsp,maple syrup,,
3740ce6b-8bed-4183-adb4-eb07b446c8e1|0|3,Crispy Rice Salad with Miso Tofu,Crispy Rice & Tofu,2 tbsp sesame oil (or olive oil),2,tbsp,sesame oil,or olive oil,or-alt
3740ce6b-8bed-4183-adb4-eb07b446c8e1|0|4,Crispy Rice Salad with Miso Tofu,Crispy Rice & Tofu,2 servings cooked rice (about 250g),2,,servings cooked rice,about 250g,
3740ce6b-8bed-4183-adb4-eb07b446c8e1|0|5,Crispy Rice Salad with Miso Tofu,Crispy Rice & Tofu,"1 x firm block tofu (about 280g), cut into 1cm cubes",1,,x firm block tofu,cut into 1cm cubes; about 280g,
3740ce6b-8bed-4183-adb4-eb07b446c8e1|1|0,Crispy Rice Salad with Miso Tofu,Toppings,2 handfuls kale (about 100g),2,handful,kale,about 100g,
3740ce6b-8bed-4183-adb4-eb07b446c8e1|1|1,Crispy Rice Salad with Miso Tofu,Toppings,"2 limes, juiced",2,,limes,juiced,
3740ce6b-8bed-4183-adb4-eb07b446c8e1|1|2,Crispy Rice Salad with Miso Tofu,Toppings,"Small handful spring onions (about 50g), thinly sliced",1,handful,spring onions,thinly sliced; about 50g,
3740ce6b-8bed-4183-adb4-eb07b446c8e1|1|3,Crispy Rice Salad with Miso Tofu,Toppings,"1 avocado, thinly sliced",1,,avocado,thinly sliced,
3740ce6b-8bed-4183-adb4-eb07b446c8e1|1|4,Crispy Rice Salad with Miso Tofu,Toppings,"1 large carrot, coarsely grated/julienned",1,,large carrot,coarsely grated/julienned,
3740ce6b-8bed-4183-adb4-eb07b446c8e1|1|5,Crispy Rice Salad with Miso Tofu,Toppings,"Handful of radish (about 100g), thinly sliced",1,handful,radish,thinly sliced; about 100g,
3740ce6b-8bed-4183-adb4-eb07b446c8e1|1|6,Crispy Rice Salad with Miso Tofu,Toppings,Handful of sesame seeds (about 50g),1,handful,sesame seeds,about 50g,
3740ce6b-8bed-4183-adb4-eb07b446c8e1|1|7,Crispy Rice Salad with Miso Tofu,Toppings,Pinch of chilli flakes,1,pinch,chilli flakes,,
c6f50e3d-b0dc-4de6-baeb-68563c658eab|0|0,Crispy Rice Tuna Salad,Crispy Rice,"2 cups jasmine rice, cooked and cooled",2,cup,jasmine rice,cooked and cooled,
c6f50e3d-b0dc-4de6-baeb-68563c658eab|0|1,Crispy Rice Tuna Salad,Crispy Rice,Sriracha to taste,,,Sriracha,to taste,vague|no-qty
c6f50e3d-b0dc-4de6-baeb-68563c658eab|0|2,Crispy Rice Tuna Salad,Crispy Rice,3 tsp soy sauce,3,tsp,soy sauce,,
c6f50e3d-b0dc-4de6-baeb-68563c658eab|0|3,Crispy Rice Tuna Salad,Crispy Rice,1 tbsp sesame oil,1,tbsp,sesame oil,,
c6f50e3d-b0dc-4de6-baeb-68563c658eab|1|0,Crispy Rice Tuna Salad,Tuna Salad,1 can tuna,1,can,tuna,,
c6f50e3d-b0dc-4de6-baeb-68563c658eab|1|1,Crispy Rice Tuna Salad,Tuna Salad,Mayo and/or Greek yogurt,,,Mayo and/or Greek yogurt,,or-alt|no-qty
c6f50e3d-b0dc-4de6-baeb-68563c658eab|1|2,Crispy Rice Tuna Salad,Tuna Salad,Smoked paprika,,,Smoked paprika,,no-qty
c6f50e3d-b0dc-4de6-baeb-68563c658eab|1|3,Crispy Rice Tuna Salad,Tuna Salad,Pinch of sugar,1,pinch,sugar,,
c6f50e3d-b0dc-4de6-baeb-68563c658eab|1|4,Crispy Rice Tuna Salad,Tuna Salad,Salt and sriracha,,,Salt and sriracha,,
c6f50e3d-b0dc-4de6-baeb-68563c658eab|2|0,Crispy Rice Tuna Salad,Toppings,½ avocado,0.5,,avocado,,
c6f50e3d-b0dc-4de6-baeb-68563c658eab|2|1,Crispy Rice Tuna Salad,Toppings,1 mini cucumber,1,,mini cucumber,,
c6f50e3d-b0dc-4de6-baeb-68563c658eab|2|2,Crispy Rice Tuna Salad,Toppings,Everything bagel seasoning,,,Everything bagel seasoning,,no-qty
c6f50e3d-b0dc-4de6-baeb-68563c658eab|2|3,Crispy Rice Tuna Salad,Toppings,Sriracha,,,Sriracha,,no-qty
c6f50e3d-b0dc-4de6-baeb-68563c658eab|2|4,Crispy Rice Tuna Salad,Toppings,Green onion,,,Green onion,,no-qty
48bdb0a3-4e51-49dc-8d67-a230db597833|0|0,Crispy Rosemary Chicken with Apple Beetroot & Horseradish Slaw,Crispy Chicken,2 chicken breasts,2,,chicken breasts,,
48bdb0a3-4e51-49dc-8d67-a230db597833|0|1,Crispy Rosemary Chicken with Apple Beetroot & Horseradish Slaw,Crispy Chicken,fresh or panko breadcrumbs (approx 100g),,,fresh or panko breadcrumbs,approx 100g,or-alt|no-qty
48bdb0a3-4e51-49dc-8d67-a230db597833|0|2,Crispy Rosemary Chicken with Apple Beetroot & Horseradish Slaw,Crispy Chicken,½ tsp dried rosemary,0.5,tsp,dried rosemary,,
48bdb0a3-4e51-49dc-8d67-a230db597833|0|3,Crispy Rosemary Chicken with Apple Beetroot & Horseradish Slaw,Crispy Chicken,½ tsp garlic granules,0.5,tsp,garlic granules,,
48bdb0a3-4e51-49dc-8d67-a230db597833|0|4,Crispy Rosemary Chicken with Apple Beetroot & Horseradish Slaw,Crispy Chicken,1 heaped tsp smoked paprika,1,,heaped tsp smoked paprika,,
48bdb0a3-4e51-49dc-8d67-a230db597833|0|5,Crispy Rosemary Chicken with Apple Beetroot & Horseradish Slaw,Crispy Chicken,salt and pepper,,,salt and pepper,,
48bdb0a3-4e51-49dc-8d67-a230db597833|0|6,Crispy Rosemary Chicken with Apple Beetroot & Horseradish Slaw,Crispy Chicken,1 medium egg,1,,medium egg,,
48bdb0a3-4e51-49dc-8d67-a230db597833|0|7,Crispy Rosemary Chicken with Apple Beetroot & Horseradish Slaw,Crispy Chicken,4 tbsp plain flour,4,tbsp,plain flour,,
48bdb0a3-4e51-49dc-8d67-a230db597833|1|0,Crispy Rosemary Chicken with Apple Beetroot & Horseradish Slaw,Slaw,¼ red cabbage,0.25,,red cabbage,,
48bdb0a3-4e51-49dc-8d67-a230db597833|1|1,Crispy Rosemary Chicken with Apple Beetroot & Horseradish Slaw,Slaw,¼ white cabbage,0.25,,white cabbage,,
48bdb0a3-4e51-49dc-8d67-a230db597833|1|2,Crispy Rosemary Chicken with Apple Beetroot & Horseradish Slaw,Slaw,"1 medium raw beetroot, peeled",1,,medium raw beetroot,peeled,
48bdb0a3-4e51-49dc-8d67-a230db597833|1|3,Crispy Rosemary Chicken with Apple Beetroot & Horseradish Slaw,Slaw,1 large red apple,1,,large red apple,,
48bdb0a3-4e51-49dc-8d67-a230db597833|1|4,Crispy Rosemary Chicken with Apple Beetroot & Horseradish Slaw,Slaw,2 large spring onions,2,,large spring onions,,
48bdb0a3-4e51-49dc-8d67-a230db597833|1|5,Crispy Rosemary Chicken with Apple Beetroot & Horseradish Slaw,Slaw,2 tbsp Greek yoghurt,2,tbsp,Greek yoghurt,,
48bdb0a3-4e51-49dc-8d67-a230db597833|1|6,Crispy Rosemary Chicken with Apple Beetroot & Horseradish Slaw,Slaw,horseradish to taste (approx 2 heaped tsp),,,horseradish,to taste; approx 2 heaped tsp,vague|no-qty
48bdb0a3-4e51-49dc-8d67-a230db597833|1|7,Crispy Rosemary Chicken with Apple Beetroot & Horseradish Slaw,Slaw,1 tsp honey,1,tsp,honey,,
48bdb0a3-4e51-49dc-8d67-a230db597833|1|8,Crispy Rosemary Chicken with Apple Beetroot & Horseradish Slaw,Slaw,1 tsp Dijon mustard,1,tsp,Dijon mustard,,
48bdb0a3-4e51-49dc-8d67-a230db597833|1|9,Crispy Rosemary Chicken with Apple Beetroot & Horseradish Slaw,Slaw,1 tbsp white wine or apple cider vinegar,1,tbsp,white wine or apple cider vinegar,,or-alt
48bdb0a3-4e51-49dc-8d67-a230db597833|1|10,Crispy Rosemary Chicken with Apple Beetroot & Horseradish Slaw,Slaw,optional: 1 tbsp nutritional yeast,1,tbsp,nutritional yeast,,
48bdb0a3-4e51-49dc-8d67-a230db597833|2|0,Crispy Rosemary Chicken with Apple Beetroot & Horseradish Slaw,To Serve,60g feta,60,g,feta,,
48bdb0a3-4e51-49dc-8d67-a230db597833|2|1,Crispy Rosemary Chicken with Apple Beetroot & Horseradish Slaw,To Serve,fresh parsley,,,fresh parsley,,no-qty
e2721eaf-a656-45a6-a666-055cef140fa1|0|0,Crispy Tempeh Rice and Cucumber Salad,Salad,200g tempeh,200,g,tempeh,,
e2721eaf-a656-45a6-a666-055cef140fa1|0|1,Crispy Tempeh Rice and Cucumber Salad,Salad,"250g cooked jasmine rice, cold",250,g,cooked jasmine rice,cold,
e2721eaf-a656-45a6-a666-055cef140fa1|0|2,Crispy Tempeh Rice and Cucumber Salad,Salad,1 tbsp light soy sauce,1,tbsp,light soy sauce,,
e2721eaf-a656-45a6-a666-055cef140fa1|0|3,Crispy Tempeh Rice and Cucumber Salad,Salad,1 tbsp maple syrup,1,tbsp,maple syrup,,
e2721eaf-a656-45a6-a666-055cef140fa1|0|4,Crispy Tempeh Rice and Cucumber Salad,Salad,1 tbsp sesame oil,1,tbsp,sesame oil,,
e2721eaf-a656-45a6-a666-055cef140fa1|0|5,Crispy Tempeh Rice and Cucumber Salad,Salad,1 cucumber,1,,cucumber,,
e2721eaf-a656-45a6-a666-055cef140fa1|0|6,Crispy Tempeh Rice and Cucumber Salad,Salad,1 red chilli,1,,red chilli,,
e2721eaf-a656-45a6-a666-055cef140fa1|0|7,Crispy Tempeh Rice and Cucumber Salad,Salad,Handful of mint & coriander,1,handful,mint & coriander,,
e2721eaf-a656-45a6-a666-055cef140fa1|0|8,Crispy Tempeh Rice and Cucumber Salad,Salad,50g roasted peanuts,50,g,roasted peanuts,,
e2721eaf-a656-45a6-a666-055cef140fa1|1|0,Crispy Tempeh Rice and Cucumber Salad,Dressing,4 tbsp plant-based mayo,4,tbsp,plant-based mayo,,
e2721eaf-a656-45a6-a666-055cef140fa1|1|1,Crispy Tempeh Rice and Cucumber Salad,Dressing,1 tbsp soy sauce,1,tbsp,soy sauce,,
e2721eaf-a656-45a6-a666-055cef140fa1|1|2,Crispy Tempeh Rice and Cucumber Salad,Dressing,Juice of 1 lime,,,Juice of 1 lime,,digit-in-name|no-qty
e2721eaf-a656-45a6-a666-055cef140fa1|1|3,Crispy Tempeh Rice and Cucumber Salad,Dressing,1 tbsp maple syrup,1,tbsp,maple syrup,,
e2721eaf-a656-45a6-a666-055cef140fa1|1|4,Crispy Tempeh Rice and Cucumber Salad,Dressing,2 tsp chilli crisp,2,tsp,chilli crisp,,
e2721eaf-a656-45a6-a666-055cef140fa1|2|0,Crispy Tempeh Rice and Cucumber Salad,Garnish,Extra peanuts,,,Extra peanuts,,no-qty
e2721eaf-a656-45a6-a666-055cef140fa1|2|1,Crispy Tempeh Rice and Cucumber Salad,Garnish,More fresh herbs,,,More fresh herbs,,no-qty
e2721eaf-a656-45a6-a666-055cef140fa1|2|2,Crispy Tempeh Rice and Cucumber Salad,Garnish,Lime wedges,,,Lime wedges,,no-qty
cb74fd67-6e8b-4577-bfed-66c3a1185ff5|0|0,Dak Gomtang (Korean Chicken Soup),Soup,"450g (1 lb) whole chicken legs, bone-in and skin-on",450,g,whole chicken legs,bone-in and skin-on; 1 lb,
cb74fd67-6e8b-4577-bfed-66c3a1185ff5|0|1,Dak Gomtang (Korean Chicken Soup),Soup,5 garlic cloves,5,,garlic cloves,,
cb74fd67-6e8b-4577-bfed-66c3a1185ff5|0|2,Dak Gomtang (Korean Chicken Soup),Soup,3 slices fresh ginger,3,slice,fresh ginger,,
cb74fd67-6e8b-4577-bfed-66c3a1185ff5|0|3,Dak Gomtang (Korean Chicken Soup),Soup,"½ medium onion, roughly chopped",0.5,,medium onion,roughly chopped,
cb74fd67-6e8b-4577-bfed-66c3a1185ff5|0|4,Dak Gomtang (Korean Chicken Soup),Soup,"5 spring onions, chopped",5,,spring onions,chopped,
cb74fd67-6e8b-4577-bfed-66c3a1185ff5|0|5,Dak Gomtang (Korean Chicken Soup),Soup,½ tsp whole peppercorns,0.5,tsp,whole peppercorns,,
cb74fd67-6e8b-4577-bfed-66c3a1185ff5|0|6,Dak Gomtang (Korean Chicken Soup),Soup,Salt and pepper,,,Salt and pepper,,
cb74fd67-6e8b-4577-bfed-66c3a1185ff5|0|7,Dak Gomtang (Korean Chicken Soup),Soup,Enough water to cover the chicken (approx. 1.5 litres),,,Enough water to cover the chicken,approx. 1.5 litres,no-qty
cb74fd67-6e8b-4577-bfed-66c3a1185ff5|1|0,Dak Gomtang (Korean Chicken Soup),Dipping Sauce,"1 tbsp jalapeño, finely diced",1,tbsp,jalapeño,finely diced,
cb74fd67-6e8b-4577-bfed-66c3a1185ff5|1|1,Dak Gomtang (Korean Chicken Soup),Dipping Sauce,5 tbsp soy sauce,5,tbsp,soy sauce,,
cb74fd67-6e8b-4577-bfed-66c3a1185ff5|1|2,Dak Gomtang (Korean Chicken Soup),Dipping Sauce,1 tbsp honey,1,tbsp,honey,,
cb74fd67-6e8b-4577-bfed-66c3a1185ff5|1|3,Dak Gomtang (Korean Chicken Soup),Dipping Sauce,2 tbsp water,2,tbsp,water,,
cb74fd67-6e8b-4577-bfed-66c3a1185ff5|2|0,Dak Gomtang (Korean Chicken Soup),To Serve,1½ cups cooked rice,1,,½ cups cooked rice,,
cb74fd67-6e8b-4577-bfed-66c3a1185ff5|2|1,Dak Gomtang (Korean Chicken Soup),To Serve,"Diced spring onion, for garnish",,,spring onion,Diced; for garnish,vague|no-qty
e61a8a7e-11ef-4881-ab40-27701b3d309c|0|0,Date Me Greek Yogurt Bowl,Main,200g 0% fat Greek yogurt or protein yogurt,200,g,0% fat Greek yogurt or protein yogurt,,digit-in-name|or-alt|long
e61a8a7e-11ef-4881-ab40-27701b3d309c|0|1,Date Me Greek Yogurt Bowl,Main,2 medjool dates,2,,medjool dates,,
e61a8a7e-11ef-4881-ab40-27701b3d309c|0|2,Date Me Greek Yogurt Bowl,Main,1/2 tsp extra virgin olive oil,0.5,tsp,extra virgin olive oil,,
e61a8a7e-11ef-4881-ab40-27701b3d309c|0|3,Date Me Greek Yogurt Bowl,Main,Pinch of flaky salt,1,pinch,flaky salt,,
78e63c41-9cd4-4d74-ac78-0632bd2cce5c|0|0,Date Tahini Bites with Sunflower Sesame Crust,Main,2 cups sunflower and sesame seed blend,2,cup,sunflower and sesame seed blend,,
78e63c41-9cd4-4d74-ac78-0632bd2cce5c|0|1,Date Tahini Bites with Sunflower Sesame Crust,Main,"12 medjool dates, pitted",12,,medjool dates,pitted,
78e63c41-9cd4-4d74-ac78-0632bd2cce5c|0|2,Date Tahini Bites with Sunflower Sesame Crust,Main,2-3 medjool dates (for binding),2,,medjool dates,for binding,range
78e63c41-9cd4-4d74-ac78-0632bd2cce5c|0|3,Date Tahini Bites with Sunflower Sesame Crust,Main,1/3 cup tahini,0.333,cup,tahini,,
78e63c41-9cd4-4d74-ac78-0632bd2cce5c|0|4,Date Tahini Bites with Sunflower Sesame Crust,Main,1 tsp vanilla,1,tsp,vanilla,,
78e63c41-9cd4-4d74-ac78-0632bd2cce5c|0|5,Date Tahini Bites with Sunflower Sesame Crust,Main,Flakey sea salt,,,Flakey sea salt,,no-qty
78e63c41-9cd4-4d74-ac78-0632bd2cce5c|0|6,Date Tahini Bites with Sunflower Sesame Crust,Main,Bee pollen,,,Bee pollen,,no-qty
78e63c41-9cd4-4d74-ac78-0632bd2cce5c|0|7,Date Tahini Bites with Sunflower Sesame Crust,Main,1/4 cup chocolate chips melted with 1 tsp coconut oil,0.25,cup,chocolate chips melted with 1 tsp coconut oil,,digit-in-name|long
bca524d9-5853-4370-9d53-f6f837611c98|0|0,Double Choc Fudge Cookie,Main,60g 0% Greek yoghurt,60,g,0% Greek yoghurt,,digit-in-name
bca524d9-5853-4370-9d53-f6f837611c98|0|1,Double Choc Fudge Cookie,Main,40g protein powder,40,g,protein powder,,
bca524d9-5853-4370-9d53-f6f837611c98|0|2,Double Choc Fudge Cookie,Main,10g cocoa powder,10,g,cocoa powder,,
bca524d9-5853-4370-9d53-f6f837611c98|0|3,Double Choc Fudge Cookie,Main,3 rice cakes,3,,rice cakes,,
bca524d9-5853-4370-9d53-f6f837611c98|0|4,Double Choc Fudge Cookie,Main,10g chocolate chips,10,g,chocolate chips,,
d6d7f6df-6148-41fd-997e-9d9870bab66a|0|0,Double Roast Chicken with Chicken Fat Rice,Roast Chicken,2 whole chickens,2,,whole chickens,,
d6d7f6df-6148-41fd-997e-9d9870bab66a|0|1,Double Roast Chicken with Chicken Fat Rice,Roast Chicken,Olive oil,,,Olive oil,,no-qty
d6d7f6df-6148-41fd-997e-9d9870bab66a|0|2,Double Roast Chicken with Chicken Fat Rice,Roast Chicken,Salt,,,Salt,,
d6d7f6df-6148-41fd-997e-9d9870bab66a|1|0,Double Roast Chicken with Chicken Fat Rice,Chicken Fat Rice,250g jasmine rice,250,g,jasmine rice,,
d6d7f6df-6148-41fd-997e-9d9870bab66a|1|1,Double Roast Chicken with Chicken Fat Rice,Chicken Fat Rice,300ml water,300,ml,water,,
d6d7f6df-6148-41fd-997e-9d9870bab66a|1|2,Double Roast Chicken with Chicken Fat Rice,Chicken Fat Rice,Chicken jus (collected from roasting tray),,,Chicken jus,collected from roasting tray,no-qty
d6d7f6df-6148-41fd-997e-9d9870bab66a|1|3,Double Roast Chicken with Chicken Fat Rice,Chicken Fat Rice,"Salt, to taste",,,Salt,to taste,vague
d6d7f6df-6148-41fd-997e-9d9870bab66a|2|0,Double Roast Chicken with Chicken Fat Rice,Salad,"Cucumber, sliced",,,Cucumber,sliced,no-qty
d6d7f6df-6148-41fd-997e-9d9870bab66a|2|1,Double Roast Chicken with Chicken Fat Rice,Salad,Fresh coriander,,,Fresh coriander,,no-qty
d6d7f6df-6148-41fd-997e-9d9870bab66a|2|2,Double Roast Chicken with Chicken Fat Rice,Salad,"Spring onion, sliced",,,Spring onion,sliced,no-qty
d6d7f6df-6148-41fd-997e-9d9870bab66a|3|0,Double Roast Chicken with Chicken Fat Rice,Thai Chilli Dipping Sauce,2 shallots,2,,shallots,,
d6d7f6df-6148-41fd-997e-9d9870bab66a|3|1,Double Roast Chicken with Chicken Fat Rice,Thai Chilli Dipping Sauce,1–3 Thai chillies (adjust to heat preference),1,,Thai chillies,adjust to heat preference,range
d6d7f6df-6148-41fd-997e-9d9870bab66a|3|2,Double Roast Chicken with Chicken Fat Rice,Thai Chilli Dipping Sauce,1 long red chilli,1,,long red chilli,,
d6d7f6df-6148-41fd-997e-9d9870bab66a|3|3,Double Roast Chicken with Chicken Fat Rice,Thai Chilli Dipping Sauce,2 garlic cloves,2,,garlic cloves,,
d6d7f6df-6148-41fd-997e-9d9870bab66a|3|4,Double Roast Chicken with Chicken Fat Rice,Thai Chilli Dipping Sauce,Coriander stalks,,,Coriander stalks,,no-qty
d6d7f6df-6148-41fd-997e-9d9870bab66a|3|5,Double Roast Chicken with Chicken Fat Rice,Thai Chilli Dipping Sauce,4 tbsp fish sauce,4,tbsp,fish sauce,,
d6d7f6df-6148-41fd-997e-9d9870bab66a|3|6,Double Roast Chicken with Chicken Fat Rice,Thai Chilli Dipping Sauce,1 tbsp sugar,1,tbsp,sugar,,
d6d7f6df-6148-41fd-997e-9d9870bab66a|3|7,Double Roast Chicken with Chicken Fat Rice,Thai Chilli Dipping Sauce,"Lime juice, to taste",,,Lime juice,to taste,vague|no-qty
d6d7f6df-6148-41fd-997e-9d9870bab66a|3|8,Double Roast Chicken with Chicken Fat Rice,Thai Chilli Dipping Sauce,"Toasted rice, ground (key ingredient — toast raw rice in a dry pan until golden, then grind)",,,rice,"Toasted; ground; key ingredient — toast raw rice in a dry pan until golden, then grind",no-qty
60029cd9-1b3c-4768-8038-acce64fb2c6b|0|0,Easy Chicken Traybake,main,2 chicken legs,2,,chicken legs,,
60029cd9-1b3c-4768-8038-acce64fb2c6b|0|1,Easy Chicken Traybake,main,3–4 chicken thighs,3,,chicken thighs,,range
60029cd9-1b3c-4768-8038-acce64fb2c6b|0|2,Easy Chicken Traybake,main,3 tbsp Flora Salted (or butter),3,tbsp,Flora Salted,or butter,or-alt
60029cd9-1b3c-4768-8038-acce64fb2c6b|0|3,Easy Chicken Traybake,main,500g baby potatoes,500,g,baby potatoes,,
60029cd9-1b3c-4768-8038-acce64fb2c6b|0|4,Easy Chicken Traybake,main,1 large white onion,1,,large white onion,,
60029cd9-1b3c-4768-8038-acce64fb2c6b|0|5,Easy Chicken Traybake,main,2 lemons,2,,lemons,,
60029cd9-1b3c-4768-8038-acce64fb2c6b|0|6,Easy Chicken Traybake,main,2 bay leaves,2,,bay leaves,,
60029cd9-1b3c-4768-8038-acce64fb2c6b|0|7,Easy Chicken Traybake,main,200ml chicken stock,200,ml,chicken stock,,
60029cd9-1b3c-4768-8038-acce64fb2c6b|0|8,Easy Chicken Traybake,main,3 tbsp chopped parsley,3,tbsp,parsley,chopped,
60029cd9-1b3c-4768-8038-acce64fb2c6b|0|9,Easy Chicken Traybake,main,Tender stem broccoli to serve,,,Tender stem broccoli,to serve,vague|no-qty
60029cd9-1b3c-4768-8038-acce64fb2c6b|0|10,Easy Chicken Traybake,main,"Olive oil, salt and pepper",,,Olive oil,salt and pepper,no-qty
e0fcf458-e19a-49f7-995e-2a95019a0efe|0|0,Easy Chipotle Chicken & Corn Salsa,Chicken,1.36kg (3 lb) boneless chicken thighs,1.36,kg,boneless chicken thighs,3 lb,
e0fcf458-e19a-49f7-995e-2a95019a0efe|0|1,Easy Chipotle Chicken & Corn Salsa,Chicken,Salt and pepper,,,Salt and pepper,,
e0fcf458-e19a-49f7-995e-2a95019a0efe|0|2,Easy Chipotle Chicken & Corn Salsa,Chicken,2 packets taco seasoning (check GF brand),2,,packets taco seasoning,check GF brand,
e0fcf458-e19a-49f7-995e-2a95019a0efe|0|3,Easy Chipotle Chicken & Corn Salsa,Chicken,1 tbsp olive oil,1,tbsp,olive oil,,
e0fcf458-e19a-49f7-995e-2a95019a0efe|0|4,Easy Chipotle Chicken & Corn Salsa,Chicken,2 tbsp adobo sauce (from a tin of chipotle peppers),2,tbsp,adobo sauce,from a tin of chipotle peppers,
e0fcf458-e19a-49f7-995e-2a95019a0efe|0|5,Easy Chipotle Chicken & Corn Salsa,Chicken,Juice of 2 small limes,,,Juice of 2 small limes,,digit-in-name|no-qty
e0fcf458-e19a-49f7-995e-2a95019a0efe|0|6,Easy Chipotle Chicken & Corn Salsa,Chicken,"1 medium red onion, thinly sliced",1,,medium red onion,thinly sliced,
e0fcf458-e19a-49f7-995e-2a95019a0efe|1|0,Easy Chipotle Chicken & Corn Salsa,Corn Salsa,2 cups (~300g) sweetcorn,2,cup,sweetcorn,~300g,
e0fcf458-e19a-49f7-995e-2a95019a0efe|1|1,Easy Chipotle Chicken & Corn Salsa,Corn Salsa,"½ medium red onion, finely diced",0.5,,medium red onion,finely diced,
e0fcf458-e19a-49f7-995e-2a95019a0efe|1|2,Easy Chipotle Chicken & Corn Salsa,Corn Salsa,"1 jalapeño, finely diced",1,,jalapeño,finely diced,
e0fcf458-e19a-49f7-995e-2a95019a0efe|1|3,Easy Chipotle Chicken & Corn Salsa,Corn Salsa,"Large handful fresh coriander, chopped",1,handful,fresh coriander,chopped,
e0fcf458-e19a-49f7-995e-2a95019a0efe|1|4,Easy Chipotle Chicken & Corn Salsa,Corn Salsa,Juice of 1 lime,,,Juice of 1 lime,,digit-in-name|no-qty
e0fcf458-e19a-49f7-995e-2a95019a0efe|1|5,Easy Chipotle Chicken & Corn Salsa,Corn Salsa,"Salt, to taste",,,Salt,to taste,vague
e0fcf458-e19a-49f7-995e-2a95019a0efe|2|0,Easy Chipotle Chicken & Corn Salsa,Chipotle Sauce,4 tbsp plain yoghurt (sub soya yoghurt to keep DF),4,tbsp,plain yoghurt,sub soya yoghurt to keep DF,
e0fcf458-e19a-49f7-995e-2a95019a0efe|2|1,Easy Chipotle Chicken & Corn Salsa,Chipotle Sauce,2 tbsp mayonnaise,2,tbsp,mayonnaise,,
e0fcf458-e19a-49f7-995e-2a95019a0efe|2|2,Easy Chipotle Chicken & Corn Salsa,Chipotle Sauce,Juice of 1 large lime,,,Juice of 1 large lime,,digit-in-name|no-qty
e0fcf458-e19a-49f7-995e-2a95019a0efe|2|3,Easy Chipotle Chicken & Corn Salsa,Chipotle Sauce,½ tbsp onion powder,0.5,tbsp,onion powder,,
e0fcf458-e19a-49f7-995e-2a95019a0efe|2|4,Easy Chipotle Chicken & Corn Salsa,Chipotle Sauce,1 tsp chipotle powder,1,tsp,chipotle powder,,
e0fcf458-e19a-49f7-995e-2a95019a0efe|2|5,Easy Chipotle Chicken & Corn Salsa,Chipotle Sauce,"Salt, to taste",,,Salt,to taste,vague
901fd531-38c9-4985-9aa3-90918c0e7d40|0|0,Easy Curry Noodles with Crispy Beef,Curry Broth,1 tbsp vegetable oil,1,tbsp,vegetable oil,,
901fd531-38c9-4985-9aa3-90918c0e7d40|0|1,Easy Curry Noodles with Crispy Beef,Curry Broth,"2.5cm (1in) fresh ginger, finely chopped",2.5,,cm fresh ginger,finely chopped; 1in,
901fd531-38c9-4985-9aa3-90918c0e7d40|0|2,Easy Curry Noodles with Crispy Beef,Curry Broth,"3 garlic cloves, minced",3,,garlic cloves,minced,
901fd531-38c9-4985-9aa3-90918c0e7d40|0|3,Easy Curry Noodles with Crispy Beef,Curry Broth,1 tsp ground cumin,1,tsp,ground cumin,,
901fd531-38c9-4985-9aa3-90918c0e7d40|0|4,Easy Curry Noodles with Crispy Beef,Curry Broth,1 tsp ground turmeric,1,tsp,ground turmeric,,
901fd531-38c9-4985-9aa3-90918c0e7d40|0|5,Easy Curry Noodles with Crispy Beef,Curry Broth,1 tsp mild chilli powder,1,tsp,mild chilli powder,,
901fd531-38c9-4985-9aa3-90918c0e7d40|0|6,Easy Curry Noodles with Crispy Beef,Curry Broth,1 tbsp tomato paste,1,tbsp,tomato paste,,
901fd531-38c9-4985-9aa3-90918c0e7d40|0|7,Easy Curry Noodles with Crispy Beef,Curry Broth,400ml coconut milk,400,ml,coconut milk,,
901fd531-38c9-4985-9aa3-90918c0e7d40|0|8,Easy Curry Noodles with Crispy Beef,Curry Broth,200ml chicken stock (add more if needed),200,ml,chicken stock,add more if needed,
901fd531-38c9-4985-9aa3-90918c0e7d40|0|9,Easy Curry Noodles with Crispy Beef,Curry Broth,"Salt, pepper, and a pinch of sugar",,,Salt,"pepper,  and a pinch of sugar",
901fd531-38c9-4985-9aa3-90918c0e7d40|1|0,Easy Curry Noodles with Crispy Beef,Noodles,150–200g ramen noodles (approx. 2 packets — use GF rice noodles to keep GF),150,g,ramen noodles,approx. 2 packets — use GF rice noodles to keep GF,range
901fd531-38c9-4985-9aa3-90918c0e7d40|2|0,Easy Curry Noodles with Crispy Beef,Crispy Beef,200g beef mince (20% fat),200,g,beef mince,20% fat,
901fd531-38c9-4985-9aa3-90918c0e7d40|2|1,Easy Curry Noodles with Crispy Beef,Crispy Beef,1 tsp cumin seeds,1,tsp,cumin seeds,,
901fd531-38c9-4985-9aa3-90918c0e7d40|2|2,Easy Curry Noodles with Crispy Beef,Crispy Beef,Salt and pepper,,,Salt and pepper,,
901fd531-38c9-4985-9aa3-90918c0e7d40|3|0,Easy Curry Noodles with Crispy Beef,Garnish,"2 pak choi, halved and microwaved 2 min in water, then drained",2,,pak choi,"halved and microwaved 2 min in water,  then drained",
901fd531-38c9-4985-9aa3-90918c0e7d40|3|1,Easy Curry Noodles with Crispy Beef,Garnish,"2 spring onions, finely sliced",2,,spring onions,finely sliced,
901fd531-38c9-4985-9aa3-90918c0e7d40|3|2,Easy Curry Noodles with Crispy Beef,Garnish,1 tbsp chilli oil (optional),1,tbsp,chilli oil,optional,
901fd531-38c9-4985-9aa3-90918c0e7d40|3|3,Easy Curry Noodles with Crispy Beef,Garnish,1 tsp sesame seeds (optional),1,tsp,sesame seeds,optional,
c7c17013-a35c-4ad1-a385-2ea68e2409f1|0|0,Easy Poke Salad Bowl,Bowl,1 cup (150g) cooked rice (any variety),1,cup,cooked rice,150g; any variety,
c7c17013-a35c-4ad1-a385-2ea68e2409f1|0|1,Easy Poke Salad Bowl,Bowl,"100g sashimi-grade tuna, diced (or canned tuna, salmon, chickpeas, or tofu)",100,g,sashimi-grade tuna,"diced; or canned tuna, salmon, chickpeas, or tofu",or-alt
c7c17013-a35c-4ad1-a385-2ea68e2409f1|0|2,Easy Poke Salad Bowl,Bowl,"¼ avocado (~37g), diced",0.25,,avocado,diced; ~37g,
c7c17013-a35c-4ad1-a385-2ea68e2409f1|0|3,Easy Poke Salad Bowl,Bowl,"1 small carrot (~60g), julienned",1,,small carrot,julienned; ~60g,
c7c17013-a35c-4ad1-a385-2ea68e2409f1|0|4,Easy Poke Salad Bowl,Bowl,⅓ cup (55g) cooked edamame,0.333,cup,cooked edamame,55g,
c7c17013-a35c-4ad1-a385-2ea68e2409f1|0|5,Easy Poke Salad Bowl,Bowl,"40g cooked beetroot, diced (canned is fine)",40,g,cooked beetroot,diced; canned is fine,
c7c17013-a35c-4ad1-a385-2ea68e2409f1|0|6,Easy Poke Salad Bowl,Bowl,"½ medium cucumber (~75g), diced",0.5,,medium cucumber,diced; ~75g,
c7c17013-a35c-4ad1-a385-2ea68e2409f1|0|7,Easy Poke Salad Bowl,Bowl,1 tsp pickled ginger,1,tsp,pickled ginger,,
c7c17013-a35c-4ad1-a385-2ea68e2409f1|1|0,Easy Poke Salad Bowl,Dressing and Toppings,1 tbsp Kewpie mayo,1,tbsp,Kewpie mayo,,
c7c17013-a35c-4ad1-a385-2ea68e2409f1|1|1,Easy Poke Salad Bowl,Dressing and Toppings,1 tsp sriracha,1,tsp,sriracha,,
c7c17013-a35c-4ad1-a385-2ea68e2409f1|1|2,Easy Poke Salad Bowl,Dressing and Toppings,1 tsp sesame seeds,1,tsp,sesame seeds,,
c7c17013-a35c-4ad1-a385-2ea68e2409f1|1|3,Easy Poke Salad Bowl,Dressing and Toppings,1 tbsp seaweed salad (~10g),1,tbsp,seaweed salad,~10g,
fe9d8ce6-f103-4387-97e8-22d0688a2e69|0|0,Easy Tuna Salad Mix,Main,1x 425g can tuna,1,,x 425g can tuna,,digit-in-name
fe9d8ce6-f103-4387-97e8-22d0688a2e69|0|1,Easy Tuna Salad Mix,Main,"2 cucumbers, finely diced",2,,cucumbers,finely diced,
fe9d8ce6-f103-4387-97e8-22d0688a2e69|0|2,Easy Tuna Salad Mix,Main,"1 small red onion, finely diced",1,,small red onion,finely diced,
fe9d8ce6-f103-4387-97e8-22d0688a2e69|0|3,Easy Tuna Salad Mix,Main,"3 celery stalks, finely diced",3,,celery stalks,finely diced,
fe9d8ce6-f103-4387-97e8-22d0688a2e69|0|4,Easy Tuna Salad Mix,Main,"1½ cups fresh parsley, roughly chopped",1,,½ cups fresh parsley,roughly chopped,
fe9d8ce6-f103-4387-97e8-22d0688a2e69|0|5,Easy Tuna Salad Mix,Main,Juice of 1 large lemon,,,Juice of 1 large lemon,,digit-in-name|no-qty
fe9d8ce6-f103-4387-97e8-22d0688a2e69|0|6,Easy Tuna Salad Mix,Main,Kewpie mayo,,,Kewpie mayo,,no-qty
fe9d8ce6-f103-4387-97e8-22d0688a2e69|0|7,Easy Tuna Salad Mix,Main,Pinch of salt,1,pinch,salt,,
fe9d8ce6-f103-4387-97e8-22d0688a2e69|0|8,Easy Tuna Salad Mix,Main,"Corn chips or bread rolls, to serve",,,Corn chips or bread rolls,to serve,or-alt|vague|no-qty
127ec2c0-4048-4471-9b4b-b1db043eee7e|0|0,Egg White Protein Oats,base_single,30g rolled oats,30,g,rolled oats,,
127ec2c0-4048-4471-9b4b-b1db043eee7e|0|1,Egg White Protein Oats,base_single,250ml water,250,ml,water,,
127ec2c0-4048-4471-9b4b-b1db043eee7e|0|2,Egg White Protein Oats,base_single,Pinch of salt,1,pinch,salt,,
127ec2c0-4048-4471-9b4b-b1db043eee7e|0|3,Egg White Protein Oats,base_single,150g liquid egg whites,150,g,liquid egg whites,,
127ec2c0-4048-4471-9b4b-b1db043eee7e|0|4,Egg White Protein Oats,base_single,"20g Medjool date, puréed (about 1 small date)",20,g,Medjool date,puréed; about 1 small date,
127ec2c0-4048-4471-9b4b-b1db043eee7e|0|5,Egg White Protein Oats,base_single,1 tsp vanilla extract,1,tsp,vanilla extract,,
127ec2c0-4048-4471-9b4b-b1db043eee7e|0|6,Egg White Protein Oats,base_single,Dash of almond extract,1,dash,almond extract,,
127ec2c0-4048-4471-9b4b-b1db043eee7e|0|7,Egg White Protein Oats,base_single,1½ tbsp (10g) milled flaxseeds,1,,½ tbsp milled flaxseeds,10g,
127ec2c0-4048-4471-9b4b-b1db043eee7e|1|0,Egg White Protein Oats,batch_base_4,45g rolled oats + 45g quinoa flakes,45,g,rolled oats + 45g quinoa flakes,,digit-in-name
127ec2c0-4048-4471-9b4b-b1db043eee7e|1|1,Egg White Protein Oats,batch_base_4,750–900ml water,750,ml,water,,range
127ec2c0-4048-4471-9b4b-b1db043eee7e|1|2,Egg White Protein Oats,batch_base_4,5g salt,5,g,salt,,
127ec2c0-4048-4471-9b4b-b1db043eee7e|1|3,Egg White Protein Oats,batch_base_4,450g liquid egg whites,450,g,liquid egg whites,,
127ec2c0-4048-4471-9b4b-b1db043eee7e|1|4,Egg White Protein Oats,batch_base_4,"4 Medjool dates (approx. 80g), puréed",4,,Medjool dates,puréed; approx. 80g,
127ec2c0-4048-4471-9b4b-b1db043eee7e|1|5,Egg White Protein Oats,batch_base_4,1 tsp vanilla extract,1,tsp,vanilla extract,,
127ec2c0-4048-4471-9b4b-b1db043eee7e|1|6,Egg White Protein Oats,batch_base_4,Dash of almond extract,1,dash,almond extract,,
127ec2c0-4048-4471-9b4b-b1db043eee7e|1|7,Egg White Protein Oats,batch_base_4,3 tbsp milled flaxseeds,3,tbsp,milled flaxseeds,,
25c6ef9d-dff4-4687-bb96-666bee149188|0|0,Fiery Chilli Prawn Linguine,Main,1 tsp olive oil,1,tsp,olive oil,,
25c6ef9d-dff4-4687-bb96-666bee149188|0|1,Fiery Chilli Prawn Linguine,Main,"2–3 garlic cloves, finely chopped",2,,garlic cloves,finely chopped,range
25c6ef9d-dff4-4687-bb96-666bee149188|0|2,Fiery Chilli Prawn Linguine,Main,"300g raw prawns, peeled and deveined",300,g,raw prawns,peeled and deveined,
25c6ef9d-dff4-4687-bb96-666bee149188|0|3,Fiery Chilli Prawn Linguine,Main,509g jar tomato roasted garlic pasta sauce (choose lowest-ingredient brand available),509,g,jar tomato roasted garlic pasta sauce,choose lowest-ingredient brand available,long
25c6ef9d-dff4-4687-bb96-666bee149188|0|4,Fiery Chilli Prawn Linguine,Main,1 tbsp soy sauce (check GF),1,tbsp,soy sauce,check GF,
25c6ef9d-dff4-4687-bb96-666bee149188|0|5,Fiery Chilli Prawn Linguine,Main,1 tsp sugar,1,tsp,sugar,,
25c6ef9d-dff4-4687-bb96-666bee149188|0|6,Fiery Chilli Prawn Linguine,Main,"Salt and pepper, to taste",,,Salt and pepper,to taste,vague
25c6ef9d-dff4-4687-bb96-666bee149188|0|7,Fiery Chilli Prawn Linguine,Main,300g linguine or pasta (use GF pasta or rice noodles to keep GF),300,g,linguine or pasta,use GF pasta or rice noodles to keep GF,or-alt
25c6ef9d-dff4-4687-bb96-666bee149188|0|8,Fiery Chilli Prawn Linguine,Main,"Sichuan or regular chilli oil, to drizzle",,,Sichuan or regular chilli oil,to drizzle,or-alt|no-qty
25c6ef9d-dff4-4687-bb96-666bee149188|0|9,Fiery Chilli Prawn Linguine,Main,"Fresh basil leaves, to serve",,,Fresh basil leaves,to serve,vague|no-qty
8d17138f-3444-4d9c-844e-7c8b1416e9be|0|0,Fluffy Breakfast Carrot Cake Loaf,Loaf,"140g dates, pitted",140,g,dates,pitted,
8d17138f-3444-4d9c-844e-7c8b1416e9be|0|1,Fluffy Breakfast Carrot Cake Loaf,Loaf,1 scant tsp bicarbonate of soda,1,,scant tsp bicarbonate of soda,,
8d17138f-3444-4d9c-844e-7c8b1416e9be|0|2,Fluffy Breakfast Carrot Cake Loaf,Loaf,2 tbsp brown sugar,2,tbsp,brown sugar,,
8d17138f-3444-4d9c-844e-7c8b1416e9be|0|3,Fluffy Breakfast Carrot Cake Loaf,Loaf,1/4 tsp nutmeg,0.25,tsp,nutmeg,,
8d17138f-3444-4d9c-844e-7c8b1416e9be|0|4,Fluffy Breakfast Carrot Cake Loaf,Loaf,1/4 tsp ginger,0.25,tsp,ginger,,
8d17138f-3444-4d9c-844e-7c8b1416e9be|0|5,Fluffy Breakfast Carrot Cake Loaf,Loaf,2 tsp cinnamon,2,tsp,cinnamon,,
8d17138f-3444-4d9c-844e-7c8b1416e9be|0|6,Fluffy Breakfast Carrot Cake Loaf,Loaf,2 large eggs,2,,large eggs,,
8d17138f-3444-4d9c-844e-7c8b1416e9be|0|7,Fluffy Breakfast Carrot Cake Loaf,Loaf,180g grated carrot,180,g,carrot,grated,
8d17138f-3444-4d9c-844e-7c8b1416e9be|0|8,Fluffy Breakfast Carrot Cake Loaf,Loaf,50g chopped roasted mixed nuts,50,g,roasted mixed nuts,chopped,
8d17138f-3444-4d9c-844e-7c8b1416e9be|0|9,Fluffy Breakfast Carrot Cake Loaf,Loaf,150ml olive oil,150,ml,olive oil,,
8d17138f-3444-4d9c-844e-7c8b1416e9be|0|10,Fluffy Breakfast Carrot Cake Loaf,Loaf,2 tsp baking powder,2,tsp,baking powder,,
8d17138f-3444-4d9c-844e-7c8b1416e9be|0|11,Fluffy Breakfast Carrot Cake Loaf,Loaf,100g wholemeal flour,100,g,wholemeal flour,,
8d17138f-3444-4d9c-844e-7c8b1416e9be|0|12,Fluffy Breakfast Carrot Cake Loaf,Loaf,3 tbsp milk,3,tbsp,milk,,
8d17138f-3444-4d9c-844e-7c8b1416e9be|0|13,Fluffy Breakfast Carrot Cake Loaf,Loaf,100g jumbo oats,100,g,jumbo oats,,
8d17138f-3444-4d9c-844e-7c8b1416e9be|0|14,Fluffy Breakfast Carrot Cake Loaf,Loaf,Zest of 1 orange,,,Zest of 1 orange,,digit-in-name|no-qty
8d17138f-3444-4d9c-844e-7c8b1416e9be|1|0,Fluffy Breakfast Carrot Cake Loaf,Maple Cream Cheese Kefir Topping,100g kefir yogurt,100,g,kefir yogurt,,
8d17138f-3444-4d9c-844e-7c8b1416e9be|1|1,Fluffy Breakfast Carrot Cake Loaf,Maple Cream Cheese Kefir Topping,100g low-fat cream cheese,100,g,low-fat cream cheese,,
8d17138f-3444-4d9c-844e-7c8b1416e9be|1|2,Fluffy Breakfast Carrot Cake Loaf,Maple Cream Cheese Kefir Topping,1-2 tbsp maple syrup,1,tbsp,maple syrup,,range
2713bee3-9c17-4200-9cdd-0047cc1bddf3|0|0,Fluffy Greek Yogurt Pancakes,Main,70g (3/4 cup) rolled oats,70,g,rolled oats,3/4 cup,
2713bee3-9c17-4200-9cdd-0047cc1bddf3|0|1,Fluffy Greek Yogurt Pancakes,Main,180g (3/4 cup) Greek yogurt,180,g,Greek yogurt,3/4 cup,
2713bee3-9c17-4200-9cdd-0047cc1bddf3|0|2,Fluffy Greek Yogurt Pancakes,Main,1 egg,1,,egg,,
2713bee3-9c17-4200-9cdd-0047cc1bddf3|0|3,Fluffy Greek Yogurt Pancakes,Main,2 egg whites,2,,egg whites,,
2713bee3-9c17-4200-9cdd-0047cc1bddf3|0|4,Fluffy Greek Yogurt Pancakes,Main,1-2 tbsp honey or maple syrup,1,tbsp,honey or maple syrup,,range|or-alt
2713bee3-9c17-4200-9cdd-0047cc1bddf3|0|5,Fluffy Greek Yogurt Pancakes,Main,1/2 tsp baking powder,0.5,tsp,baking powder,,
2713bee3-9c17-4200-9cdd-0047cc1bddf3|0|6,Fluffy Greek Yogurt Pancakes,Main,"1 tsp apple cider vinegar (optional, for fluffiness)",1,tsp,apple cider vinegar,"optional, for fluffiness",
a4507301-9eb3-4ffb-a0f4-c23673b499b6|0|0,Fluffy Vegan Protein Pancakes,Main,100g flour,100,g,flour,,
a4507301-9eb3-4ffb-a0f4-c23673b499b6|0|1,Fluffy Vegan Protein Pancakes,Main,50g vegan protein pancake mix,50,g,vegan protein pancake mix,,
a4507301-9eb3-4ffb-a0f4-c23673b499b6|0|2,Fluffy Vegan Protein Pancakes,Main,150ml almond milk,150,ml,almond milk,,
a4507301-9eb3-4ffb-a0f4-c23673b499b6|0|3,Fluffy Vegan Protein Pancakes,Main,80ml yoghurt,80,ml,yoghurt,,
a4507301-9eb3-4ffb-a0f4-c23673b499b6|0|4,Fluffy Vegan Protein Pancakes,Main,1 tbsp sugar,1,tbsp,sugar,,
a4507301-9eb3-4ffb-a0f4-c23673b499b6|0|5,Fluffy Vegan Protein Pancakes,Main,1 tbsp baking powder,1,tbsp,baking powder,,
a4507301-9eb3-4ffb-a0f4-c23673b499b6|0|6,Fluffy Vegan Protein Pancakes,Main,Vanilla,,,Vanilla,,no-qty
a4507301-9eb3-4ffb-a0f4-c23673b499b6|0|7,Fluffy Vegan Protein Pancakes,Main,Filling of choice,,,Filling of choice,,no-qty
dbd8978e-2306-4cdd-853a-a81c8546bd8f|0|0,Frozen Berry Breakfast Crumble,Berry Base,500g frozen berries (any variety),500,g,frozen berries,any variety,
dbd8978e-2306-4cdd-853a-a81c8546bd8f|0|1,Frozen Berry Breakfast Crumble,Berry Base,2 tsp chia seeds,2,tsp,chia seeds,,
dbd8978e-2306-4cdd-853a-a81c8546bd8f|0|2,Frozen Berry Breakfast Crumble,Berry Base,Optional: a little sugar or honey,,,sugar or honey,,or-alt|no-qty
dbd8978e-2306-4cdd-853a-a81c8546bd8f|1|0,Frozen Berry Breakfast Crumble,Crumble,180g rolled oats,180,g,rolled oats,,
dbd8978e-2306-4cdd-853a-a81c8546bd8f|1|1,Frozen Berry Breakfast Crumble,Crumble,"3 heaped tbsp runny nut butter (almond, peanut, or cashew)",3,,heaped tbsp runny nut butter,"almond, peanut, or cashew",or-alt
dbd8978e-2306-4cdd-853a-a81c8546bd8f|1|2,Frozen Berry Breakfast Crumble,Crumble,3 heaped tbsp honey or maple syrup,3,,heaped tbsp honey or maple syrup,,or-alt
dbd8978e-2306-4cdd-853a-a81c8546bd8f|1|3,Frozen Berry Breakfast Crumble,Crumble,3 tbsp mixed seeds,3,tbsp,mixed seeds,,
dbd8978e-2306-4cdd-853a-a81c8546bd8f|1|4,Frozen Berry Breakfast Crumble,Crumble,Pinch of salt,1,pinch,salt,,
dbd8978e-2306-4cdd-853a-a81c8546bd8f|1|5,Frozen Berry Breakfast Crumble,Crumble,2 egg whites,2,,egg whites,,
02590090-6ff1-434f-b64b-57a716a1fd22|0|0,Frozen Strawberry Raspberry PB Bites,Main,"3/4 box strawberries, stems removed and thinly diced",0.75,,box strawberries,stems removed and thinly diced,
02590090-6ff1-434f-b64b-57a716a1fd22|0|1,Frozen Strawberry Raspberry PB Bites,Main,1 box raspberries,1,,box raspberries,,
02590090-6ff1-434f-b64b-57a716a1fd22|0|2,Frozen Strawberry Raspberry PB Bites,Main,1 TBSP chia seeds,1,tbsp,chia seeds,,
02590090-6ff1-434f-b64b-57a716a1fd22|0|3,Frozen Strawberry Raspberry PB Bites,Main,Peanut butter,,,Peanut butter,,no-qty
02590090-6ff1-434f-b64b-57a716a1fd22|0|4,Frozen Strawberry Raspberry PB Bites,Main,1 bag chocolate chips,1,bag,chocolate chips,,
02590090-6ff1-434f-b64b-57a716a1fd22|0|5,Frozen Strawberry Raspberry PB Bites,Main,1 TBSP coconut oil,1,tbsp,coconut oil,,
6a635bb2-dc3f-444a-ae47-22e37c05b012|0|0,Garlic Cucumber Salad,Main,1 cucumber,1,,cucumber,,
6a635bb2-dc3f-444a-ae47-22e37c05b012|0|1,Garlic Cucumber Salad,Main,1/2 tsp salt (to draw out moisture),0.5,tsp,salt,to draw out moisture,
6a635bb2-dc3f-444a-ae47-22e37c05b012|0|2,Garlic Cucumber Salad,Main,2-3 cloves of garlic,2,clove,garlic,,range
6a635bb2-dc3f-444a-ae47-22e37c05b012|0|3,Garlic Cucumber Salad,Main,2 tsp black vinegar,2,tsp,black vinegar,,
6a635bb2-dc3f-444a-ae47-22e37c05b012|0|4,Garlic Cucumber Salad,Main,1 tsp soy sauce,1,tsp,soy sauce,,
6a635bb2-dc3f-444a-ae47-22e37c05b012|0|5,Garlic Cucumber Salad,Main,2 tsp chili crisps,2,tsp,chili crisps,,
6a635bb2-dc3f-444a-ae47-22e37c05b012|0|6,Garlic Cucumber Salad,Main,1/4 tsp chili flakes,0.25,tsp,chili flakes,,
6af2694d-29f0-4a30-8c8f-1aca5dce9f5f|0|0,Garlic Miso Somen Noodles,Noodles and Toppings,200g somen noodles (or thin rice noodles for GF),200,g,somen noodles,or thin rice noodles for GF,or-alt
6af2694d-29f0-4a30-8c8f-1aca5dce9f5f|0|1,Garlic Miso Somen Noodles,Noodles and Toppings,"150g oyster mushrooms, torn into pieces",150,g,oyster mushrooms,torn into pieces,
6af2694d-29f0-4a30-8c8f-1aca5dce9f5f|0|2,Garlic Miso Somen Noodles,Noodles and Toppings,2 soft-boiled eggs,2,,soft-boiled eggs,,
6af2694d-29f0-4a30-8c8f-1aca5dce9f5f|0|3,Garlic Miso Somen Noodles,Noodles and Toppings,2 handfuls fresh spinach,2,handful,fresh spinach,,
6af2694d-29f0-4a30-8c8f-1aca5dce9f5f|0|4,Garlic Miso Somen Noodles,Noodles and Toppings,"Spring onion, finely chopped — garnish",,,Spring onion,finely chopped — garnish,vague|no-qty
6af2694d-29f0-4a30-8c8f-1aca5dce9f5f|1|0,Garlic Miso Somen Noodles,Broth,480ml (2 cups) reserved noodle water or vegetable stock,480,ml,reserved noodle water or vegetable stock,2 cups,or-alt|long
6af2694d-29f0-4a30-8c8f-1aca5dce9f5f|1|1,Garlic Miso Somen Noodles,Broth,1 tsp minced garlic,1,tsp,garlic,minced,
6af2694d-29f0-4a30-8c8f-1aca5dce9f5f|1|2,Garlic Miso Somen Noodles,Broth,"1 tbsp spring onion, finely chopped",1,tbsp,spring onion,finely chopped,
6af2694d-29f0-4a30-8c8f-1aca5dce9f5f|1|3,Garlic Miso Somen Noodles,Broth,1½ tbsp neutral cooking oil,1,,½ tbsp neutral cooking oil,,
6af2694d-29f0-4a30-8c8f-1aca5dce9f5f|1|4,Garlic Miso Somen Noodles,Broth,1 tsp chilli powder (gochugaru or similar),1,tsp,chilli powder,gochugaru or similar,or-alt
6af2694d-29f0-4a30-8c8f-1aca5dce9f5f|1|5,Garlic Miso Somen Noodles,Broth,1 tbsp miso paste,1,tbsp,miso paste,,
6af2694d-29f0-4a30-8c8f-1aca5dce9f5f|1|6,Garlic Miso Somen Noodles,Broth,1 tbsp soy sauce,1,tbsp,soy sauce,,
6af2694d-29f0-4a30-8c8f-1aca5dce9f5f|1|7,Garlic Miso Somen Noodles,Broth,1 tsp sugar,1,tsp,sugar,,
6af2694d-29f0-4a30-8c8f-1aca5dce9f5f|1|8,Garlic Miso Somen Noodles,Broth,1 tbsp mirin,1,tbsp,mirin,,
17321508-ca55-4b91-88d2-35284cd4136c|0|0,GF Easy Pan Dumplings (No Wrappers),Filling,225g (½ lb) ground beef,225,g,ground beef,½ lb,
17321508-ca55-4b91-88d2-35284cd4136c|0|1,GF Easy Pan Dumplings (No Wrappers),Filling,1 large egg,1,,large egg,,
17321508-ca55-4b91-88d2-35284cd4136c|0|2,GF Easy Pan Dumplings (No Wrappers),Filling,"2 stalks green onion, finely chopped",2,stalk,green onion,finely chopped,
17321508-ca55-4b91-88d2-35284cd4136c|0|3,GF Easy Pan Dumplings (No Wrappers),Filling,1 tsp rice vinegar (or dry sherry),1,tsp,rice vinegar,or dry sherry,or-alt
17321508-ca55-4b91-88d2-35284cd4136c|0|4,GF Easy Pan Dumplings (No Wrappers),Filling,1 tsp GF soy sauce,1,tsp,GF soy sauce,,
17321508-ca55-4b91-88d2-35284cd4136c|0|5,GF Easy Pan Dumplings (No Wrappers),Filling,1 tsp GF oyster sauce,1,tsp,GF oyster sauce,,
17321508-ca55-4b91-88d2-35284cd4136c|0|6,GF Easy Pan Dumplings (No Wrappers),Filling,½ tsp white pepper,0.5,tsp,white pepper,,
17321508-ca55-4b91-88d2-35284cd4136c|0|7,GF Easy Pan Dumplings (No Wrappers),Filling,½ tsp salt,0.5,tsp,salt,,
17321508-ca55-4b91-88d2-35284cd4136c|1|0,GF Easy Pan Dumplings (No Wrappers),Coating,Glutinous rice flour (regular rice flour will not work),,,Glutinous rice flour,regular rice flour will not work,no-qty
17321508-ca55-4b91-88d2-35284cd4136c|1|1,GF Easy Pan Dumplings (No Wrappers),Coating,"Cold water, for dipping",,,Cold water,for dipping,no-qty
17321508-ca55-4b91-88d2-35284cd4136c|2|0,GF Easy Pan Dumplings (No Wrappers),Soup (optional),Miso soup or broth of choice,,,Miso soup or broth of choice,,or-alt|no-qty
17321508-ca55-4b91-88d2-35284cd4136c|2|1,GF Easy Pan Dumplings (No Wrappers),Soup (optional),"Green onions, to garnish",,,Green onions,to garnish,vague|no-qty
ba9751e7-8c6f-42cb-ba50-4af714beef32|0|0,GF Easy Pan Dumplings (Pan-Fried),Filling,"450g ground meat (beef, chicken, pork, or a mix)",450,g,ground meat,"beef, chicken, pork, or a mix",or-alt
ba9751e7-8c6f-42cb-ba50-4af714beef32|0|1,GF Easy Pan Dumplings (Pan-Fried),Filling,"½ cup green onions, finely sliced",0.5,cup,green onions,finely sliced,
ba9751e7-8c6f-42cb-ba50-4af714beef32|0|2,GF Easy Pan Dumplings (Pan-Fried),Filling,2 tbsp coconut aminos,2,tbsp,coconut aminos,,
ba9751e7-8c6f-42cb-ba50-4af714beef32|0|3,GF Easy Pan Dumplings (Pan-Fried),Filling,2 tsp sesame oil,2,tsp,sesame oil,,
ba9751e7-8c6f-42cb-ba50-4af714beef32|0|4,GF Easy Pan Dumplings (Pan-Fried),Filling,1 tsp garlic powder,1,tsp,garlic powder,,
ba9751e7-8c6f-42cb-ba50-4af714beef32|0|5,GF Easy Pan Dumplings (Pan-Fried),Filling,1 tsp ginger powder,1,tsp,ginger powder,,
ba9751e7-8c6f-42cb-ba50-4af714beef32|0|6,GF Easy Pan Dumplings (Pan-Fried),Filling,⅓ cup broth of choice,0.333,cup,broth of choice,,
ba9751e7-8c6f-42cb-ba50-4af714beef32|0|7,GF Easy Pan Dumplings (Pan-Fried),Filling,½ tsp chilli flakes,0.5,tsp,chilli flakes,,
ba9751e7-8c6f-42cb-ba50-4af714beef32|0|8,GF Easy Pan Dumplings (Pan-Fried),Filling,"Black pepper, to taste",,,Black pepper,to taste,vague|no-qty
ba9751e7-8c6f-42cb-ba50-4af714beef32|0|9,GF Easy Pan Dumplings (Pan-Fried),Filling,Potato starch (for shaping and binding),,,Potato starch,for shaping and binding,no-qty
ba9751e7-8c6f-42cb-ba50-4af714beef32|1|0,GF Easy Pan Dumplings (Pan-Fried),Toppings,"Green onions, sliced",,,Green onions,sliced,no-qty
ba9751e7-8c6f-42cb-ba50-4af714beef32|1|1,GF Easy Pan Dumplings (Pan-Fried),Toppings,Chilli oil,,,Chilli oil,,no-qty
ba9751e7-8c6f-42cb-ba50-4af714beef32|1|2,GF Easy Pan Dumplings (Pan-Fried),Toppings,Sesame seeds,,,Sesame seeds,,no-qty
1bcb90c2-df1f-4d37-83b6-eb736fd5a6d8|0|0,Giant Rice Cake Snickers Wagon Wheel,Main,2 rice cakes (or corn thins),2,,rice cakes,or corn thins,or-alt
1bcb90c2-df1f-4d37-83b6-eb736fd5a6d8|0|1,Giant Rice Cake Snickers Wagon Wheel,Main,2 tbsp peanut butter,2,tbsp,peanut butter,,
1bcb90c2-df1f-4d37-83b6-eb736fd5a6d8|0|2,Giant Rice Cake Snickers Wagon Wheel,Main,"Handful of roasted peanuts, plus extra for topping",1,handful,roasted peanuts,plus extra for topping,
1bcb90c2-df1f-4d37-83b6-eb736fd5a6d8|0|3,Giant Rice Cake Snickers Wagon Wheel,Main,1 tbsp maple syrup,1,tbsp,maple syrup,,
1bcb90c2-df1f-4d37-83b6-eb736fd5a6d8|0|4,Giant Rice Cake Snickers Wagon Wheel,Main,40g dairy-free chocolate,40,g,dairy-free chocolate,,
17ab4db7-8ace-4a73-a9e0-5583b1a36271|0|0,Glowing Skin Soup,Main,2 tbsp olive oil,2,tbsp,olive oil,,
17ab4db7-8ace-4a73-a9e0-5583b1a36271|0|1,Glowing Skin Soup,Main,1 small yellow onion,1,,small yellow onion,,
17ab4db7-8ace-4a73-a9e0-5583b1a36271|0|2,Glowing Skin Soup,Main,"2 red bell peppers, chopped",2,,red bell peppers,chopped,
17ab4db7-8ace-4a73-a9e0-5583b1a36271|0|3,Glowing Skin Soup,Main,1 tsp dried basil,1,tsp,dried basil,,
17ab4db7-8ace-4a73-a9e0-5583b1a36271|0|4,Glowing Skin Soup,Main,1 tsp thyme,1,tsp,thyme,,
17ab4db7-8ace-4a73-a9e0-5583b1a36271|0|5,Glowing Skin Soup,Main,1 tsp oregano,1,tsp,oregano,,
17ab4db7-8ace-4a73-a9e0-5583b1a36271|0|6,Glowing Skin Soup,Main,1 tsp garlic powder,1,tsp,garlic powder,,
17ab4db7-8ace-4a73-a9e0-5583b1a36271|0|7,Glowing Skin Soup,Main,2 tsp salt,2,tsp,salt,,
17ab4db7-8ace-4a73-a9e0-5583b1a36271|0|8,Glowing Skin Soup,Main,1/4 tsp pepper,0.25,tsp,pepper,,
17ab4db7-8ace-4a73-a9e0-5583b1a36271|0|9,Glowing Skin Soup,Main,"1 sweet potato, cubed",1,,sweet potato,cubed,
17ab4db7-8ace-4a73-a9e0-5583b1a36271|0|10,Glowing Skin Soup,Main,1 pint cherry tomatoes,1,,pint cherry tomatoes,,
17ab4db7-8ace-4a73-a9e0-5583b1a36271|0|11,Glowing Skin Soup,Main,32 oz veggie broth,32,oz,veggie broth,,
17ab4db7-8ace-4a73-a9e0-5583b1a36271|0|12,Glowing Skin Soup,Main,1/2 cup coconut cream,0.5,cup,coconut cream,,
17ab4db7-8ace-4a73-a9e0-5583b1a36271|0|13,Glowing Skin Soup,Main,Good crusty bread to serve,,,crusty bread,to serve,vague|no-qty
dc209559-b3d8-483e-a245-bccb8e3b736c|0|0,Gluten Free Cinnamon Buns,Dough,360g coconut yogurt,360,g,coconut yogurt,,
dc209559-b3d8-483e-a245-bccb8e3b736c|0|1,Gluten Free Cinnamon Buns,Dough,440g oat milk,440,g,oat milk,,
dc209559-b3d8-483e-a245-bccb8e3b736c|0|2,Gluten Free Cinnamon Buns,Dough,210g honey,210,g,honey,,
dc209559-b3d8-483e-a245-bccb8e3b736c|0|3,Gluten Free Cinnamon Buns,Dough,14g instant yeast,14,g,instant yeast,,
dc209559-b3d8-483e-a245-bccb8e3b736c|0|4,Gluten Free Cinnamon Buns,Dough,8g baking powder,8,g,baking powder,,
dc209559-b3d8-483e-a245-bccb8e3b736c|0|5,Gluten Free Cinnamon Buns,Dough,2 large eggs,2,,large eggs,,
dc209559-b3d8-483e-a245-bccb8e3b736c|0|6,Gluten Free Cinnamon Buns,Dough,"800g King Arthur Gluten Free Bread Flour, plus more for dusting",800,g,King Arthur Gluten Free Bread Flour,plus more for dusting,long
dc209559-b3d8-483e-a245-bccb8e3b736c|0|7,Gluten Free Cinnamon Buns,Dough,15g salt,15,g,salt,,
dc209559-b3d8-483e-a245-bccb8e3b736c|0|8,Gluten Free Cinnamon Buns,Dough,16g vanilla extract,16,g,vanilla extract,,
dc209559-b3d8-483e-a245-bccb8e3b736c|0|9,Gluten Free Cinnamon Buns,Dough,40g olive oil,40,g,olive oil,,
dc209559-b3d8-483e-a245-bccb8e3b736c|0|10,Gluten Free Cinnamon Buns,Dough,14g psyllium husk,14,g,psyllium husk,,
dc209559-b3d8-483e-a245-bccb8e3b736c|0|11,Gluten Free Cinnamon Buns,Dough,3/4 cup (4oz) coconut milk,0.75,cup,coconut milk,4oz,
dc209559-b3d8-483e-a245-bccb8e3b736c|1|0,Gluten Free Cinnamon Buns,Cinnamon Sugar Filling,3/4 cup coconut or cane sugar,0.75,cup,coconut or cane sugar,,or-alt
dc209559-b3d8-483e-a245-bccb8e3b736c|1|1,Gluten Free Cinnamon Buns,Cinnamon Sugar Filling,2 tbsp cinnamon,2,tbsp,cinnamon,,
dc209559-b3d8-483e-a245-bccb8e3b736c|1|2,Gluten Free Cinnamon Buns,Cinnamon Sugar Filling,1/4 cup melted coconut oil,0.25,cup,coconut oil,melted,
dc209559-b3d8-483e-a245-bccb8e3b736c|2|0,Gluten Free Cinnamon Buns,Cream Cheese Frosting,8 oz vegan or regular cream cheese,8,oz,vegan or regular cream cheese,,or-alt
dc209559-b3d8-483e-a245-bccb8e3b736c|2|1,Gluten Free Cinnamon Buns,Cream Cheese Frosting,3/4 cup powdered sugar,0.75,cup,powdered sugar,,
dc209559-b3d8-483e-a245-bccb8e3b736c|2|2,Gluten Free Cinnamon Buns,Cream Cheese Frosting,1 tsp vanilla extract,1,tsp,vanilla extract,,
220db921-3512-4e98-a0c3-cc4fc6f1bdca|0|0,Gochujang Prawn Noodle Soup,Main,200g king prawns,200,g,king prawns,,
220db921-3512-4e98-a0c3-cc4fc6f1bdca|0|1,Gochujang Prawn Noodle Soup,Main,3 cloves of garlic,3,clove,garlic,,
220db921-3512-4e98-a0c3-cc4fc6f1bdca|0|2,Gochujang Prawn Noodle Soup,Main,1 sprig of spring onion,1,sprig,spring onion,,
220db921-3512-4e98-a0c3-cc4fc6f1bdca|0|3,Gochujang Prawn Noodle Soup,Main,2 udon nests,2,,udon nests,,
220db921-3512-4e98-a0c3-cc4fc6f1bdca|0|4,Gochujang Prawn Noodle Soup,Main,"Fresh chives, sesame seeds and fried shallots to serve",,,Fresh chives,sesame seeds and fried shallots to serve,vague|no-qty
220db921-3512-4e98-a0c3-cc4fc6f1bdca|1|0,Gochujang Prawn Noodle Soup,Sauce,1 heaped tbsp gochujang paste,1,,heaped tbsp gochujang paste,,
220db921-3512-4e98-a0c3-cc4fc6f1bdca|1|1,Gochujang Prawn Noodle Soup,Sauce,4-5 sun dried tomatoes,4,,sun dried tomatoes,,range
220db921-3512-4e98-a0c3-cc4fc6f1bdca|1|2,Gochujang Prawn Noodle Soup,Sauce,1 tbsp rice wine vinegar,1,tbsp,rice wine vinegar,,
220db921-3512-4e98-a0c3-cc4fc6f1bdca|1|3,Gochujang Prawn Noodle Soup,Sauce,1 tbsp sesame oil,1,tbsp,sesame oil,,
220db921-3512-4e98-a0c3-cc4fc6f1bdca|1|4,Gochujang Prawn Noodle Soup,Sauce,1 tbsp soy sauce,1,tbsp,soy sauce,,
220db921-3512-4e98-a0c3-cc4fc6f1bdca|1|5,Gochujang Prawn Noodle Soup,Sauce,100ml or so chicken stock,100,ml,or so chicken stock,,or-alt
c61aa325-75b8-4ff7-9f54-3c0e3603a8de|0|0,Golden Coconut Chicken Curry,Curry,3 tbsp coconut oil (sub vegetable or canola oil),3,tbsp,coconut oil,sub vegetable or canola oil,or-alt
c61aa325-75b8-4ff7-9f54-3c0e3603a8de|0|1,Golden Coconut Chicken Curry,Curry,3 star anise,3,,star anise,,
c61aa325-75b8-4ff7-9f54-3c0e3603a8de|0|2,Golden Coconut Chicken Curry,Curry,1 cinnamon stick,1,,cinnamon stick,,
c61aa325-75b8-4ff7-9f54-3c0e3603a8de|0|3,Golden Coconut Chicken Curry,Curry,"1 onion, finely diced",1,,onion,finely diced,
c61aa325-75b8-4ff7-9f54-3c0e3603a8de|0|4,Golden Coconut Chicken Curry,Curry,"500g (1 lb) chicken thigh fillets, cut into 1cm slices",500,g,chicken thigh fillets,cut into 1cm slices; 1 lb,
c61aa325-75b8-4ff7-9f54-3c0e3603a8de|0|5,Golden Coconut Chicken Curry,Curry,"1 tsp garlic, finely grated",1,tsp,garlic,finely grated,
c61aa325-75b8-4ff7-9f54-3c0e3603a8de|0|6,Golden Coconut Chicken Curry,Curry,"1 tsp ginger, finely grated",1,tsp,ginger,finely grated,
c61aa325-75b8-4ff7-9f54-3c0e3603a8de|0|7,Golden Coconut Chicken Curry,Curry,"3 tsp fresh turmeric, finely grated (sub 1½ tsp powder)",3,tsp,fresh turmeric,finely grated; sub 1½ tsp powder,
c61aa325-75b8-4ff7-9f54-3c0e3603a8de|0|8,Golden Coconut Chicken Curry,Curry,"2 cups (500ml) chicken stock or broth, low sodium",2,cup,chicken stock or broth,low sodium; 500ml,or-alt
c61aa325-75b8-4ff7-9f54-3c0e3603a8de|0|9,Golden Coconut Chicken Curry,Curry,400g (14oz) coconut cream (sub coconut milk),400,g,coconut cream,14oz; sub coconut milk,
c61aa325-75b8-4ff7-9f54-3c0e3603a8de|0|10,Golden Coconut Chicken Curry,Curry,"1 large head broccoli, florets cut small (~4 heaped cups)",1,,large head broccoli,florets cut small; ~4 heaped cups,
c61aa325-75b8-4ff7-9f54-3c0e3603a8de|0|11,Golden Coconut Chicken Curry,Curry,"1 cup coriander/cilantro leaves, plus extra to garnish",1,cup,coriander/cilantro leaves,plus extra to garnish,vague
c61aa325-75b8-4ff7-9f54-3c0e3603a8de|1|0,Golden Coconut Chicken Curry,Spice Mix,"1½ tsp each: cooking salt, garam masala, ground coriander",1,,½ tsp each: cooking salt,"garam masala,  ground coriander",
c61aa325-75b8-4ff7-9f54-3c0e3603a8de|1|1,Golden Coconut Chicken Curry,Spice Mix,"½ tsp each: ground cumin, fennel powder (sub extra garam masala)",0.5,tsp,each: ground cumin,fennel powder; sub extra garam masala,
c61aa325-75b8-4ff7-9f54-3c0e3603a8de|2|0,Golden Coconut Chicken Curry,To Serve,Rice,,,Rice,,no-qty
c61aa325-75b8-4ff7-9f54-3c0e3603a8de|2|1,Golden Coconut Chicken Curry,To Serve,Crispy fried shallots (check GF brand),,,Crispy fried shallots,check GF brand,no-qty
8266187c-9c0d-4d56-98f5-14c45a213a15|0|0,Greek Chicken Gyros Protein Filling,Main,160g shredded roast chicken breast (or thigh),160,g,roast chicken breast,shredded; or thigh,or-alt
8266187c-9c0d-4d56-98f5-14c45a213a15|0|1,Greek Chicken Gyros Protein Filling,Main,2 heaped tbsp full-fat Greek yoghurt (sub soya yoghurt to keep DF),2,,heaped tbsp full-fat Greek yoghurt,sub soya yoghurt to keep DF,
8266187c-9c0d-4d56-98f5-14c45a213a15|0|2,Greek Chicken Gyros Protein Filling,Main,"½ red onion, finely diced",0.5,,red onion,finely diced,
8266187c-9c0d-4d56-98f5-14c45a213a15|0|3,Greek Chicken Gyros Protein Filling,Main,"2 medium tomatoes, deseeded and diced",2,,medium tomatoes,deseeded and diced,
8266187c-9c0d-4d56-98f5-14c45a213a15|0|4,Greek Chicken Gyros Protein Filling,Main,"½ cucumber, deseeded and grated",0.5,,cucumber,deseeded and grated,
8266187c-9c0d-4d56-98f5-14c45a213a15|0|5,Greek Chicken Gyros Protein Filling,Main,½ tsp dried oregano,0.5,tsp,dried oregano,,
8266187c-9c0d-4d56-98f5-14c45a213a15|0|6,Greek Chicken Gyros Protein Filling,Main,½ tsp smoked paprika,0.5,tsp,smoked paprika,,
8266187c-9c0d-4d56-98f5-14c45a213a15|0|7,Greek Chicken Gyros Protein Filling,Main,1 tsp garlic granules,1,tsp,garlic granules,,
8266187c-9c0d-4d56-98f5-14c45a213a15|0|8,Greek Chicken Gyros Protein Filling,Main,1 tsp honey,1,tsp,honey,,
8266187c-9c0d-4d56-98f5-14c45a213a15|0|9,Greek Chicken Gyros Protein Filling,Main,Zest of 1 lemon,,,Zest of 1 lemon,,digit-in-name|no-qty
8266187c-9c0d-4d56-98f5-14c45a213a15|0|10,Greek Chicken Gyros Protein Filling,Main,"1 tbsp fresh dill, chopped",1,tbsp,fresh dill,chopped,
8266187c-9c0d-4d56-98f5-14c45a213a15|0|11,Greek Chicken Gyros Protein Filling,Main,"Red wine vinegar, to taste",,,Red wine vinegar,to taste,vague|no-qty
8266187c-9c0d-4d56-98f5-14c45a213a15|0|12,Greek Chicken Gyros Protein Filling,Main,"Black pepper, to taste",,,Black pepper,to taste,vague|no-qty
8266187c-9c0d-4d56-98f5-14c45a213a15|1|0,Greek Chicken Gyros Protein Filling,To Serve,Warm flatbreads or GF wraps,,,Warm flatbreads or GF wraps,,or-alt|no-qty
8266187c-9c0d-4d56-98f5-14c45a213a15|1|1,Greek Chicken Gyros Protein Filling,To Serve,Lettuce leaves,,,Lettuce leaves,,no-qty
8266187c-9c0d-4d56-98f5-14c45a213a15|1|2,Greek Chicken Gyros Protein Filling,To Serve,Tomato slices,,,Tomato slices,,no-qty
8266187c-9c0d-4d56-98f5-14c45a213a15|1|3,Greek Chicken Gyros Protein Filling,To Serve,Fries (optional),,,Fries,optional,no-qty
18527256-3c54-40b9-850c-d58c29981cd7|0|0,Greek Yogurt Raspberry Blueberry Bake,Main,3/4 cup plain Greek yogurt,0.75,cup,plain Greek yogurt,,
18527256-3c54-40b9-850c-d58c29981cd7|0|1,Greek Yogurt Raspberry Blueberry Bake,Main,2 tbsp maple syrup,2,tbsp,maple syrup,,
18527256-3c54-40b9-850c-d58c29981cd7|0|2,Greek Yogurt Raspberry Blueberry Bake,Main,1 large egg,1,,large egg,,
18527256-3c54-40b9-850c-d58c29981cd7|0|3,Greek Yogurt Raspberry Blueberry Bake,Main,Raspberries and blueberries,,,Raspberries and blueberries,,no-qty
670b465e-5410-484c-9e61-dc591037a186|0|0,Green Goddess Chicken Prep Mix,Salad,"200g cooked chicken breast, shredded",200,g,cooked chicken breast,shredded,
670b465e-5410-484c-9e61-dc591037a186|0|1,Green Goddess Chicken Prep Mix,Salad,"½ medium avocado, diced",0.5,,medium avocado,diced,
670b465e-5410-484c-9e61-dc591037a186|0|2,Green Goddess Chicken Prep Mix,Salad,"¼ small cucumber, diced",0.25,,small cucumber,diced,
670b465e-5410-484c-9e61-dc591037a186|0|3,Green Goddess Chicken Prep Mix,Salad,"¼ small white cabbage, shredded",0.25,,small white cabbage,shredded,
670b465e-5410-484c-9e61-dc591037a186|1|0,Green Goddess Chicken Prep Mix,Green Goddess Dressing,"1 large spring onion, roughly chopped",1,,large spring onion,roughly chopped,
670b465e-5410-484c-9e61-dc591037a186|1|1,Green Goddess Chicken Prep Mix,Green Goddess Dressing,large handful fresh basil and parsley,1,handful,fresh basil and parsley,,
670b465e-5410-484c-9e61-dc591037a186|1|2,Green Goddess Chicken Prep Mix,Green Goddess Dressing,1 tsp garlic granules,1,tsp,garlic granules,,
670b465e-5410-484c-9e61-dc591037a186|1|3,Green Goddess Chicken Prep Mix,Green Goddess Dressing,1 tsp Dijon mustard,1,tsp,Dijon mustard,,
670b465e-5410-484c-9e61-dc591037a186|1|4,Green Goddess Chicken Prep Mix,Green Goddess Dressing,1 tsp honey,1,tsp,honey,,
670b465e-5410-484c-9e61-dc591037a186|1|5,Green Goddess Chicken Prep Mix,Green Goddess Dressing,1 heaped tbsp Greek yoghurt,1,,heaped tbsp Greek yoghurt,,
670b465e-5410-484c-9e61-dc591037a186|1|6,Green Goddess Chicken Prep Mix,Green Goddess Dressing,1 tbsp red wine vinegar,1,tbsp,red wine vinegar,,
670b465e-5410-484c-9e61-dc591037a186|1|7,Green Goddess Chicken Prep Mix,Green Goddess Dressing,1 tbsp nutritional yeast,1,tbsp,nutritional yeast,,
860ae212-ace8-4b8f-81d6-ae4f4a508952|0|0,Green Goddess Pasta Salad,Pasta Salad,1 box protein pasta,1,,box protein pasta,,
860ae212-ace8-4b8f-81d6-ae4f4a508952|0|1,Green Goddess Pasta Salad,Pasta Salad,"1 bunch asparagus, cut into 1in pieces (can blanch if preferred)",1,bunch,asparagus,cut into 1in pieces; can blanch if preferred,
860ae212-ace8-4b8f-81d6-ae4f4a508952|0|2,Green Goddess Pasta Salad,Pasta Salad,"1 European cucumber, diced",1,,European cucumber,diced,
860ae212-ace8-4b8f-81d6-ae4f4a508952|0|3,Green Goddess Pasta Salad,Pasta Salad,"1 cup sugar snap peas, diced",1,cup,sugar snap peas,diced,
860ae212-ace8-4b8f-81d6-ae4f4a508952|0|4,Green Goddess Pasta Salad,Pasta Salad,1 cup feta cheese,1,cup,feta cheese,,
860ae212-ace8-4b8f-81d6-ae4f4a508952|1|0,Green Goddess Pasta Salad,Green Goddess Dressing,1 cup basil,1,cup,basil,,
860ae212-ace8-4b8f-81d6-ae4f4a508952|1|1,Green Goddess Pasta Salad,Green Goddess Dressing,1 cup spinach,1,cup,spinach,,
860ae212-ace8-4b8f-81d6-ae4f4a508952|1|2,Green Goddess Pasta Salad,Green Goddess Dressing,1/2 shallot,0.5,,shallot,,
860ae212-ace8-4b8f-81d6-ae4f4a508952|1|3,Green Goddess Pasta Salad,Green Goddess Dressing,3 green onions,3,,green onions,,
860ae212-ace8-4b8f-81d6-ae4f4a508952|1|4,Green Goddess Pasta Salad,Green Goddess Dressing,2 cloves garlic,2,clove,garlic,,
860ae212-ace8-4b8f-81d6-ae4f4a508952|1|5,Green Goddess Pasta Salad,Green Goddess Dressing,1/4 cup pumpkin seeds,0.25,cup,pumpkin seeds,,
860ae212-ace8-4b8f-81d6-ae4f4a508952|1|6,Green Goddess Pasta Salad,Green Goddess Dressing,1/3 cup nutritional yeast,0.333,cup,nutritional yeast,,
860ae212-ace8-4b8f-81d6-ae4f4a508952|1|7,Green Goddess Pasta Salad,Green Goddess Dressing,3 tbsp olive oil,3,tbsp,olive oil,,
860ae212-ace8-4b8f-81d6-ae4f4a508952|1|8,Green Goddess Pasta Salad,Green Goddess Dressing,3 tbsp water (plus more to thin),3,tbsp,water,plus more to thin,
860ae212-ace8-4b8f-81d6-ae4f4a508952|1|9,Green Goddess Pasta Salad,Green Goddess Dressing,1 tbsp rice vinegar,1,tbsp,rice vinegar,,
860ae212-ace8-4b8f-81d6-ae4f4a508952|1|10,Green Goddess Pasta Salad,Green Goddess Dressing,Juice of 1 lemon,,,Juice of 1 lemon,,digit-in-name|no-qty
860ae212-ace8-4b8f-81d6-ae4f4a508952|1|11,Green Goddess Pasta Salad,Green Goddess Dressing,1 tsp salt (plus more to taste),1,tsp,salt,plus more to taste,vague
0fef06bb-a9c4-44b4-9305-b2671dc82b5e|0|0,Halloween Chocolate Almond Butter Balls,Main,3/4 cup almond butter,0.75,cup,almond butter,,
0fef06bb-a9c4-44b4-9305-b2671dc82b5e|0|1,Halloween Chocolate Almond Butter Balls,Main,1 cup ground almonds,1,cup,ground almonds,,
0fef06bb-a9c4-44b4-9305-b2671dc82b5e|0|2,Halloween Chocolate Almond Butter Balls,Main,1/4 cup black cocoa powder,0.25,cup,black cocoa powder,,
0fef06bb-a9c4-44b4-9305-b2671dc82b5e|0|3,Halloween Chocolate Almond Butter Balls,Main,"1 scoop chocolate protein powder (optional, or sub oat flour)",1,scoop,chocolate protein powder,"optional, or sub oat flour",or-alt
0fef06bb-a9c4-44b4-9305-b2671dc82b5e|0|4,Halloween Chocolate Almond Butter Balls,Main,1/3 cup maple or agave syrup,0.333,cup,maple or agave syrup,,or-alt
0fef06bb-a9c4-44b4-9305-b2671dc82b5e|0|5,Halloween Chocolate Almond Butter Balls,Main,Big dash vanilla,1,dash,vanilla,,
0fef06bb-a9c4-44b4-9305-b2671dc82b5e|0|6,Halloween Chocolate Almond Butter Balls,Main,Big pinch salt,1,pinch,salt,,
7c24a99e-1525-4bfa-beab-9dc5cd404f71|0|0,Harissa Chicken with Roasted Veg and Feta,,1 red onion,1,,red onion,,
7c24a99e-1525-4bfa-beab-9dc5cd404f71|0|1,Harissa Chicken with Roasted Veg and Feta,,1 red pepper,1,,red pepper,,
7c24a99e-1525-4bfa-beab-9dc5cd404f71|0|2,Harissa Chicken with Roasted Veg and Feta,,10 cherry tomatoes,10,,cherry tomatoes,,
7c24a99e-1525-4bfa-beab-9dc5cd404f71|0|3,Harissa Chicken with Roasted Veg and Feta,,2 chicken thighs,2,,chicken thighs,,
7c24a99e-1525-4bfa-beab-9dc5cd404f71|0|4,Harissa Chicken with Roasted Veg and Feta,,1 tbsp olives,1,tbsp,olives,,
7c24a99e-1525-4bfa-beab-9dc5cd404f71|0|5,Harissa Chicken with Roasted Veg and Feta,,⅓ tin chickpeas,0.333,tin,chickpeas,,
7c24a99e-1525-4bfa-beab-9dc5cd404f71|0|6,Harissa Chicken with Roasted Veg and Feta,,1 heaped tsp harissa,1,,heaped tsp harissa,,
7c24a99e-1525-4bfa-beab-9dc5cd404f71|0|7,Harissa Chicken with Roasted Veg and Feta,,1 tsp smoked paprika,1,tsp,smoked paprika,,
7c24a99e-1525-4bfa-beab-9dc5cd404f71|0|8,Harissa Chicken with Roasted Veg and Feta,,1 tsp cumin,1,tsp,cumin,,
7c24a99e-1525-4bfa-beab-9dc5cd404f71|0|9,Harissa Chicken with Roasted Veg and Feta,,½ lemon,0.5,,lemon,,
7c24a99e-1525-4bfa-beab-9dc5cd404f71|0|10,Harissa Chicken with Roasted Veg and Feta,,1 tbsp honey,1,tbsp,honey,,
7c24a99e-1525-4bfa-beab-9dc5cd404f71|1|0,Harissa Chicken with Roasted Veg and Feta,Garnish,feta,,,feta,,no-qty
7c24a99e-1525-4bfa-beab-9dc5cd404f71|1|1,Harissa Chicken with Roasted Veg and Feta,Garnish,fresh parsley,,,fresh parsley,,no-qty
c0ec0578-8e48-4c54-a48d-0cc3a9f85af2|0|0,Healthy Grass Fed Gelatin Chocolate Mousse,Main,"1 tbsp grass-fed gelatin, bloomed in 1/2 cup water",1,tbsp,grass-fed gelatin,bloomed in 1/2 cup water,
c0ec0578-8e48-4c54-a48d-0cc3a9f85af2|0|1,Healthy Grass Fed Gelatin Chocolate Mousse,Main,1 cup Greek yogurt,1,cup,Greek yogurt,,
c0ec0578-8e48-4c54-a48d-0cc3a9f85af2|0|2,Healthy Grass Fed Gelatin Chocolate Mousse,Main,2 tbsp cacao powder,2,tbsp,cacao powder,,
c0ec0578-8e48-4c54-a48d-0cc3a9f85af2|0|3,Healthy Grass Fed Gelatin Chocolate Mousse,Main,2 tbsp coconut sugar (optional),2,tbsp,coconut sugar,optional,
9fd17cbe-3921-4cd2-af60-7f09946fc5c7|0|0,Healthy Lemon Bars,Main,Juice from 3 lemons,,,Juice from 3 lemons,,digit-in-name|no-qty
9fd17cbe-3921-4cd2-af60-7f09946fc5c7|0|1,Healthy Lemon Bars,Main,1/4 cup coconut oil,0.25,cup,coconut oil,,
9fd17cbe-3921-4cd2-af60-7f09946fc5c7|0|2,Healthy Lemon Bars,Main,1/2 cup maple syrup,0.5,cup,maple syrup,,
9fd17cbe-3921-4cd2-af60-7f09946fc5c7|0|3,Healthy Lemon Bars,Main,1/4 tsp lemon or almond extract,0.25,tsp,lemon or almond extract,,or-alt
9fd17cbe-3921-4cd2-af60-7f09946fc5c7|0|4,Healthy Lemon Bars,Main,1 1/2 cups almond flour,1.5,cup,almond flour,,
9fd17cbe-3921-4cd2-af60-7f09946fc5c7|0|5,Healthy Lemon Bars,Main,1/8 cup + 1 tbsp coconut flour,0.125,cup,+ 1 tbsp coconut flour,,digit-in-name
9fd17cbe-3921-4cd2-af60-7f09946fc5c7|0|6,Healthy Lemon Bars,Main,1/4 tsp salt,0.25,tsp,salt,,
9fd17cbe-3921-4cd2-af60-7f09946fc5c7|0|7,Healthy Lemon Bars,Main,Zest from 1 lemon,,,Zest from 1 lemon,,digit-in-name|no-qty
9fd17cbe-3921-4cd2-af60-7f09946fc5c7|0|8,Healthy Lemon Bars,Main,4 eggs,4,,eggs,,
50583118-7c20-4d18-bdda-0f34d5581cd0|0|0,Healthy Orange & Cashew Chicken,Sauce,juice of 1 large orange and 1 tsp zest,,,juice of 1 large orange and 1 tsp zest,,digit-in-name|long|no-qty
50583118-7c20-4d18-bdda-0f34d5581cd0|0|1,Healthy Orange & Cashew Chicken,Sauce,1 tsp garlic granules,1,tsp,garlic granules,,
50583118-7c20-4d18-bdda-0f34d5581cd0|0|2,Healthy Orange & Cashew Chicken,Sauce,1 small tsp ginger puree,1,,small tsp ginger puree,,
50583118-7c20-4d18-bdda-0f34d5581cd0|0|3,Healthy Orange & Cashew Chicken,Sauce,1 tsp toasted sesame oil,1,tsp,sesame oil,toasted,
50583118-7c20-4d18-bdda-0f34d5581cd0|0|4,Healthy Orange & Cashew Chicken,Sauce,4 tbsp light soy sauce,4,tbsp,light soy sauce,,
50583118-7c20-4d18-bdda-0f34d5581cd0|0|5,Healthy Orange & Cashew Chicken,Sauce,2 tbsp rice vinegar,2,tbsp,rice vinegar,,
50583118-7c20-4d18-bdda-0f34d5581cd0|0|6,Healthy Orange & Cashew Chicken,Sauce,2 tbsp tomato puree,2,tbsp,tomato puree,,
50583118-7c20-4d18-bdda-0f34d5581cd0|1|0,Healthy Orange & Cashew Chicken,Chicken,"300g diced chicken breast, cut into chunks",300,g,chicken breast,diced; cut into chunks,
50583118-7c20-4d18-bdda-0f34d5581cd0|1|1,Healthy Orange & Cashew Chicken,Chicken,2 spring onions,2,,spring onions,,
50583118-7c20-4d18-bdda-0f34d5581cd0|1|2,Healthy Orange & Cashew Chicken,Chicken,1 tbsp corn flour,1,tbsp,corn flour,,
50583118-7c20-4d18-bdda-0f34d5581cd0|1|3,Healthy Orange & Cashew Chicken,Chicken,1 tsp garlic granules,1,tsp,garlic granules,,
50583118-7c20-4d18-bdda-0f34d5581cd0|1|4,Healthy Orange & Cashew Chicken,Chicken,small handful cashews,1,handful,cashews,,
50583118-7c20-4d18-bdda-0f34d5581cd0|2|0,Healthy Orange & Cashew Chicken,To Serve,250g precooked brown rice,250,g,precooked brown rice,,
50583118-7c20-4d18-bdda-0f34d5581cd0|2|1,Healthy Orange & Cashew Chicken,To Serve,"½ medium avocado, sliced",0.5,,medium avocado,sliced,
50583118-7c20-4d18-bdda-0f34d5581cd0|2|2,Healthy Orange & Cashew Chicken,To Serve,"cucumber and carrot, peeled into ribbons",,,cucumber and carrot,peeled into ribbons,no-qty
b25ddf73-e118-4a4a-abd2-fcaf1dbfbf94|0|0,High Fibre Sticky Toffee Oats,Oats,"4 dates, chopped",4,,dates,chopped,
b25ddf73-e118-4a4a-abd2-fcaf1dbfbf94|0|1,High Fibre Sticky Toffee Oats,Oats,50g oats,50,g,oats,,
b25ddf73-e118-4a4a-abd2-fcaf1dbfbf94|0|2,High Fibre Sticky Toffee Oats,Oats,1 tsp vanilla extract,1,tsp,vanilla extract,,
b25ddf73-e118-4a4a-abd2-fcaf1dbfbf94|0|3,High Fibre Sticky Toffee Oats,Oats,1/2 tsp baking powder,0.5,tsp,baking powder,,
b25ddf73-e118-4a4a-abd2-fcaf1dbfbf94|0|4,High Fibre Sticky Toffee Oats,Oats,200ml milk,200,ml,milk,,
b25ddf73-e118-4a4a-abd2-fcaf1dbfbf94|0|5,High Fibre Sticky Toffee Oats,Oats,1 tbsp hemp seeds,1,tbsp,hemp seeds,,
b25ddf73-e118-4a4a-abd2-fcaf1dbfbf94|0|6,High Fibre Sticky Toffee Oats,Oats,1/2 tsp cinnamon,0.5,tsp,cinnamon,,
b25ddf73-e118-4a4a-abd2-fcaf1dbfbf94|0|7,High Fibre Sticky Toffee Oats,Oats,Pinch ground cloves,1,pinch,ground cloves,,
b25ddf73-e118-4a4a-abd2-fcaf1dbfbf94|0|8,High Fibre Sticky Toffee Oats,Oats,1/4 tsp nutmeg,0.25,tsp,nutmeg,,
b25ddf73-e118-4a4a-abd2-fcaf1dbfbf94|0|9,High Fibre Sticky Toffee Oats,Oats,1 tsp demerara sugar,1,tsp,demerara sugar,,
b25ddf73-e118-4a4a-abd2-fcaf1dbfbf94|1|0,High Fibre Sticky Toffee Oats,To Serve,2 tbsp vanilla yoghurt,2,tbsp,vanilla yoghurt,,
b25ddf73-e118-4a4a-abd2-fcaf1dbfbf94|1|1,High Fibre Sticky Toffee Oats,To Serve,Handful of pecans (optionally toasted),1,handful,pecans,optionally toasted,
b25ddf73-e118-4a4a-abd2-fcaf1dbfbf94|1|2,High Fibre Sticky Toffee Oats,To Serve,Mix of chia seeds and pumpkin seeds,,,Mix of chia seeds and pumpkin seeds,,long|no-qty
b25ddf73-e118-4a4a-abd2-fcaf1dbfbf94|1|3,High Fibre Sticky Toffee Oats,To Serve,Drizzle of maple syrup,,,Drizzle of maple syrup,,no-qty
ec6ade0d-e6ab-4fe5-bf09-849d119335b1|0|0,High Protein Asian Crispy Rice Salad,Crispy Rice,1¼ cups dry jasmine rice (sub Kaizen high-protein rice if available for a protein boost),1,,¼ cups dry jasmine rice,sub Kaizen high-protein rice if available for a protein boost,
ec6ade0d-e6ab-4fe5-bf09-849d119335b1|1|0,High Protein Asian Crispy Rice Salad,Salad,"5–6 Persian cucumbers (~400g total), thinly sliced",5,,Persian cucumbers,thinly sliced; ~400g total,range
ec6ade0d-e6ab-4fe5-bf09-849d119335b1|1|1,High Protein Asian Crispy Rice Salad,Salad,"Large handful fresh coriander, roughly chopped",1,handful,fresh coriander,roughly chopped,
ec6ade0d-e6ab-4fe5-bf09-849d119335b1|1|2,High Protein Asian Crispy Rice Salad,Salad,Large handful fresh mint,1,handful,fresh mint,,
ec6ade0d-e6ab-4fe5-bf09-849d119335b1|1|3,High Protein Asian Crispy Rice Salad,Salad,"1 shallot, thinly sliced",1,,shallot,thinly sliced,
ec6ade0d-e6ab-4fe5-bf09-849d119335b1|1|4,High Protein Asian Crispy Rice Salad,Salad,"⅓ cup (45g) dry roasted peanuts, roughly chopped",0.333,cup,dry roasted peanuts,roughly chopped; 45g,
ec6ade0d-e6ab-4fe5-bf09-849d119335b1|2|0,High Protein Asian Crispy Rice Salad,Dressing,Juice of 1 large lime,,,Juice of 1 large lime,,digit-in-name|no-qty
ec6ade0d-e6ab-4fe5-bf09-849d119335b1|2|1,High Protein Asian Crispy Rice Salad,Dressing,2½ tbsp fish sauce,2,,½ tbsp fish sauce,,
ec6ade0d-e6ab-4fe5-bf09-849d119335b1|2|2,High Protein Asian Crispy Rice Salad,Dressing,"2 garlic cloves, finely minced",2,,garlic cloves,finely minced,
ec6ade0d-e6ab-4fe5-bf09-849d119335b1|2|3,High Protein Asian Crispy Rice Salad,Dressing,1 tsp fresh minced ginger,1,tsp,fresh minced ginger,,
ec6ade0d-e6ab-4fe5-bf09-849d119335b1|2|4,High Protein Asian Crispy Rice Salad,Dressing,1–2 tbsp garlic chilli crunch (e.g. Fly by Jing),1,tbsp,garlic chilli crunch,e.g. Fly by Jing,range
ec6ade0d-e6ab-4fe5-bf09-849d119335b1|2|5,High Protein Asian Crispy Rice Salad,Dressing,1–2 tbsp powdered monkfruit sweetener or alternative sweetener,1,tbsp,powdered monkfruit sweetener or alternative sweetener,,range|or-alt|long
ad1b8c33-0302-4b35-9e64-072281c9fc1c|0|0,High Protein Brownie Bowl,Main,1/4 cup egg whites (or 1 egg),0.25,cup,egg whites,or 1 egg,or-alt
ad1b8c33-0302-4b35-9e64-072281c9fc1c|0|1,High Protein Brownie Bowl,Main,50g vanilla Greek yogurt,50,g,vanilla Greek yogurt,,
ad1b8c33-0302-4b35-9e64-072281c9fc1c|0|2,High Protein Brownie Bowl,Main,1 tsp vanilla extract,1,tsp,vanilla extract,,
ad1b8c33-0302-4b35-9e64-072281c9fc1c|0|3,High Protein Brownie Bowl,Main,1 tbsp honey or maple syrup,1,tbsp,honey or maple syrup,,or-alt
ad1b8c33-0302-4b35-9e64-072281c9fc1c|0|4,High Protein Brownie Bowl,Main,28g (1/4 cup) pancake mix,28,g,pancake mix,1/4 cup,
ad1b8c33-0302-4b35-9e64-072281c9fc1c|0|5,High Protein Brownie Bowl,Main,1 tsp baking powder,1,tsp,baking powder,,
ad1b8c33-0302-4b35-9e64-072281c9fc1c|0|6,High Protein Brownie Bowl,Main,10g (2 tbsp) cocoa powder,10,g,cocoa powder,2 tbsp,
ad1b8c33-0302-4b35-9e64-072281c9fc1c|0|7,High Protein Brownie Bowl,Main,Splash of milk,1,splash,milk,,
f8c25ec0-5fa2-4d44-ad4b-d3a299c131df|0|0,High Protein Carrot Cake Overnight Oats,Main,1/3 cup oats,0.333,cup,oats,,
f8c25ec0-5fa2-4d44-ad4b-d3a299c131df|0|1,High Protein Carrot Cake Overnight Oats,Main,2 tbsp chia seeds,2,tbsp,chia seeds,,
f8c25ec0-5fa2-4d44-ad4b-d3a299c131df|0|2,High Protein Carrot Cake Overnight Oats,Main,1/2 cup plain Greek yogurt,0.5,cup,plain Greek yogurt,,
f8c25ec0-5fa2-4d44-ad4b-d3a299c131df|0|3,High Protein Carrot Cake Overnight Oats,Main,1 cup milk or plant-based milk,1,cup,milk or plant-based milk,,or-alt
f8c25ec0-5fa2-4d44-ad4b-d3a299c131df|0|4,High Protein Carrot Cake Overnight Oats,Main,1 tsp maple syrup,1,tsp,maple syrup,,
f8c25ec0-5fa2-4d44-ad4b-d3a299c131df|0|5,High Protein Carrot Cake Overnight Oats,Main,1 scoop vanilla protein powder,1,scoop,vanilla protein powder,,
f8c25ec0-5fa2-4d44-ad4b-d3a299c131df|0|6,High Protein Carrot Cake Overnight Oats,Main,1/2 tsp cinnamon,0.5,tsp,cinnamon,,
f8c25ec0-5fa2-4d44-ad4b-d3a299c131df|0|7,High Protein Carrot Cake Overnight Oats,Main,"1 carrot, shredded",1,,carrot,shredded,
df269aff-dc4f-4241-9c03-9476fb09eb03|0|0,High Protein Chicken Enchilada Bake,,1 tbsp avocado oil,1,tbsp,avocado oil,,
df269aff-dc4f-4241-9c03-9476fb09eb03|0|1,High Protein Chicken Enchilada Bake,,"1 yellow onion, finely diced",1,,yellow onion,finely diced,
df269aff-dc4f-4241-9c03-9476fb09eb03|0|2,High Protein Chicken Enchilada Bake,,"1.5 heaping cups broccoli, finely diced",1.5,,heaping cups broccoli,finely diced,
df269aff-dc4f-4241-9c03-9476fb09eb03|0|3,High Protein Chicken Enchilada Bake,,"1 cup baby spinach, chopped",1,cup,baby spinach,chopped,
df269aff-dc4f-4241-9c03-9476fb09eb03|0|4,High Protein Chicken Enchilada Bake,,½ tsp salt,0.5,tsp,salt,,
df269aff-dc4f-4241-9c03-9476fb09eb03|0|5,High Protein Chicken Enchilada Bake,,½ tsp pepper,0.5,tsp,pepper,,
df269aff-dc4f-4241-9c03-9476fb09eb03|0|6,High Protein Chicken Enchilada Bake,,1 tsp chili powder,1,tsp,chili powder,,
df269aff-dc4f-4241-9c03-9476fb09eb03|0|7,High Protein Chicken Enchilada Bake,,2 cups pre-cooked chicken,2,cup,pre-cooked chicken,,
df269aff-dc4f-4241-9c03-9476fb09eb03|0|8,High Protein Chicken Enchilada Bake,,15oz red enchilada sauce,15,oz,red enchilada sauce,,
df269aff-dc4f-4241-9c03-9476fb09eb03|0|9,High Protein Chicken Enchilada Bake,,¾ cup plain Greek yogurt,0.75,cup,plain Greek yogurt,,
df269aff-dc4f-4241-9c03-9476fb09eb03|0|10,High Protein Chicken Enchilada Bake,,1 cup shredded Mexican cheese blend,1,cup,Mexican cheese blend,shredded,
df269aff-dc4f-4241-9c03-9476fb09eb03|0|11,High Protein Chicken Enchilada Bake,,"optional toppings: avocado, cilantro, green onion, jalapeño",,,toppings: avocado,"cilantro,  green onion,  jalapeño",no-qty
b6312b7e-e566-474c-858c-d9bfc2361efc|0|0,High Protein Chickpea Flour Pancakes,Main,1 cup chickpea flour or quinoa flour,1,cup,chickpea flour or quinoa flour,,or-alt
b6312b7e-e566-474c-858c-d9bfc2361efc|0|1,High Protein Chickpea Flour Pancakes,Main,1 cup milk,1,cup,milk,,
b6312b7e-e566-474c-858c-d9bfc2361efc|0|2,High Protein Chickpea Flour Pancakes,Main,1/3 cup apple sauce,0.333,cup,apple sauce,,
b6312b7e-e566-474c-858c-d9bfc2361efc|0|3,High Protein Chickpea Flour Pancakes,Main,Maple syrup to taste,,,Maple syrup,to taste,vague|no-qty
b6312b7e-e566-474c-858c-d9bfc2361efc|0|4,High Protein Chickpea Flour Pancakes,Main,2-3 scoops protein powder,2,scoop,protein powder,,range
b6312b7e-e566-474c-858c-d9bfc2361efc|0|5,High Protein Chickpea Flour Pancakes,Main,1/2 tsp baking soda,0.5,tsp,baking soda,,
b6312b7e-e566-474c-858c-d9bfc2361efc|0|6,High Protein Chickpea Flour Pancakes,Main,2 tbsp baking powder,2,tbsp,baking powder,,
b6312b7e-e566-474c-858c-d9bfc2361efc|0|7,High Protein Chickpea Flour Pancakes,Main,Poppy seeds (optional),,,Poppy seeds,optional,no-qty
65525470-e549-442f-b1ad-f809e3c19a25|0|0,High Protein Chocolate Lava Pudding,Main,1 egg,1,,egg,,
65525470-e549-442f-b1ad-f809e3c19a25|0|1,High Protein Chocolate Lava Pudding,Main,20g dark chocolate,20,g,dark chocolate,,
65525470-e549-442f-b1ad-f809e3c19a25|0|2,High Protein Chocolate Lava Pudding,Main,50g chocolate vegan protein powder (2 scoops),50,g,chocolate vegan protein powder,2 scoops,
65525470-e549-442f-b1ad-f809e3c19a25|0|3,High Protein Chocolate Lava Pudding,Main,20g cocoa powder,20,g,cocoa powder,,
65525470-e549-442f-b1ad-f809e3c19a25|0|4,High Protein Chocolate Lava Pudding,Main,30g 0% Greek yogurt,30,g,0% Greek yogurt,,digit-in-name
65525470-e549-442f-b1ad-f809e3c19a25|0|5,High Protein Chocolate Lava Pudding,Main,80ml milk of choice,80,ml,milk of choice,,
65525470-e549-442f-b1ad-f809e3c19a25|0|6,High Protein Chocolate Lava Pudding,Main,1/2 tsp vanilla extract,0.5,tsp,vanilla extract,,
65525470-e549-442f-b1ad-f809e3c19a25|0|7,High Protein Chocolate Lava Pudding,Main,Pinch of sea salt,1,pinch,sea salt,,
65525470-e549-442f-b1ad-f809e3c19a25|0|8,High Protein Chocolate Lava Pudding,Main,Optional: 1/2 tsp ground coffee,0.5,tsp,ground coffee,,
65525470-e549-442f-b1ad-f809e3c19a25|0|9,High Protein Chocolate Lava Pudding,Main,Optional: 1 tsp honey,1,tsp,honey,,
e710c791-3215-4751-9c3e-748a1f7f4a5d|0|0,High Protein Chocolate Loaf,Main,90g (1/3 cup) mashed banana or applesauce,90,g,banana or applesauce,mashed; 1/3 cup,or-alt
e710c791-3215-4751-9c3e-748a1f7f4a5d|0|1,High Protein Chocolate Loaf,Main,2 eggs,2,,eggs,,
e710c791-3215-4751-9c3e-748a1f7f4a5d|0|2,High Protein Chocolate Loaf,Main,150g (1 1/2 cups) oat flour,150,g,oat flour,1 1/2 cups,
e710c791-3215-4751-9c3e-748a1f7f4a5d|0|3,High Protein Chocolate Loaf,Main,70g (3/4 cup) chocolate casein protein powder,70,g,chocolate casein protein powder,3/4 cup,
e710c791-3215-4751-9c3e-748a1f7f4a5d|0|4,High Protein Chocolate Loaf,Main,85g (1/2 cup) preferred sweetener (e.g. monk fruit),85,g,preferred sweetener,1/2 cup; e.g. monk fruit,
e710c791-3215-4751-9c3e-748a1f7f4a5d|0|5,High Protein Chocolate Loaf,Main,50g (1/2 cup) cocoa powder,50,g,cocoa powder,1/2 cup,
e710c791-3215-4751-9c3e-748a1f7f4a5d|0|6,High Protein Chocolate Loaf,Main,2 tsp baking powder,2,tsp,baking powder,,
e710c791-3215-4751-9c3e-748a1f7f4a5d|0|7,High Protein Chocolate Loaf,Main,1 1/2 tsp vanilla extract,1.5,tsp,vanilla extract,,
e710c791-3215-4751-9c3e-748a1f7f4a5d|0|8,High Protein Chocolate Loaf,Main,1/6 tsp salt,0.167,tsp,salt,,
e710c791-3215-4751-9c3e-748a1f7f4a5d|0|9,High Protein Chocolate Loaf,Main,120ml (1/2 cup) milk of choice,120,ml,milk of choice,1/2 cup,
e710c791-3215-4751-9c3e-748a1f7f4a5d|0|10,High Protein Chocolate Loaf,Main,Dark chocolate chips,,,Dark chocolate chips,,no-qty
ae238b62-9471-4bbb-9bc5-16c58bcaf240|0|0,High Protein Pumpkin Spice Muffins,Main,2 cups oats,2,cup,oats,,
ae238b62-9471-4bbb-9bc5-16c58bcaf240|0|1,High Protein Pumpkin Spice Muffins,Main,1/2 cup vanilla protein powder,0.5,cup,vanilla protein powder,,
ae238b62-9471-4bbb-9bc5-16c58bcaf240|0|2,High Protein Pumpkin Spice Muffins,Main,1 tsp baking soda,1,tsp,baking soda,,
ae238b62-9471-4bbb-9bc5-16c58bcaf240|0|3,High Protein Pumpkin Spice Muffins,Main,1/2 tsp baking powder,0.5,tsp,baking powder,,
ae238b62-9471-4bbb-9bc5-16c58bcaf240|0|4,High Protein Pumpkin Spice Muffins,Main,1/2 tsp salt,0.5,tsp,salt,,
ae238b62-9471-4bbb-9bc5-16c58bcaf240|0|5,High Protein Pumpkin Spice Muffins,Main,1 tsp pumpkin pie spice,1,tsp,pumpkin pie spice,,
ae238b62-9471-4bbb-9bc5-16c58bcaf240|0|6,High Protein Pumpkin Spice Muffins,Main,1 1/2 cups pumpkin puree,1.5,cup,pumpkin puree,,
ae238b62-9471-4bbb-9bc5-16c58bcaf240|0|7,High Protein Pumpkin Spice Muffins,Main,2 eggs,2,,eggs,,
ae238b62-9471-4bbb-9bc5-16c58bcaf240|0|8,High Protein Pumpkin Spice Muffins,Main,1/4 cup maple syrup,0.25,cup,maple syrup,,
ae238b62-9471-4bbb-9bc5-16c58bcaf240|0|9,High Protein Pumpkin Spice Muffins,Main,1/3 cup milk (any type),0.333,cup,milk,any type,
ae238b62-9471-4bbb-9bc5-16c58bcaf240|0|10,High Protein Pumpkin Spice Muffins,Main,2 tsp vanilla extract,2,tsp,vanilla extract,,
ee04db36-3299-49fe-839a-33b2488ccee7|0|0,High Protein Tiramisu Overnight Oats,Main,40g rolled oats,40,g,rolled oats,,
ee04db36-3299-49fe-839a-33b2488ccee7|0|1,High Protein Tiramisu Overnight Oats,Main,30g protein powder,30,g,protein powder,,
ee04db36-3299-49fe-839a-33b2488ccee7|0|2,High Protein Tiramisu Overnight Oats,Main,5g chia seeds,5,g,chia seeds,,
ee04db36-3299-49fe-839a-33b2488ccee7|0|3,High Protein Tiramisu Overnight Oats,Main,5g cocoa powder,5,g,cocoa powder,,
ee04db36-3299-49fe-839a-33b2488ccee7|0|4,High Protein Tiramisu Overnight Oats,Main,10ml maple syrup,10,ml,maple syrup,,
ee04db36-3299-49fe-839a-33b2488ccee7|0|5,High Protein Tiramisu Overnight Oats,Main,1 espresso shot,1,,espresso shot,,
ee04db36-3299-49fe-839a-33b2488ccee7|0|6,High Protein Tiramisu Overnight Oats,Main,80ml milk,80,ml,milk,,
ee04db36-3299-49fe-839a-33b2488ccee7|0|7,High Protein Tiramisu Overnight Oats,Main,130g vanilla protein yoghurt,130,g,vanilla protein yoghurt,,
83d05d6e-9cd1-4d09-9b68-f61f3750579b|0|0,High Protein Tuna Salad,Main,4 cans of tuna (drained),4,can,tuna,drained,
83d05d6e-9cd1-4d09-9b68-f61f3750579b|0|1,High Protein Tuna Salad,Main,1/3 cup chopped celery,0.333,cup,celery,chopped,
83d05d6e-9cd1-4d09-9b68-f61f3750579b|0|2,High Protein Tuna Salad,Main,1/3 cup chopped red onion,0.333,cup,red onion,chopped,
83d05d6e-9cd1-4d09-9b68-f61f3750579b|0|3,High Protein Tuna Salad,Main,1/3 cup chopped apple,0.333,cup,apple,chopped,
83d05d6e-9cd1-4d09-9b68-f61f3750579b|0|4,High Protein Tuna Salad,Main,2-3 tbsp chopped fresh jalapeños,2,tbsp,fresh jalapeños,chopped,range
83d05d6e-9cd1-4d09-9b68-f61f3750579b|0|5,High Protein Tuna Salad,Main,1/4 cup chopped pepperoncini,0.25,cup,pepperoncini,chopped,
83d05d6e-9cd1-4d09-9b68-f61f3750579b|0|6,High Protein Tuna Salad,Main,1/3 cup relish (del monte),0.333,cup,relish,del monte,
83d05d6e-9cd1-4d09-9b68-f61f3750579b|0|7,High Protein Tuna Salad,Main,Juice of half a lemon,,,Juice of half a lemon,,no-qty
83d05d6e-9cd1-4d09-9b68-f61f3750579b|0|8,High Protein Tuna Salad,Main,2-3 tbsp pickle juice,2,tbsp,pickle juice,,range
83d05d6e-9cd1-4d09-9b68-f61f3750579b|0|9,High Protein Tuna Salad,Main,1/4 cup All Day Chick Pea Protein Crunch (from Sprouts),0.25,cup,All Day Chick Pea Protein Crunch,from Sprouts,
83d05d6e-9cd1-4d09-9b68-f61f3750579b|0|10,High Protein Tuna Salad,Main,1/3 cup 0% plain Greek yogurt,0.333,cup,0% plain Greek yogurt,,digit-in-name
83d05d6e-9cd1-4d09-9b68-f61f3750579b|0|11,High Protein Tuna Salad,Main,1/4 cup light mayo,0.25,cup,light mayo,,
83d05d6e-9cd1-4d09-9b68-f61f3750579b|0|12,High Protein Tuna Salad,Main,1/2 tsp garlic powder,0.5,tsp,garlic powder,,
83d05d6e-9cd1-4d09-9b68-f61f3750579b|0|13,High Protein Tuna Salad,Main,1/2 tsp onion powder,0.5,tsp,onion powder,,
83d05d6e-9cd1-4d09-9b68-f61f3750579b|0|14,High Protein Tuna Salad,Main,Salt & pepper to taste,,,Salt & pepper,to taste,vague
78b952b8-e3e7-40d0-8755-962fa5f9b692|0|0,Homemade Carrot Cake,Cake,2 whole eggs,2,,whole eggs,,
78b952b8-e3e7-40d0-8755-962fa5f9b692|0|1,Homemade Carrot Cake,Cake,1/2 cup plain Greek yogurt (0%),0.5,cup,plain Greek yogurt,0%,
78b952b8-e3e7-40d0-8755-962fa5f9b692|0|2,Homemade Carrot Cake,Cake,1/2 cup milk (1%),0.5,cup,milk,1%,
78b952b8-e3e7-40d0-8755-962fa5f9b692|0|3,Homemade Carrot Cake,Cake,1 tsp vanilla extract,1,tsp,vanilla extract,,
78b952b8-e3e7-40d0-8755-962fa5f9b692|0|4,Homemade Carrot Cake,Cake,2 tsp coconut oil,2,tsp,coconut oil,,
78b952b8-e3e7-40d0-8755-962fa5f9b692|0|5,Homemade Carrot Cake,Cake,1 heaping cup flour (blended rolled oats),1,,heaping cup flour,blended rolled oats,
78b952b8-e3e7-40d0-8755-962fa5f9b692|0|6,Homemade Carrot Cake,Cake,2 scoops vanilla protein powder,2,scoop,vanilla protein powder,,
78b952b8-e3e7-40d0-8755-962fa5f9b692|0|7,Homemade Carrot Cake,Cake,1 tsp baking powder,1,tsp,baking powder,,
78b952b8-e3e7-40d0-8755-962fa5f9b692|0|8,Homemade Carrot Cake,Cake,1/2 tsp baking soda,0.5,tsp,baking soda,,
78b952b8-e3e7-40d0-8755-962fa5f9b692|0|9,Homemade Carrot Cake,Cake,1 tsp cinnamon,1,tsp,cinnamon,,
78b952b8-e3e7-40d0-8755-962fa5f9b692|0|10,Homemade Carrot Cake,Cake,1/2 tsp ginger,0.5,tsp,ginger,,
78b952b8-e3e7-40d0-8755-962fa5f9b692|0|11,Homemade Carrot Cake,Cake,1/3 cup sweetener (stevia or splenda brown sugar),0.333,cup,sweetener,stevia or splenda brown sugar,or-alt
78b952b8-e3e7-40d0-8755-962fa5f9b692|0|12,Homemade Carrot Cake,Cake,1 cup grated carrot,1,cup,carrot,grated,
78b952b8-e3e7-40d0-8755-962fa5f9b692|1|0,Homemade Carrot Cake,Icing,1/4 cup light cream cheese (95% light),0.25,cup,light cream cheese,95% light,
78b952b8-e3e7-40d0-8755-962fa5f9b692|1|1,Homemade Carrot Cake,Icing,1 tbsp sweetener,1,tbsp,sweetener,,
78b952b8-e3e7-40d0-8755-962fa5f9b692|1|2,Homemade Carrot Cake,Icing,1/4 tsp vanilla,0.25,tsp,vanilla,,
78b952b8-e3e7-40d0-8755-962fa5f9b692|1|3,Homemade Carrot Cake,Icing,Optional: 1/2 scoop vanilla protein powder,0.5,scoop,vanilla protein powder,,
39a69b93-4de1-49b5-a751-fc80034d3f9b|0|0,Honey Glazed Salmon Bowls with Peach Salsa,Salmon,"1 lb salmon, cubed",1,lb,salmon,cubed,
39a69b93-4de1-49b5-a751-fc80034d3f9b|0|1,Honey Glazed Salmon Bowls with Peach Salsa,Salmon,1 tbsp avocado oil,1,tbsp,avocado oil,,
39a69b93-4de1-49b5-a751-fc80034d3f9b|0|2,Honey Glazed Salmon Bowls with Peach Salsa,Salmon,2 tbsp honey,2,tbsp,honey,,
39a69b93-4de1-49b5-a751-fc80034d3f9b|0|3,Honey Glazed Salmon Bowls with Peach Salsa,Salmon,1 lime + zest of the lime,1,,lime + zest of the lime,,
39a69b93-4de1-49b5-a751-fc80034d3f9b|0|4,Honey Glazed Salmon Bowls with Peach Salsa,Salmon,½ tsp chili powder,0.5,tsp,chili powder,,
39a69b93-4de1-49b5-a751-fc80034d3f9b|0|5,Honey Glazed Salmon Bowls with Peach Salsa,Salmon,1 tsp garlic powder,1,tsp,garlic powder,,
39a69b93-4de1-49b5-a751-fc80034d3f9b|0|6,Honey Glazed Salmon Bowls with Peach Salsa,Salmon,1 tsp paprika,1,tsp,paprika,,
39a69b93-4de1-49b5-a751-fc80034d3f9b|0|7,Honey Glazed Salmon Bowls with Peach Salsa,Salmon,½ tsp kosher salt,0.5,tsp,kosher salt,,
39a69b93-4de1-49b5-a751-fc80034d3f9b|1|0,Honey Glazed Salmon Bowls with Peach Salsa,Peach Salsa,"2 peaches, diced",2,,peaches,diced,
39a69b93-4de1-49b5-a751-fc80034d3f9b|1|1,Honey Glazed Salmon Bowls with Peach Salsa,Peach Salsa,"1 red bell pepper, diced",1,,red bell pepper,diced,
39a69b93-4de1-49b5-a751-fc80034d3f9b|1|2,Honey Glazed Salmon Bowls with Peach Salsa,Peach Salsa,"1 avocado, diced",1,,avocado,diced,
39a69b93-4de1-49b5-a751-fc80034d3f9b|1|3,Honey Glazed Salmon Bowls with Peach Salsa,Peach Salsa,"1/3 cup red onion, diced",0.333,cup,red onion,diced,
39a69b93-4de1-49b5-a751-fc80034d3f9b|1|4,Honey Glazed Salmon Bowls with Peach Salsa,Peach Salsa,"3 tbsp cilantro, chopped",3,tbsp,cilantro,chopped,
39a69b93-4de1-49b5-a751-fc80034d3f9b|1|5,Honey Glazed Salmon Bowls with Peach Salsa,Peach Salsa,"1 lime, juiced",1,,lime,juiced,
39a69b93-4de1-49b5-a751-fc80034d3f9b|1|6,Honey Glazed Salmon Bowls with Peach Salsa,Peach Salsa,½ tsp kosher salt,0.5,tsp,kosher salt,,
39a69b93-4de1-49b5-a751-fc80034d3f9b|2|0,Honey Glazed Salmon Bowls with Peach Salsa,Chipotle Sauce (Optional),¾ cup Greek yogurt,0.75,cup,Greek yogurt,,
39a69b93-4de1-49b5-a751-fc80034d3f9b|2|1,Honey Glazed Salmon Bowls with Peach Salsa,Chipotle Sauce (Optional),1 chipotle pepper in adobo sauce,1,,chipotle pepper in adobo sauce,,
39a69b93-4de1-49b5-a751-fc80034d3f9b|2|2,Honey Glazed Salmon Bowls with Peach Salsa,Chipotle Sauce (Optional),2 tsp honey,2,tsp,honey,,
39a69b93-4de1-49b5-a751-fc80034d3f9b|2|3,Honey Glazed Salmon Bowls with Peach Salsa,Chipotle Sauce (Optional),1 tsp garlic powder,1,tsp,garlic powder,,
39a69b93-4de1-49b5-a751-fc80034d3f9b|2|4,Honey Glazed Salmon Bowls with Peach Salsa,Chipotle Sauce (Optional),½ tsp smoked paprika,0.5,tsp,smoked paprika,,
39a69b93-4de1-49b5-a751-fc80034d3f9b|2|5,Honey Glazed Salmon Bowls with Peach Salsa,Chipotle Sauce (Optional),½ tsp kosher salt,0.5,tsp,kosher salt,,
ff7c8c44-a49f-4dec-94c6-fcc65d092832|0|0,Honey Mustard Chicken Power Bowl,Chicken,"1 lb chicken breast, cubed",1,lb,chicken breast,cubed,
ff7c8c44-a49f-4dec-94c6-fcc65d092832|0|1,Honey Mustard Chicken Power Bowl,Chicken,1 tbsp olive oil,1,tbsp,olive oil,,
ff7c8c44-a49f-4dec-94c6-fcc65d092832|0|2,Honey Mustard Chicken Power Bowl,Chicken,2 tsp paprika,2,tsp,paprika,,
ff7c8c44-a49f-4dec-94c6-fcc65d092832|0|3,Honey Mustard Chicken Power Bowl,Chicken,1 tsp garlic powder,1,tsp,garlic powder,,
ff7c8c44-a49f-4dec-94c6-fcc65d092832|0|4,Honey Mustard Chicken Power Bowl,Chicken,½ tsp salt,0.5,tsp,salt,,
ff7c8c44-a49f-4dec-94c6-fcc65d092832|0|5,Honey Mustard Chicken Power Bowl,Chicken,¼ tsp black pepper,0.25,tsp,black pepper,,
ff7c8c44-a49f-4dec-94c6-fcc65d092832|1|0,Honey Mustard Chicken Power Bowl,Bowls,1 cup dry quinoa,1,cup,dry quinoa,,
ff7c8c44-a49f-4dec-94c6-fcc65d092832|1|1,Honey Mustard Chicken Power Bowl,Bowls,2 cups bone broth or water,2,cup,bone broth or water,,or-alt
ff7c8c44-a49f-4dec-94c6-fcc65d092832|1|2,Honey Mustard Chicken Power Bowl,Bowls,"1 japanese sweet potato, diced",1,,japanese sweet potato,diced,
ff7c8c44-a49f-4dec-94c6-fcc65d092832|1|3,Honey Mustard Chicken Power Bowl,Bowls,"2 large carrots, peeled and cut diagonally",2,,large carrots,peeled and cut diagonally,
ff7c8c44-a49f-4dec-94c6-fcc65d092832|1|4,Honey Mustard Chicken Power Bowl,Bowls,"8 oz fresh broccolini, trimmed",8,oz,fresh broccolini,trimmed,
ff7c8c44-a49f-4dec-94c6-fcc65d092832|1|5,Honey Mustard Chicken Power Bowl,Bowls,2 avocados,2,,avocados,,
ff7c8c44-a49f-4dec-94c6-fcc65d092832|2|0,Honey Mustard Chicken Power Bowl,Honey Mustard Dressing,¼ cup olive oil,0.25,cup,olive oil,,
ff7c8c44-a49f-4dec-94c6-fcc65d092832|2|1,Honey Mustard Chicken Power Bowl,Honey Mustard Dressing,3 tbsp Dijon mustard,3,tbsp,Dijon mustard,,
ff7c8c44-a49f-4dec-94c6-fcc65d092832|2|2,Honey Mustard Chicken Power Bowl,Honey Mustard Dressing,2 tbsp honey,2,tbsp,honey,,
ff7c8c44-a49f-4dec-94c6-fcc65d092832|2|3,Honey Mustard Chicken Power Bowl,Honey Mustard Dressing,"½ garlic clove, grated",0.5,,garlic clove,grated,
ff7c8c44-a49f-4dec-94c6-fcc65d092832|2|4,Honey Mustard Chicken Power Bowl,Honey Mustard Dressing,2 tsp apple cider vinegar,2,tsp,apple cider vinegar,,
ff7c8c44-a49f-4dec-94c6-fcc65d092832|2|5,Honey Mustard Chicken Power Bowl,Honey Mustard Dressing,½ tsp salt,0.5,tsp,salt,,
ff7c8c44-a49f-4dec-94c6-fcc65d092832|2|6,Honey Mustard Chicken Power Bowl,Honey Mustard Dressing,1 tbsp water,1,tbsp,water,,
ff7c8c44-a49f-4dec-94c6-fcc65d092832|2|7,Honey Mustard Chicken Power Bowl,Honey Mustard Dressing,pinch red pepper flakes,1,pinch,red pepper flakes,,
ef1d615c-1913-4e87-8c87-7400661f02cc|0|0,Honey Sesame Salmon Bowl,Main,2 salmon fillets (cubed),2,,salmon fillets,cubed,
ef1d615c-1913-4e87-8c87-7400661f02cc|0|1,Honey Sesame Salmon Bowl,Main,1 tbsp sesame oil,1,tbsp,sesame oil,,
ef1d615c-1913-4e87-8c87-7400661f02cc|0|2,Honey Sesame Salmon Bowl,Main,1 tbsp soy sauce,1,tbsp,soy sauce,,
ef1d615c-1913-4e87-8c87-7400661f02cc|0|3,Honey Sesame Salmon Bowl,Main,1 tbsp honey,1,tbsp,honey,,
ef1d615c-1913-4e87-8c87-7400661f02cc|0|4,Honey Sesame Salmon Bowl,Main,1 tsp paprika,1,tsp,paprika,,
ef1d615c-1913-4e87-8c87-7400661f02cc|0|5,Honey Sesame Salmon Bowl,Main,Steamed rice,,,Steamed rice,,no-qty
ef1d615c-1913-4e87-8c87-7400661f02cc|0|6,Honey Sesame Salmon Bowl,Main,Green onions for garnish,,,Green onions,for garnish,vague|no-qty
ef1d615c-1913-4e87-8c87-7400661f02cc|0|7,Honey Sesame Salmon Bowl,Main,Sriracha + kewpie mayo (for sauce),,,Sriracha + kewpie mayo,for sauce,no-qty
ef1d615c-1913-4e87-8c87-7400661f02cc|0|8,Honey Sesame Salmon Bowl,Main,"Optional: cucumber, avocado, edamame",,,cucumber,"avocado,  edamame",no-qty
b357f62f-dca3-403d-82ba-3a52d23027e5|0|0,Instant Noodle Jars,,2 tbsp vegetable bouillon,2,tbsp,vegetable bouillon,,
b357f62f-dca3-403d-82ba-3a52d23027e5|0|1,Instant Noodle Jars,,1 tbsp chili garlic sauce,1,tbsp,chili garlic sauce,,
b357f62f-dca3-403d-82ba-3a52d23027e5|0|2,Instant Noodle Jars,,1 tbsp soy sauce,1,tbsp,soy sauce,,
b357f62f-dca3-403d-82ba-3a52d23027e5|0|3,Instant Noodle Jars,,1 tsp sesame oil,1,tsp,sesame oil,,
b357f62f-dca3-403d-82ba-3a52d23027e5|0|4,Instant Noodle Jars,,2 tsp minced garlic,2,tsp,garlic,minced,
b357f62f-dca3-403d-82ba-3a52d23027e5|0|5,Instant Noodle Jars,,sliced red bell pepper,,,red bell pepper,sliced,no-qty
b357f62f-dca3-403d-82ba-3a52d23027e5|0|6,Instant Noodle Jars,,½ cup shredded cabbage,0.5,cup,cabbage,shredded,
b357f62f-dca3-403d-82ba-3a52d23027e5|0|7,Instant Noodle Jars,,⅓ cup edamame,0.333,cup,edamame,,
b357f62f-dca3-403d-82ba-3a52d23027e5|0|8,Instant Noodle Jars,,tofu (or sub with chicken),,,tofu,or sub with chicken,or-alt|no-qty
b357f62f-dca3-403d-82ba-3a52d23027e5|0|9,Instant Noodle Jars,,1 tbsp green onions,1,tbsp,green onions,,
b357f62f-dca3-403d-82ba-3a52d23027e5|0|10,Instant Noodle Jars,,1 serving instant vermicelli rice noodles,1,,serving instant vermicelli rice noodles,,long
724fd77c-cc33-41f5-ae16-43d130dc0309|0|0,Lemon and Blueberry Baked Oats,Main,200g oats,200,g,oats,,
724fd77c-cc33-41f5-ae16-43d130dc0309|0|1,Lemon and Blueberry Baked Oats,Main,80g vanilla protein powder,80,g,vanilla protein powder,,
724fd77c-cc33-41f5-ae16-43d130dc0309|0|2,Lemon and Blueberry Baked Oats,Main,200g apple sauce,200,g,apple sauce,,
724fd77c-cc33-41f5-ae16-43d130dc0309|0|3,Lemon and Blueberry Baked Oats,Main,1 tsp baking powder,1,tsp,baking powder,,
724fd77c-cc33-41f5-ae16-43d130dc0309|0|4,Lemon and Blueberry Baked Oats,Main,"1 lemon, juice and zest",1,,lemon,juice and zest,
724fd77c-cc33-41f5-ae16-43d130dc0309|0|5,Lemon and Blueberry Baked Oats,Main,1 tsp vanilla essence,1,tsp,vanilla essence,,
724fd77c-cc33-41f5-ae16-43d130dc0309|0|6,Lemon and Blueberry Baked Oats,Main,440ml milk of choice,440,ml,milk of choice,,
724fd77c-cc33-41f5-ae16-43d130dc0309|0|7,Lemon and Blueberry Baked Oats,Main,150g blueberries,150,g,blueberries,,
9ff9f365-7349-483d-b006-ee9f44b9f07d|0|0,Lemon and Coconut Cake,Cake,2 eggs,2,,eggs,,
9ff9f365-7349-483d-b006-ee9f44b9f07d|0|1,Lemon and Coconut Cake,Cake,300g Greek yogurt,300,g,Greek yogurt,,
9ff9f365-7349-483d-b006-ee9f44b9f07d|0|2,Lemon and Coconut Cake,Cake,100g whole milk,100,g,whole milk,,
9ff9f365-7349-483d-b006-ee9f44b9f07d|0|3,Lemon and Coconut Cake,Cake,2 tbsp lemon juice,2,tbsp,lemon juice,,
9ff9f365-7349-483d-b006-ee9f44b9f07d|0|4,Lemon and Coconut Cake,Cake,1 tbsp lemon zest,1,tbsp,lemon zest,,
9ff9f365-7349-483d-b006-ee9f44b9f07d|0|5,Lemon and Coconut Cake,Cake,60g oat flour,60,g,oat flour,,
9ff9f365-7349-483d-b006-ee9f44b9f07d|0|6,Lemon and Coconut Cake,Cake,60g vanilla protein powder,60,g,vanilla protein powder,,
9ff9f365-7349-483d-b006-ee9f44b9f07d|0|7,Lemon and Coconut Cake,Cake,40g coconut flour,40,g,coconut flour,,
9ff9f365-7349-483d-b006-ee9f44b9f07d|0|8,Lemon and Coconut Cake,Cake,50g desiccated coconut,50,g,desiccated coconut,,
9ff9f365-7349-483d-b006-ee9f44b9f07d|0|9,Lemon and Coconut Cake,Cake,1/3 cup natural sweetener,0.333,cup,natural sweetener,,
9ff9f365-7349-483d-b006-ee9f44b9f07d|0|10,Lemon and Coconut Cake,Cake,1/2 tbsp baking powder,0.5,tbsp,baking powder,,
9ff9f365-7349-483d-b006-ee9f44b9f07d|0|11,Lemon and Coconut Cake,Cake,Pinch of salt,1,pinch,salt,,
9ff9f365-7349-483d-b006-ee9f44b9f07d|1|0,Lemon and Coconut Cake,Icing,200g Greek yogurt,200,g,Greek yogurt,,
9ff9f365-7349-483d-b006-ee9f44b9f07d|1|1,Lemon and Coconut Cake,Icing,15g coconut flour,15,g,coconut flour,,
9ff9f365-7349-483d-b006-ee9f44b9f07d|1|2,Lemon and Coconut Cake,Icing,2 tbsp natural sweetener,2,tbsp,natural sweetener,,
9ff9f365-7349-483d-b006-ee9f44b9f07d|1|3,Lemon and Coconut Cake,Icing,2 tsp lemon zest,2,tsp,lemon zest,,
4ebeb50f-aeda-4365-bbe9-25446a455037|0|0,Loaf Pan Lemon & Yoghurt Chicken,Main,"1.1kg (2.5 lb) boneless chicken thighs, trimmed",1.1,kg,boneless chicken thighs,trimmed; 2.5 lb,
4ebeb50f-aeda-4365-bbe9-25446a455037|0|1,Loaf Pan Lemon & Yoghurt Chicken,Main,"1 medium yellow onion, processed in a food processor",1,,medium yellow onion,processed in a food processor,
4ebeb50f-aeda-4365-bbe9-25446a455037|0|2,Loaf Pan Lemon & Yoghurt Chicken,Main,Juice of 1 large lemon,,,Juice of 1 large lemon,,digit-in-name|no-qty
4ebeb50f-aeda-4365-bbe9-25446a455037|0|3,Loaf Pan Lemon & Yoghurt Chicken,Main,3 tbsp tomato paste,3,tbsp,tomato paste,,
4ebeb50f-aeda-4365-bbe9-25446a455037|0|4,Loaf Pan Lemon & Yoghurt Chicken,Main,2 tbsp plain or Greek yoghurt,2,tbsp,plain or Greek yoghurt,,or-alt
4ebeb50f-aeda-4365-bbe9-25446a455037|0|5,Loaf Pan Lemon & Yoghurt Chicken,Main,Salt and pepper,,,Salt and pepper,,
4ebeb50f-aeda-4365-bbe9-25446a455037|0|6,Loaf Pan Lemon & Yoghurt Chicken,Main,1½ tbsp dried thyme,1,,½ tbsp dried thyme,,
4ebeb50f-aeda-4365-bbe9-25446a455037|0|7,Loaf Pan Lemon & Yoghurt Chicken,Main,1½ tbsp garlic powder,1,,½ tbsp garlic powder,,
4ebeb50f-aeda-4365-bbe9-25446a455037|0|8,Loaf Pan Lemon & Yoghurt Chicken,Main,1 tbsp urfa pepper (or Aleppo pepper / chilli flakes),1,tbsp,urfa pepper,or Aleppo pepper / chilli flakes,or-alt
df2cd919-38fb-4856-bb5b-9be3ed38e5e3|0|0,Maple Cinnamon Pumpkin Overnight Oats,Oats,½ cup sprouted oats,0.5,cup,sprouted oats,,
df2cd919-38fb-4856-bb5b-9be3ed38e5e3|0|1,Maple Cinnamon Pumpkin Overnight Oats,Oats,¼ cup plain full fat yoghurt (sub coconut or soya yoghurt to keep DF),0.25,cup,plain full fat yoghurt,sub coconut or soya yoghurt to keep DF,or-alt
df2cd919-38fb-4856-bb5b-9be3ed38e5e3|0|2,Maple Cinnamon Pumpkin Overnight Oats,Oats,½ cup milk of choice,0.5,cup,milk of choice,,
df2cd919-38fb-4856-bb5b-9be3ed38e5e3|0|3,Maple Cinnamon Pumpkin Overnight Oats,Oats,¼ cup pumpkin purée,0.25,cup,pumpkin purée,,
df2cd919-38fb-4856-bb5b-9be3ed38e5e3|0|4,Maple Cinnamon Pumpkin Overnight Oats,Oats,1 tbsp maple syrup,1,tbsp,maple syrup,,
df2cd919-38fb-4856-bb5b-9be3ed38e5e3|0|5,Maple Cinnamon Pumpkin Overnight Oats,Oats,½ tsp vanilla,0.5,tsp,vanilla,,
df2cd919-38fb-4856-bb5b-9be3ed38e5e3|0|6,Maple Cinnamon Pumpkin Overnight Oats,Oats,2 tsp chia seeds,2,tsp,chia seeds,,
df2cd919-38fb-4856-bb5b-9be3ed38e5e3|0|7,Maple Cinnamon Pumpkin Overnight Oats,Oats,1 scoop grass-fed collagen,1,scoop,grass-fed collagen,,
df2cd919-38fb-4856-bb5b-9be3ed38e5e3|0|8,Maple Cinnamon Pumpkin Overnight Oats,Oats,½ tsp ground cinnamon,0.5,tsp,ground cinnamon,,
df2cd919-38fb-4856-bb5b-9be3ed38e5e3|0|9,Maple Cinnamon Pumpkin Overnight Oats,Oats,Dash of nutmeg,1,dash,nutmeg,,
df2cd919-38fb-4856-bb5b-9be3ed38e5e3|0|10,Maple Cinnamon Pumpkin Overnight Oats,Oats,Dash of clove,1,dash,clove,,
df2cd919-38fb-4856-bb5b-9be3ed38e5e3|1|0,Maple Cinnamon Pumpkin Overnight Oats,Topping,Handful of chopped pecans,1,handful,pecans,chopped,
59a257fd-0b89-4086-8cb0-8d2cbfc3624c|0|0,Maple Sriracha Tofu Protein Bowl,Main,"450g extra firm tofu, diced",450,g,extra firm tofu,diced,
59a257fd-0b89-4086-8cb0-8d2cbfc3624c|0|1,Maple Sriracha Tofu Protein Bowl,Main,3 tbsp sriracha,3,tbsp,sriracha,,
59a257fd-0b89-4086-8cb0-8d2cbfc3624c|0|2,Maple Sriracha Tofu Protein Bowl,Main,3 tbsp maple syrup,3,tbsp,maple syrup,,
59a257fd-0b89-4086-8cb0-8d2cbfc3624c|0|3,Maple Sriracha Tofu Protein Bowl,Main,3 tbsp soy sauce,3,tbsp,soy sauce,,
59a257fd-0b89-4086-8cb0-8d2cbfc3624c|0|4,Maple Sriracha Tofu Protein Bowl,Main,1 tbsp rice wine vinegar,1,tbsp,rice wine vinegar,,
59a257fd-0b89-4086-8cb0-8d2cbfc3624c|0|5,Maple Sriracha Tofu Protein Bowl,Main,1.5 cups cooked brown rice,1.5,cup,cooked brown rice,,
59a257fd-0b89-4086-8cb0-8d2cbfc3624c|0|6,Maple Sriracha Tofu Protein Bowl,Main,"1 cup shelled edamame, cooked",1,cup,shelled edamame,cooked,
59a257fd-0b89-4086-8cb0-8d2cbfc3624c|0|7,Maple Sriracha Tofu Protein Bowl,Main,"1 avocado, diced",1,,avocado,diced,
59a257fd-0b89-4086-8cb0-8d2cbfc3624c|0|8,Maple Sriracha Tofu Protein Bowl,Main,1 tbsp extra virgin olive oil,1,tbsp,extra virgin olive oil,,
59a257fd-0b89-4086-8cb0-8d2cbfc3624c|0|9,Maple Sriracha Tofu Protein Bowl,Main,"1/4 red cabbage, thinly sliced",0.25,,red cabbage,thinly sliced,
59a257fd-0b89-4086-8cb0-8d2cbfc3624c|0|10,Maple Sriracha Tofu Protein Bowl,Main,"1 red onion, diced",1,,red onion,diced,
59a257fd-0b89-4086-8cb0-8d2cbfc3624c|0|11,Maple Sriracha Tofu Protein Bowl,Main,"2 cucumbers, thinly sliced",2,,cucumbers,thinly sliced,
59a257fd-0b89-4086-8cb0-8d2cbfc3624c|0|12,Maple Sriracha Tofu Protein Bowl,Main,2 tbsp sesame seeds,2,tbsp,sesame seeds,,
1930b10b-1ba6-4833-a28d-34c91c1e54d6|0|0,Marinated Chicken Thighs with Mint Jalapeño Sauce,Marinade,4 bone-in skin-on chicken thighs,4,,bone-in skin-on chicken thighs,,
1930b10b-1ba6-4833-a28d-34c91c1e54d6|0|1,Marinated Chicken Thighs with Mint Jalapeño Sauce,Marinade,3 tbsp olive oil,3,tbsp,olive oil,,
1930b10b-1ba6-4833-a28d-34c91c1e54d6|0|2,Marinated Chicken Thighs with Mint Jalapeño Sauce,Marinade,2 tbsp tomato paste,2,tbsp,tomato paste,,
1930b10b-1ba6-4833-a28d-34c91c1e54d6|0|3,Marinated Chicken Thighs with Mint Jalapeño Sauce,Marinade,4–5 minced garlic cloves,4,,garlic cloves,minced,range
1930b10b-1ba6-4833-a28d-34c91c1e54d6|0|4,Marinated Chicken Thighs with Mint Jalapeño Sauce,Marinade,zest and juice of 1 large lemon,,,zest and juice of 1 large lemon,,digit-in-name|no-qty
1930b10b-1ba6-4833-a28d-34c91c1e54d6|0|5,Marinated Chicken Thighs with Mint Jalapeño Sauce,Marinade,2 generous pinches salt & pepper,2,,generous pinches salt & pepper,,
1930b10b-1ba6-4833-a28d-34c91c1e54d6|0|6,Marinated Chicken Thighs with Mint Jalapeño Sauce,Marinade,1 tbsp smoked paprika,1,tbsp,smoked paprika,,
1930b10b-1ba6-4833-a28d-34c91c1e54d6|0|7,Marinated Chicken Thighs with Mint Jalapeño Sauce,Marinade,1 tbsp oregano,1,tbsp,oregano,,
1930b10b-1ba6-4833-a28d-34c91c1e54d6|0|8,Marinated Chicken Thighs with Mint Jalapeño Sauce,Marinade,¼–½ tsp cayenne pepper,0.25,,–½ tsp cayenne pepper,,
1930b10b-1ba6-4833-a28d-34c91c1e54d6|1|0,Marinated Chicken Thighs with Mint Jalapeño Sauce,Mint Jalapeño Sauce,3 tbsp thick Greek yogurt or labneh,3,tbsp,thick Greek yogurt or labneh,,or-alt
1930b10b-1ba6-4833-a28d-34c91c1e54d6|1|1,Marinated Chicken Thighs with Mint Jalapeño Sauce,Mint Jalapeño Sauce,3 tbsp fresh mint,3,tbsp,fresh mint,,
1930b10b-1ba6-4833-a28d-34c91c1e54d6|1|2,Marinated Chicken Thighs with Mint Jalapeño Sauce,Mint Jalapeño Sauce,2 scallions,2,,scallions,,
1930b10b-1ba6-4833-a28d-34c91c1e54d6|1|3,Marinated Chicken Thighs with Mint Jalapeño Sauce,Mint Jalapeño Sauce,½ large jalapeño,0.5,,large jalapeño,,
1930b10b-1ba6-4833-a28d-34c91c1e54d6|1|4,Marinated Chicken Thighs with Mint Jalapeño Sauce,Mint Jalapeño Sauce,1 tbsp olive oil,1,tbsp,olive oil,,
1930b10b-1ba6-4833-a28d-34c91c1e54d6|1|5,Marinated Chicken Thighs with Mint Jalapeño Sauce,Mint Jalapeño Sauce,juice of ½ lemon,,,juice of ½ lemon,,no-qty
1930b10b-1ba6-4833-a28d-34c91c1e54d6|1|6,Marinated Chicken Thighs with Mint Jalapeño Sauce,Mint Jalapeño Sauce,pinch salt & pepper,1,pinch,salt & pepper,,
422f1a6a-a17e-45a1-800f-4c5973fdc0b0|0|0,Marinated Fish Tacos,Fish Marinade,1.2 lb / 600g firm white fish fillets,1.2,lb,/ 600g firm white fish fillets,,digit-in-name
422f1a6a-a17e-45a1-800f-4c5973fdc0b0|0|1,Marinated Fish Tacos,Fish Marinade,Zest of 1 lime,,,Zest of 1 lime,,digit-in-name|no-qty
422f1a6a-a17e-45a1-800f-4c5973fdc0b0|0|2,Marinated Fish Tacos,Fish Marinade,3 tbsp lime juice,3,tbsp,lime juice,,
422f1a6a-a17e-45a1-800f-4c5973fdc0b0|0|3,Marinated Fish Tacos,Fish Marinade,1 tbsp chipotle powder,1,tbsp,chipotle powder,,
422f1a6a-a17e-45a1-800f-4c5973fdc0b0|0|4,Marinated Fish Tacos,Fish Marinade,"1 tbsp canned jalapeño, finely chopped",1,tbsp,canned jalapeño,finely chopped,
422f1a6a-a17e-45a1-800f-4c5973fdc0b0|0|5,Marinated Fish Tacos,Fish Marinade,"¼ cup cilantro/coriander, finely chopped",0.25,cup,cilantro/coriander,finely chopped,
422f1a6a-a17e-45a1-800f-4c5973fdc0b0|0|6,Marinated Fish Tacos,Fish Marinade,"2 garlic cloves, minced",2,,garlic cloves,minced,
422f1a6a-a17e-45a1-800f-4c5973fdc0b0|0|7,Marinated Fish Tacos,Fish Marinade,3 tbsp olive oil,3,tbsp,olive oil,,
422f1a6a-a17e-45a1-800f-4c5973fdc0b0|0|8,Marinated Fish Tacos,Fish Marinade,¼ tsp each salt and pepper,0.25,tsp,each salt and pepper,,
422f1a6a-a17e-45a1-800f-4c5973fdc0b0|1|0,Marinated Fish Tacos,Quick Pickled Cabbage,"3 cups red cabbage, finely shredded",3,cup,red cabbage,finely shredded,
422f1a6a-a17e-45a1-800f-4c5973fdc0b0|1|1,Marinated Fish Tacos,Quick Pickled Cabbage,"3 scallion/shallot stalks, cut on the diagonal",3,,scallion/shallot stalks,cut on the diagonal,
422f1a6a-a17e-45a1-800f-4c5973fdc0b0|1|2,Marinated Fish Tacos,Quick Pickled Cabbage,2 tbsp red or white wine vinegar,2,tbsp,red or white wine vinegar,,or-alt
422f1a6a-a17e-45a1-800f-4c5973fdc0b0|1|3,Marinated Fish Tacos,Quick Pickled Cabbage,½ tsp salt,0.5,tsp,salt,,
422f1a6a-a17e-45a1-800f-4c5973fdc0b0|2|0,Marinated Fish Tacos,Pink Sauce,¾ cup light sour cream,0.75,cup,light sour cream,,
422f1a6a-a17e-45a1-800f-4c5973fdc0b0|2|1,Marinated Fish Tacos,Pink Sauce,2-3 tbsp sriracha,2,tbsp,sriracha,,range
422f1a6a-a17e-45a1-800f-4c5973fdc0b0|3|0,Marinated Fish Tacos,To Cook,1 tbsp olive oil,1,tbsp,olive oil,,
422f1a6a-a17e-45a1-800f-4c5973fdc0b0|3|1,Marinated Fish Tacos,To Cook,"Small tortillas, warmed",,,tortillas,warmed,no-qty
f86554fd-7c2e-4802-9795-3de1b047d3c4|0|0,Matcha Date Butter Balls,Main,1 stick (115g) room temperature butter,1,stick,room temperature butter,115g,
f86554fd-7c2e-4802-9795-3de1b047d3c4|0|1,Matcha Date Butter Balls,Main,2g matcha powder,2,g,matcha powder,,
f86554fd-7c2e-4802-9795-3de1b047d3c4|0|2,Matcha Date Butter Balls,Main,12 medjool dates,12,,medjool dates,,
f86554fd-7c2e-4802-9795-3de1b047d3c4|0|3,Matcha Date Butter Balls,Main,Flakey sea salt for topping,,,Flakey sea salt for topping,,no-qty
036aff5d-fb5e-4f87-b846-da1da23f747f|0|0,Mayak Korean Marinated Eggs,Soft Boiled Eggs,3-4 eggs,3,,eggs,,range
036aff5d-fb5e-4f87-b846-da1da23f747f|0|1,Mayak Korean Marinated Eggs,Soft Boiled Eggs,1 tbsp vinegar,1,tbsp,vinegar,,
036aff5d-fb5e-4f87-b846-da1da23f747f|0|2,Mayak Korean Marinated Eggs,Soft Boiled Eggs,1/2 tbsp salt,0.5,tbsp,salt,,
036aff5d-fb5e-4f87-b846-da1da23f747f|1|0,Mayak Korean Marinated Eggs,Marinade,1/3 cup soy sauce (4 tbsp light + 1.5 tbsp dark),0.333,cup,soy sauce,4 tbsp light + 1.5 tbsp dark,
036aff5d-fb5e-4f87-b846-da1da23f747f|1|1,Mayak Korean Marinated Eggs,Marinade,1/3 cup water,0.333,cup,water,,
036aff5d-fb5e-4f87-b846-da1da23f747f|1|2,Mayak Korean Marinated Eggs,Marinade,1/2 tbsp sesame oil,0.5,tbsp,sesame oil,,
036aff5d-fb5e-4f87-b846-da1da23f747f|1|3,Mayak Korean Marinated Eggs,Marinade,2-2.5 tbsp honey or maple syrup,2,tbsp,honey or maple syrup,,range|or-alt
036aff5d-fb5e-4f87-b846-da1da23f747f|1|4,Mayak Korean Marinated Eggs,Marinade,1/4-1/3 cup finely sliced scallions/spring onions,0.25,,-1/3 cup finely sliced scallions/spring onions,,digit-in-name|long
036aff5d-fb5e-4f87-b846-da1da23f747f|1|5,Mayak Korean Marinated Eggs,Marinade,"1/4-1/3 of an onion, finely sliced",0.25,,-1/3 of an onion,finely sliced,digit-in-name
036aff5d-fb5e-4f87-b846-da1da23f747f|1|6,Mayak Korean Marinated Eggs,Marinade,1/4-1/3 cup finely diced cucumbers,0.25,,-1/3 cup finely diced cucumbers,,digit-in-name
036aff5d-fb5e-4f87-b846-da1da23f747f|1|7,Mayak Korean Marinated Eggs,Marinade,"3-4 cloves garlic, minced",3,clove,garlic,minced,range
036aff5d-fb5e-4f87-b846-da1da23f747f|1|8,Mayak Korean Marinated Eggs,Marinade,2-3 tsp gochugaru (or regular chilli flakes),2,tsp,gochugaru,or regular chilli flakes,range|or-alt
036aff5d-fb5e-4f87-b846-da1da23f747f|1|9,Mayak Korean Marinated Eggs,Marinade,1-2 tbsp chopped chillies,1,tbsp,chillies,chopped,range
036aff5d-fb5e-4f87-b846-da1da23f747f|1|10,Mayak Korean Marinated Eggs,Marinade,1 tbsp sesame seeds,1,tbsp,sesame seeds,,
53071302-0b79-4d9c-8ae7-3f6c5da0de33|0|0,Meal Prep Spicy Tuna Quesadilla,Tuna Filling,120g drained weight tuna in brine,120,g,drained weight tuna in brine,,
53071302-0b79-4d9c-8ae7-3f6c5da0de33|0|1,Meal Prep Spicy Tuna Quesadilla,Tuna Filling,"2 spring onions, diced",2,,spring onions,diced,
53071302-0b79-4d9c-8ae7-3f6c5da0de33|0|2,Meal Prep Spicy Tuna Quesadilla,Tuna Filling,1 tbsp chopped dill,1,tbsp,dill,chopped,
53071302-0b79-4d9c-8ae7-3f6c5da0de33|0|3,Meal Prep Spicy Tuna Quesadilla,Tuna Filling,1 tbsp chopped basil,1,tbsp,basil,chopped,
53071302-0b79-4d9c-8ae7-3f6c5da0de33|0|4,Meal Prep Spicy Tuna Quesadilla,Tuna Filling,2 tbsp chopped jalapeños,2,tbsp,jalapeños,chopped,
53071302-0b79-4d9c-8ae7-3f6c5da0de33|0|5,Meal Prep Spicy Tuna Quesadilla,Tuna Filling,2 tbsp jalapeño brine,2,tbsp,jalapeño brine,,
53071302-0b79-4d9c-8ae7-3f6c5da0de33|0|6,Meal Prep Spicy Tuna Quesadilla,Tuna Filling,"2 vine tomatoes, deseeded and diced",2,,vine tomatoes,deseeded and diced,
53071302-0b79-4d9c-8ae7-3f6c5da0de33|0|7,Meal Prep Spicy Tuna Quesadilla,Tuna Filling,2 tbsp thick Greek yoghurt,2,tbsp,thick Greek yoghurt,,
53071302-0b79-4d9c-8ae7-3f6c5da0de33|0|8,Meal Prep Spicy Tuna Quesadilla,Tuna Filling,20g grated parmesan,20,g,parmesan,grated,
53071302-0b79-4d9c-8ae7-3f6c5da0de33|0|9,Meal Prep Spicy Tuna Quesadilla,Tuna Filling,½ tsp honey,0.5,tsp,honey,,
53071302-0b79-4d9c-8ae7-3f6c5da0de33|0|10,Meal Prep Spicy Tuna Quesadilla,Tuna Filling,Salt and pepper,,,Salt and pepper,,
53071302-0b79-4d9c-8ae7-3f6c5da0de33|1|0,Meal Prep Spicy Tuna Quesadilla,To Serve (per portion),1 tsp green pesto,1,tsp,green pesto,,
53071302-0b79-4d9c-8ae7-3f6c5da0de33|1|1,Meal Prep Spicy Tuna Quesadilla,To Serve (per portion),Dashes of Tabasco,,,Dashes of Tabasco,,no-qty
53071302-0b79-4d9c-8ae7-3f6c5da0de33|1|2,Meal Prep Spicy Tuna Quesadilla,To Serve (per portion),1 wholemeal pita,1,,wholemeal pita,,
c300c3ac-2cbe-49ea-8ff2-50d23cfa1830|0|0,Mediterranean Chicken & Rice Skillet,Chicken Marinade,4 bone-in skin-on chicken thighs,4,,bone-in skin-on chicken thighs,,
c300c3ac-2cbe-49ea-8ff2-50d23cfa1830|0|1,Mediterranean Chicken & Rice Skillet,Chicken Marinade,1 tsp olive oil,1,tsp,olive oil,,
c300c3ac-2cbe-49ea-8ff2-50d23cfa1830|0|2,Mediterranean Chicken & Rice Skillet,Chicken Marinade,salt and cracked pepper,,,salt and cracked pepper,,
c300c3ac-2cbe-49ea-8ff2-50d23cfa1830|0|3,Mediterranean Chicken & Rice Skillet,Chicken Marinade,1 big handful fresh basil,1,,big handful fresh basil,,
c300c3ac-2cbe-49ea-8ff2-50d23cfa1830|0|4,Mediterranean Chicken & Rice Skillet,Chicken Marinade,5 garlic cloves,5,,garlic cloves,,
c300c3ac-2cbe-49ea-8ff2-50d23cfa1830|0|5,Mediterranean Chicken & Rice Skillet,Chicken Marinade,juice of 1 lemon,,,juice of 1 lemon,,digit-in-name|no-qty
c300c3ac-2cbe-49ea-8ff2-50d23cfa1830|0|6,Mediterranean Chicken & Rice Skillet,Chicken Marinade,2 tbsp tomato paste,2,tbsp,tomato paste,,
c300c3ac-2cbe-49ea-8ff2-50d23cfa1830|0|7,Mediterranean Chicken & Rice Skillet,Chicken Marinade,1 tbsp Dijon mustard,1,tbsp,Dijon mustard,,
c300c3ac-2cbe-49ea-8ff2-50d23cfa1830|1|0,Mediterranean Chicken & Rice Skillet,Salad,½ finely diced red onion,0.5,,red onion,finely diced,
c300c3ac-2cbe-49ea-8ff2-50d23cfa1830|1|1,Mediterranean Chicken & Rice Skillet,Salad,2–3 Persian cucumbers,2,,Persian cucumbers,,range
c300c3ac-2cbe-49ea-8ff2-50d23cfa1830|1|2,Mediterranean Chicken & Rice Skillet,Salad,1 green pepper,1,,green pepper,,
c300c3ac-2cbe-49ea-8ff2-50d23cfa1830|1|3,Mediterranean Chicken & Rice Skillet,Salad,3–4 tbsp chopped parsley,3,tbsp,parsley,chopped,range
c300c3ac-2cbe-49ea-8ff2-50d23cfa1830|1|4,Mediterranean Chicken & Rice Skillet,Salad,1 oz feta,1,oz,feta,,
c300c3ac-2cbe-49ea-8ff2-50d23cfa1830|1|5,Mediterranean Chicken & Rice Skillet,Salad,1 tbsp olive oil,1,tbsp,olive oil,,
c300c3ac-2cbe-49ea-8ff2-50d23cfa1830|1|6,Mediterranean Chicken & Rice Skillet,Salad,juice of ½ lemon,,,juice of ½ lemon,,no-qty
c300c3ac-2cbe-49ea-8ff2-50d23cfa1830|1|7,Mediterranean Chicken & Rice Skillet,Salad,1.5 tsp sumac,1.5,tsp,sumac,,
c300c3ac-2cbe-49ea-8ff2-50d23cfa1830|1|8,Mediterranean Chicken & Rice Skillet,Salad,salt & pepper,,,salt & pepper,,
c300c3ac-2cbe-49ea-8ff2-50d23cfa1830|2|0,Mediterranean Chicken & Rice Skillet,To Serve,rice of choice,,,rice of choice,,no-qty
c300c3ac-2cbe-49ea-8ff2-50d23cfa1830|2|1,Mediterranean Chicken & Rice Skillet,To Serve,thick yogurt,,,thick yogurt,,no-qty
c300c3ac-2cbe-49ea-8ff2-50d23cfa1830|2|2,Mediterranean Chicken & Rice Skillet,To Serve,sumac to sprinkle,,,sumac to sprinkle,,no-qty
b0d8296b-b6bb-48aa-9b2a-28406c3163fc|0|0,Microwave Chocolate Protein Oats,Main,20g oat or quinoa flour,20,g,oat or quinoa flour,,or-alt
b0d8296b-b6bb-48aa-9b2a-28406c3163fc|0|1,Microwave Chocolate Protein Oats,Main,2 tbsp (20g) cocoa powder,2,tbsp,cocoa powder,20g,
b0d8296b-b6bb-48aa-9b2a-28406c3163fc|0|2,Microwave Chocolate Protein Oats,Main,½ tsp baking soda,0.5,tsp,baking soda,,
b0d8296b-b6bb-48aa-9b2a-28406c3163fc|0|3,Microwave Chocolate Protein Oats,Main,½ tsp baking powder,0.5,tsp,baking powder,,
b0d8296b-b6bb-48aa-9b2a-28406c3163fc|0|4,Microwave Chocolate Protein Oats,Main,½ tsp salt,0.5,tsp,salt,,
b0d8296b-b6bb-48aa-9b2a-28406c3163fc|0|5,Microwave Chocolate Protein Oats,Main,30g chocolate protein powder,30,g,chocolate protein powder,,
b0d8296b-b6bb-48aa-9b2a-28406c3163fc|0|6,Microwave Chocolate Protein Oats,Main,125ml (½ cup) soya milk,125,ml,soya milk,½ cup,
b0d8296b-b6bb-48aa-9b2a-28406c3163fc|0|7,Microwave Chocolate Protein Oats,Main,1 shot espresso,1,,shot espresso,,
b0d8296b-b6bb-48aa-9b2a-28406c3163fc|0|8,Microwave Chocolate Protein Oats,Main,"1 tbsp dark chocolate (85%), roughly chopped",1,tbsp,dark chocolate,roughly chopped; 85%,
b0d8296b-b6bb-48aa-9b2a-28406c3163fc|1|0,Microwave Chocolate Protein Oats,Topping,40g fresh or frozen raspberries,40,g,fresh or frozen raspberries,,or-alt
4e79b17f-8477-40b9-a669-cd1e61d0cca5|0|0,Middle Eastern Chicken & Rice Bowl,Chicken Marinade,2 lbs boneless skinless chicken thighs,2,lb,boneless skinless chicken thighs,,
4e79b17f-8477-40b9-a669-cd1e61d0cca5|0|1,Middle Eastern Chicken & Rice Bowl,Chicken Marinade,1½ tbsp olive oil,1,,½ tbsp olive oil,,
4e79b17f-8477-40b9-a669-cd1e61d0cca5|0|2,Middle Eastern Chicken & Rice Bowl,Chicken Marinade,1 tbsp smoked paprika,1,tbsp,smoked paprika,,
4e79b17f-8477-40b9-a669-cd1e61d0cca5|0|3,Middle Eastern Chicken & Rice Bowl,Chicken Marinade,1 tbsp garlic powder,1,tbsp,garlic powder,,
4e79b17f-8477-40b9-a669-cd1e61d0cca5|0|4,Middle Eastern Chicken & Rice Bowl,Chicken Marinade,1 tbsp dried thyme,1,tbsp,dried thyme,,
4e79b17f-8477-40b9-a669-cd1e61d0cca5|0|5,Middle Eastern Chicken & Rice Bowl,Chicken Marinade,½ tbsp red pepper flakes,0.5,tbsp,red pepper flakes,,
4e79b17f-8477-40b9-a669-cd1e61d0cca5|0|6,Middle Eastern Chicken & Rice Bowl,Chicken Marinade,½ tsp cumin,0.5,tsp,cumin,,
4e79b17f-8477-40b9-a669-cd1e61d0cca5|0|7,Middle Eastern Chicken & Rice Bowl,Chicken Marinade,¼ tsp cinnamon,0.25,tsp,cinnamon,,
4e79b17f-8477-40b9-a669-cd1e61d0cca5|0|8,Middle Eastern Chicken & Rice Bowl,Chicken Marinade,2 tbsp plain yogurt,2,tbsp,plain yogurt,,
4e79b17f-8477-40b9-a669-cd1e61d0cca5|0|9,Middle Eastern Chicken & Rice Bowl,Chicken Marinade,5 tbsp lemon juice,5,tbsp,lemon juice,,
4e79b17f-8477-40b9-a669-cd1e61d0cca5|0|10,Middle Eastern Chicken & Rice Bowl,Chicken Marinade,salt and pepper,,,salt and pepper,,
4e79b17f-8477-40b9-a669-cd1e61d0cca5|1|0,Middle Eastern Chicken & Rice Bowl,Sumac Tomato Salad,"1 red onion, thinly sliced",1,,red onion,thinly sliced,
4e79b17f-8477-40b9-a669-cd1e61d0cca5|1|1,Middle Eastern Chicken & Rice Bowl,Sumac Tomato Salad,"10 cherry tomatoes, quartered",10,,cherry tomatoes,quartered,
4e79b17f-8477-40b9-a669-cd1e61d0cca5|1|2,Middle Eastern Chicken & Rice Bowl,Sumac Tomato Salad,2 tbsp parsley,2,tbsp,parsley,,
4e79b17f-8477-40b9-a669-cd1e61d0cca5|1|3,Middle Eastern Chicken & Rice Bowl,Sumac Tomato Salad,2 tbsp sumac,2,tbsp,sumac,,
4e79b17f-8477-40b9-a669-cd1e61d0cca5|1|4,Middle Eastern Chicken & Rice Bowl,Sumac Tomato Salad,5 tbsp lemon juice,5,tbsp,lemon juice,,
4e79b17f-8477-40b9-a669-cd1e61d0cca5|1|5,Middle Eastern Chicken & Rice Bowl,Sumac Tomato Salad,salt and pepper,,,salt and pepper,,
4e79b17f-8477-40b9-a669-cd1e61d0cca5|2|0,Middle Eastern Chicken & Rice Bowl,White Sauce,¼ cup plain yogurt,0.25,cup,plain yogurt,,
4e79b17f-8477-40b9-a669-cd1e61d0cca5|2|1,Middle Eastern Chicken & Rice Bowl,White Sauce,3 tbsp mayo,3,tbsp,mayo,,
4e79b17f-8477-40b9-a669-cd1e61d0cca5|2|2,Middle Eastern Chicken & Rice Bowl,White Sauce,3–4 tbsp pickle juice,3,tbsp,pickle juice,,range
4e79b17f-8477-40b9-a669-cd1e61d0cca5|2|3,Middle Eastern Chicken & Rice Bowl,White Sauce,2 tbsp dill,2,tbsp,dill,,
4e79b17f-8477-40b9-a669-cd1e61d0cca5|2|4,Middle Eastern Chicken & Rice Bowl,White Sauce,salt and pepper,,,salt and pepper,,
4e79b17f-8477-40b9-a669-cd1e61d0cca5|3|0,Middle Eastern Chicken & Rice Bowl,To Serve,rice of choice,,,rice of choice,,no-qty
4e79b17f-8477-40b9-a669-cd1e61d0cca5|3|1,Middle Eastern Chicken & Rice Bowl,To Serve,cucumbers (optional),,,cucumbers,optional,no-qty
4e79b17f-8477-40b9-a669-cd1e61d0cca5|3|2,Middle Eastern Chicken & Rice Bowl,To Serve,feta (optional),,,feta,optional,no-qty
6958f36a-1eaa-4f25-aa98-5375ab1ff860|0|0,Miến Gà - Vietnamese Glass Noodle Chicken Soup,Broth,"1kg chicken thighs, skin-on and bone-in",1,kg,chicken thighs,skin-on and bone-in,
6958f36a-1eaa-4f25-aa98-5375ab1ff860|0|1,Miến Gà - Vietnamese Glass Noodle Chicken Soup,Broth,"1 whole onion, peeled",1,,whole onion,peeled,
6958f36a-1eaa-4f25-aa98-5375ab1ff860|0|2,Miến Gà - Vietnamese Glass Noodle Chicken Soup,Broth,"5 spring onions, whites and greens separated",5,,spring onions,whites and greens separated,
6958f36a-1eaa-4f25-aa98-5375ab1ff860|0|3,Miến Gà - Vietnamese Glass Noodle Chicken Soup,Broth,"4 carrots, peeled",4,,carrots,peeled,
6958f36a-1eaa-4f25-aa98-5375ab1ff860|0|4,Miến Gà - Vietnamese Glass Noodle Chicken Soup,Broth,"50g (large knob) fresh ginger, sliced and smashed",50,g,fresh ginger,sliced and smashed; large knob,
6958f36a-1eaa-4f25-aa98-5375ab1ff860|0|5,Miến Gà - Vietnamese Glass Noodle Chicken Soup,Broth,1 tbsp salt,1,tbsp,salt,,
6958f36a-1eaa-4f25-aa98-5375ab1ff860|0|6,Miến Gà - Vietnamese Glass Noodle Chicken Soup,Broth,2 tbsp chicken powder or bouillon,2,tbsp,chicken powder or bouillon,,or-alt
6958f36a-1eaa-4f25-aa98-5375ab1ff860|0|7,Miến Gà - Vietnamese Glass Noodle Chicken Soup,Broth,1 tbsp sugar,1,tbsp,sugar,,
6958f36a-1eaa-4f25-aa98-5375ab1ff860|0|8,Miến Gà - Vietnamese Glass Noodle Chicken Soup,Broth,1 tsp turmeric powder,1,tsp,turmeric powder,,
6958f36a-1eaa-4f25-aa98-5375ab1ff860|0|9,Miến Gà - Vietnamese Glass Noodle Chicken Soup,Broth,3 litres water,3,l,water,,
6958f36a-1eaa-4f25-aa98-5375ab1ff860|0|10,Miến Gà - Vietnamese Glass Noodle Chicken Soup,Broth,"Fish sauce, to taste (add at the end)",,,Fish sauce,to taste; add at the end,vague|no-qty
6958f36a-1eaa-4f25-aa98-5375ab1ff860|1|0,Miến Gà - Vietnamese Glass Noodle Chicken Soup,Noodles,"200–300g glass vermicelli noodles, soaked in hot water 5–7 min, then drained",200,g,glass vermicelli noodles,"soaked in hot water 5–7 min,  then drained",range
6958f36a-1eaa-4f25-aa98-5375ab1ff860|2|0,Miến Gà - Vietnamese Glass Noodle Chicken Soup,Garlic Oil,"¾ bulb of garlic, cloves peeled",0.75,,bulb of garlic,cloves peeled,
6958f36a-1eaa-4f25-aa98-5375ab1ff860|2|1,Miến Gà - Vietnamese Glass Noodle Chicken Soup,Garlic Oil,150–200ml neutral oil,150,ml,neutral oil,,range
6958f36a-1eaa-4f25-aa98-5375ab1ff860|2|2,Miến Gà - Vietnamese Glass Noodle Chicken Soup,Garlic Oil,Pinch of sea salt,1,pinch,sea salt,,
6958f36a-1eaa-4f25-aa98-5375ab1ff860|3|0,Miến Gà - Vietnamese Glass Noodle Chicken Soup,Garnish,"Spring onion greens, sliced",,,Spring onion greens,sliced,no-qty
6958f36a-1eaa-4f25-aa98-5375ab1ff860|3|1,Miến Gà - Vietnamese Glass Noodle Chicken Soup,Garnish,Fresh coriander,,,Fresh coriander,,no-qty
6958f36a-1eaa-4f25-aa98-5375ab1ff860|3|2,Miến Gà - Vietnamese Glass Noodle Chicken Soup,Garnish,Crispy fried shallots,,,Crispy fried shallots,,no-qty
6958f36a-1eaa-4f25-aa98-5375ab1ff860|3|3,Miến Gà - Vietnamese Glass Noodle Chicken Soup,Garnish,Garlic oil,,,Garlic oil,,no-qty
6958f36a-1eaa-4f25-aa98-5375ab1ff860|3|4,Miến Gà - Vietnamese Glass Noodle Chicken Soup,Garnish,Sliced carrots from the broth,,,carrots from the broth,Sliced,no-qty
6958f36a-1eaa-4f25-aa98-5375ab1ff860|3|5,Miến Gà - Vietnamese Glass Noodle Chicken Soup,Garnish,Freshly cracked black pepper,,,Freshly cracked black pepper,,no-qty
6958f36a-1eaa-4f25-aa98-5375ab1ff860|3|6,Miến Gà - Vietnamese Glass Noodle Chicken Soup,Garnish,Crispy chicken skin (optional),,,Crispy chicken skin,optional,no-qty
d5550452-8d4d-4289-80c5-7a7872a69c61|0|0,Miso Peanut Ramen Bowl,Crispy Tofu,"1 block extra-firm tofu, pressed and grated on a box grater",1,block,extra-firm tofu,pressed and grated on a box grater,
d5550452-8d4d-4289-80c5-7a7872a69c61|0|1,Miso Peanut Ramen Bowl,Crispy Tofu,1 tbsp olive oil,1,tbsp,olive oil,,
d5550452-8d4d-4289-80c5-7a7872a69c61|0|2,Miso Peanut Ramen Bowl,Crispy Tofu,60ml (¼ cup) teriyaki sauce,60,ml,teriyaki sauce,¼ cup,
d5550452-8d4d-4289-80c5-7a7872a69c61|0|3,Miso Peanut Ramen Bowl,Crispy Tofu,"1 garlic clove, grated",1,,garlic clove,grated,
d5550452-8d4d-4289-80c5-7a7872a69c61|1|0,Miso Peanut Ramen Bowl,Miso Peanut Broth,1 tbsp red curry paste,1,tbsp,red curry paste,,
d5550452-8d4d-4289-80c5-7a7872a69c61|1|1,Miso Peanut Ramen Bowl,Miso Peanut Broth,1 tbsp white miso paste,1,tbsp,white miso paste,,
d5550452-8d4d-4289-80c5-7a7872a69c61|1|2,Miso Peanut Ramen Bowl,Miso Peanut Broth,1–2 tbsp peanut butter,1,tbsp,peanut butter,,range
d5550452-8d4d-4289-80c5-7a7872a69c61|1|3,Miso Peanut Ramen Bowl,Miso Peanut Broth,2 tbsp reduced-sodium soy sauce,2,tbsp,reduced-sodium soy sauce,,
d5550452-8d4d-4289-80c5-7a7872a69c61|1|4,Miso Peanut Ramen Bowl,Miso Peanut Broth,1 tbsp brown sugar,1,tbsp,brown sugar,,
d5550452-8d4d-4289-80c5-7a7872a69c61|1|5,Miso Peanut Ramen Bowl,Miso Peanut Broth,360ml (1½ cups) water + 1½ tsp bouillon (or 360ml stock),360,ml,water + 1 ½ tsp bouillon,1½ cups; or 360ml stock,digit-in-name|or-alt
d5550452-8d4d-4289-80c5-7a7872a69c61|1|6,Miso Peanut Ramen Bowl,Miso Peanut Broth,1 tin (400ml) full-fat coconut milk,1,tin,full-fat coconut milk,400ml,
d5550452-8d4d-4289-80c5-7a7872a69c61|1|7,Miso Peanut Ramen Bowl,Miso Peanut Broth,170g (6oz) dried ramen noodles (2 packets — use GF rice noodles),170,g,dried ramen noodles,6oz; 2 packets — use GF rice noodles,
d5550452-8d4d-4289-80c5-7a7872a69c61|2|0,Miso Peanut Ramen Bowl,Toppings,Finely sliced cucumber,,,cucumber,Finely sliced,no-qty
d5550452-8d4d-4289-80c5-7a7872a69c61|2|1,Miso Peanut Ramen Bowl,Toppings,Fresh coriander and/or spring onion,,,Fresh coriander and/or spring onion,,or-alt|long|no-qty
d5550452-8d4d-4289-80c5-7a7872a69c61|2|2,Miso Peanut Ramen Bowl,Toppings,Chilli crisp,,,Chilli crisp,,no-qty
ba9a5f77-1e8c-494f-bc3d-9ac94a497952|0|0,Miso Soy Chicken with Coconut Lime Rice,Chicken,4–5 boneless skinless chicken thighs,4,,boneless skinless chicken thighs,,range
ba9a5f77-1e8c-494f-bc3d-9ac94a497952|0|1,Miso Soy Chicken with Coconut Lime Rice,Chicken,2 tbsp white miso paste,2,tbsp,white miso paste,,
ba9a5f77-1e8c-494f-bc3d-9ac94a497952|0|2,Miso Soy Chicken with Coconut Lime Rice,Chicken,2 tbsp freshly grated ginger,2,tbsp,freshly grated ginger,,
ba9a5f77-1e8c-494f-bc3d-9ac94a497952|0|3,Miso Soy Chicken with Coconut Lime Rice,Chicken,2 tbsp mirin or rice wine vinegar,2,tbsp,mirin or rice wine vinegar,,or-alt
ba9a5f77-1e8c-494f-bc3d-9ac94a497952|0|4,Miso Soy Chicken with Coconut Lime Rice,Chicken,3 tbsp tamari,3,tbsp,tamari,,
ba9a5f77-1e8c-494f-bc3d-9ac94a497952|0|5,Miso Soy Chicken with Coconut Lime Rice,Chicken,2 tbsp honey,2,tbsp,honey,,
ba9a5f77-1e8c-494f-bc3d-9ac94a497952|0|6,Miso Soy Chicken with Coconut Lime Rice,Chicken,"2 cloves garlic, minced or grated",2,clove,garlic,minced or grated,or-alt
ba9a5f77-1e8c-494f-bc3d-9ac94a497952|0|7,Miso Soy Chicken with Coconut Lime Rice,Chicken,2 tbsp olive oil,2,tbsp,olive oil,,
ba9a5f77-1e8c-494f-bc3d-9ac94a497952|0|8,Miso Soy Chicken with Coconut Lime Rice,Chicken,"Green onion, thinly sliced — garnish",,,Green onion,thinly sliced — garnish,vague|no-qty
ba9a5f77-1e8c-494f-bc3d-9ac94a497952|0|9,Miso Soy Chicken with Coconut Lime Rice,Chicken,"Coriander, roughly chopped — garnish",,,Coriander,roughly chopped — garnish,vague|no-qty
ba9a5f77-1e8c-494f-bc3d-9ac94a497952|0|10,Miso Soy Chicken with Coconut Lime Rice,Chicken,Sesame seeds — garnish,,,Sesame seeds —,garnish,vague|no-qty
ba9a5f77-1e8c-494f-bc3d-9ac94a497952|1|0,Miso Soy Chicken with Coconut Lime Rice,Coconut Lime Rice,1½ cups white rice,1,,½ cups white rice,,
ba9a5f77-1e8c-494f-bc3d-9ac94a497952|1|1,Miso Soy Chicken with Coconut Lime Rice,Coconut Lime Rice,¾ cup chicken bone broth,0.75,cup,chicken bone broth,,
ba9a5f77-1e8c-494f-bc3d-9ac94a497952|1|2,Miso Soy Chicken with Coconut Lime Rice,Coconut Lime Rice,1¾ cups full fat coconut milk,1,,¾ cups full fat coconut milk,,
ba9a5f77-1e8c-494f-bc3d-9ac94a497952|1|3,Miso Soy Chicken with Coconut Lime Rice,Coconut Lime Rice,Juice of 1 lime,,,Juice of 1 lime,,digit-in-name|no-qty
ba9a5f77-1e8c-494f-bc3d-9ac94a497952|1|4,Miso Soy Chicken with Coconut Lime Rice,Coconut Lime Rice,¾ tsp salt,0.75,tsp,salt,,
5b8ee1e0-7b78-47fa-ade4-c57a64c7c357|0|0,Muffin Top Pumpkin Protein Cookies,Main,1/2 cup canned pumpkin puree,0.5,cup,canned pumpkin puree,,
5b8ee1e0-7b78-47fa-ade4-c57a64c7c357|0|1,Muffin Top Pumpkin Protein Cookies,Main,1/4 cup maple syrup,0.25,cup,maple syrup,,
5b8ee1e0-7b78-47fa-ade4-c57a64c7c357|0|2,Muffin Top Pumpkin Protein Cookies,Main,1/4 cup almond butter,0.25,cup,almond butter,,
5b8ee1e0-7b78-47fa-ade4-c57a64c7c357|0|3,Muffin Top Pumpkin Protein Cookies,Main,1 large egg,1,,large egg,,
5b8ee1e0-7b78-47fa-ade4-c57a64c7c357|0|4,Muffin Top Pumpkin Protein Cookies,Main,1 tsp vanilla extract,1,tsp,vanilla extract,,
5b8ee1e0-7b78-47fa-ade4-c57a64c7c357|0|5,Muffin Top Pumpkin Protein Cookies,Main,1/2 cup almond flour,0.5,cup,almond flour,,
5b8ee1e0-7b78-47fa-ade4-c57a64c7c357|0|6,Muffin Top Pumpkin Protein Cookies,Main,1/4 cup plant-based vanilla protein powder,0.25,cup,plant-based vanilla protein powder,,
5b8ee1e0-7b78-47fa-ade4-c57a64c7c357|0|7,Muffin Top Pumpkin Protein Cookies,Main,3 tbsp oat flour,3,tbsp,oat flour,,
5b8ee1e0-7b78-47fa-ade4-c57a64c7c357|0|8,Muffin Top Pumpkin Protein Cookies,Main,1 tsp cinnamon,1,tsp,cinnamon,,
5b8ee1e0-7b78-47fa-ade4-c57a64c7c357|0|9,Muffin Top Pumpkin Protein Cookies,Main,1/4 tsp ground ginger,0.25,tsp,ground ginger,,
5b8ee1e0-7b78-47fa-ade4-c57a64c7c357|0|10,Muffin Top Pumpkin Protein Cookies,Main,1/4 tsp baking soda,0.25,tsp,baking soda,,
5b8ee1e0-7b78-47fa-ade4-c57a64c7c357|0|11,Muffin Top Pumpkin Protein Cookies,Main,Pinch of salt,1,pinch,salt,,
5b8ee1e0-7b78-47fa-ade4-c57a64c7c357|0|12,Muffin Top Pumpkin Protein Cookies,Main,1/4 cup mini dairy-free chocolate chips (divided),0.25,cup,mini dairy-free chocolate chips,divided,
34ac45fe-3c78-445f-8d07-067aafbd16ea|0|0,Nandos Chicken Pasta Salad,,150g chicken breast,150,g,chicken breast,,
34ac45fe-3c78-445f-8d07-067aafbd16ea|0|1,Nandos Chicken Pasta Salad,,40g pasta (dry weight),40,g,pasta,dry weight,
34ac45fe-3c78-445f-8d07-067aafbd16ea|0|2,Nandos Chicken Pasta Salad,,15g feta cheese,15,g,feta cheese,,
34ac45fe-3c78-445f-8d07-067aafbd16ea|0|3,Nandos Chicken Pasta Salad,,20g Nando's garlic sauce,20,g,Nando's garlic sauce,,
34ac45fe-3c78-445f-8d07-067aafbd16ea|0|4,Nandos Chicken Pasta Salad,,50g 0% fat Greek yogurt,50,g,0% fat Greek yogurt,,digit-in-name
34ac45fe-3c78-445f-8d07-067aafbd16ea|0|5,Nandos Chicken Pasta Salad,,"¼ lemon, juiced",0.25,,lemon,juiced,
34ac45fe-3c78-445f-8d07-067aafbd16ea|0|6,Nandos Chicken Pasta Salad,,½ tomato,0.5,,tomato,,
34ac45fe-3c78-445f-8d07-067aafbd16ea|0|7,Nandos Chicken Pasta Salad,,¼ red onion,0.25,,red onion,,
34ac45fe-3c78-445f-8d07-067aafbd16ea|0|8,Nandos Chicken Pasta Salad,,¼ cucumber,0.25,,cucumber,,
34ac45fe-3c78-445f-8d07-067aafbd16ea|0|9,Nandos Chicken Pasta Salad,,2 tbsp sweetcorn,2,tbsp,sweetcorn,,
34ac45fe-3c78-445f-8d07-067aafbd16ea|0|10,Nandos Chicken Pasta Salad,,¼ bell pepper,0.25,,bell pepper,,
34ac45fe-3c78-445f-8d07-067aafbd16ea|0|11,Nandos Chicken Pasta Salad,,lettuce,,,lettuce,,no-qty
34ac45fe-3c78-445f-8d07-067aafbd16ea|0|12,Nandos Chicken Pasta Salad,,"chicken seasoning: paprika, garlic, salt, pepper, herbs & a little Nando's sauce",,,chicken seasoning: paprika,"garlic,  salt,  pepper,  herbs & a little Nando's sauce",no-qty
5537cf62-02e2-4c30-a92d-c58289cb2266|0|0,No Bake Coconut Cookies,Main,1/2 cup coconut oil,0.5,cup,coconut oil,,
5537cf62-02e2-4c30-a92d-c58289cb2266|0|1,No Bake Coconut Cookies,Main,1 1/2 cups coconut sugar,1.5,cup,coconut sugar,,
5537cf62-02e2-4c30-a92d-c58289cb2266|0|2,No Bake Coconut Cookies,Main,1/2 cup almond milk,0.5,cup,almond milk,,
5537cf62-02e2-4c30-a92d-c58289cb2266|0|3,No Bake Coconut Cookies,Main,1/4 cup raw cacao powder,0.25,cup,raw cacao powder,,
5537cf62-02e2-4c30-a92d-c58289cb2266|0|4,No Bake Coconut Cookies,Main,1/4 tsp salt,0.25,tsp,salt,,
5537cf62-02e2-4c30-a92d-c58289cb2266|0|5,No Bake Coconut Cookies,Main,3 cups rolled oats,3,cup,rolled oats,,
5537cf62-02e2-4c30-a92d-c58289cb2266|0|6,No Bake Coconut Cookies,Main,3/4 cup creamy peanut butter,0.75,cup,creamy peanut butter,,
5537cf62-02e2-4c30-a92d-c58289cb2266|0|7,No Bake Coconut Cookies,Main,2 tsp vanilla extract,2,tsp,vanilla extract,,
5537cf62-02e2-4c30-a92d-c58289cb2266|0|8,No Bake Coconut Cookies,Main,1/2 cup dairy-free chocolate chips (for folding in),0.5,cup,dairy-free chocolate chips,for folding in,
5537cf62-02e2-4c30-a92d-c58289cb2266|0|9,No Bake Coconut Cookies,Main,1/2 cup dairy-free chocolate chips + 1 tsp coconut oil (for drizzling),0.5,cup,dairy-free chocolate chips + 1 tsp coconut oil,for drizzling,digit-in-name|long
5537cf62-02e2-4c30-a92d-c58289cb2266|0|10,No Bake Coconut Cookies,Main,Flaky sea salt for topping,,,Flaky sea salt for topping,,no-qty
25fe14ad-9e6b-46b1-a068-9b2313ad5366|0|0,Oat Flour Pancakes,Main,90g (¾ cup) oat flour,90,g,oat flour,¾ cup,
25fe14ad-9e6b-46b1-a068-9b2313ad5366|0|1,Oat Flour Pancakes,Main,1 tsp baking soda,1,tsp,baking soda,,
25fe14ad-9e6b-46b1-a068-9b2313ad5366|0|2,Oat Flour Pancakes,Main,2 large eggs,2,,large eggs,,
25fe14ad-9e6b-46b1-a068-9b2313ad5366|0|3,Oat Flour Pancakes,Main,75g (¼ cup + 1 tbsp) plain or Greek yoghurt,75,g,plain or Greek yoghurt,¼ cup + 1 tbsp,or-alt
25fe14ad-9e6b-46b1-a068-9b2313ad5366|0|4,Oat Flour Pancakes,Main,2 tbsp maple syrup or coconut syrup,2,tbsp,maple syrup or coconut syrup,,or-alt
865e8283-3c79-402e-a161-caf43e7d1a23|0|0,One Pan Vegan Sushi Bake,Layers,"2¼ cups (450g) cooked sushi rice, seasoned with 3 tbsp rice wine vinegar and 1 tsp sugar",2,,¼ cups cooked sushi rice,seasoned with 3 tbsp rice wine vinegar and 1 tsp sugar; 450g,
865e8283-3c79-402e-a161-caf43e7d1a23|0|1,One Pan Vegan Sushi Bake,Layers,"3 cans (3 × 400g) hearts of palm, drained and mashed",3,can,hearts of palm,drained and mashed; 3 × 400g,
865e8283-3c79-402e-a161-caf43e7d1a23|0|2,One Pan Vegan Sushi Bake,Layers,3 tbsp vegan mayonnaise or dairy-free Greek yoghurt,3,tbsp,vegan mayonnaise or dairy-free Greek yoghurt,,or-alt|long
865e8283-3c79-402e-a161-caf43e7d1a23|0|3,One Pan Vegan Sushi Bake,Layers,1 tbsp sriracha (adjust to heat preference),1,tbsp,sriracha,adjust to heat preference,
865e8283-3c79-402e-a161-caf43e7d1a23|0|4,One Pan Vegan Sushi Bake,Layers,1 cup (165g) cooked edamame,1,cup,cooked edamame,165g,
865e8283-3c79-402e-a161-caf43e7d1a23|0|5,One Pan Vegan Sushi Bake,Layers,"150g firm tofu, crumbled",150,g,firm tofu,crumbled,
865e8283-3c79-402e-a161-caf43e7d1a23|0|6,One Pan Vegan Sushi Bake,Layers,1 tbsp coconut aminos,1,tbsp,coconut aminos,,
865e8283-3c79-402e-a161-caf43e7d1a23|0|7,One Pan Vegan Sushi Bake,Layers,1 tsp sesame oil,1,tsp,sesame oil,,
865e8283-3c79-402e-a161-caf43e7d1a23|0|8,One Pan Vegan Sushi Bake,Layers,1 tsp garlic powder,1,tsp,garlic powder,,
865e8283-3c79-402e-a161-caf43e7d1a23|0|9,One Pan Vegan Sushi Bake,Layers,½ tsp ground ginger,0.5,tsp,ground ginger,,
865e8283-3c79-402e-a161-caf43e7d1a23|0|10,One Pan Vegan Sushi Bake,Layers,"3 sheets roasted nori, torn or cut into pieces",3,sheet,roasted nori,torn or cut into pieces,or-alt
865e8283-3c79-402e-a161-caf43e7d1a23|1|0,One Pan Vegan Sushi Bake,Toppings,"1 avocado, sliced",1,,avocado,sliced,
865e8283-3c79-402e-a161-caf43e7d1a23|1|1,One Pan Vegan Sushi Bake,Toppings,"1 medium cucumber, thinly sliced",1,,medium cucumber,thinly sliced,
865e8283-3c79-402e-a161-caf43e7d1a23|1|2,One Pan Vegan Sushi Bake,Toppings,"3 scallions, thinly sliced",3,,scallions,thinly sliced,
865e8283-3c79-402e-a161-caf43e7d1a23|1|3,One Pan Vegan Sushi Bake,Toppings,3 tbsp ginger dressing,3,tbsp,ginger dressing,,
865e8283-3c79-402e-a161-caf43e7d1a23|1|4,One Pan Vegan Sushi Bake,Toppings,1 tbsp sesame seeds,1,tbsp,sesame seeds,,
865e8283-3c79-402e-a161-caf43e7d1a23|1|5,One Pan Vegan Sushi Bake,Toppings,"Sriracha, to drizzle",,,Sriracha,to drizzle,no-qty
dbc87d21-3138-40bf-9e79-7b127d5b00e4|0|0,Pad Kra Pao - Thai Basil Chicken,Basil Chicken,340g (¾ lb) ground chicken,340,g,ground chicken,¾ lb,
dbc87d21-3138-40bf-9e79-7b127d5b00e4|0|1,Pad Kra Pao - Thai Basil Chicken,Basil Chicken,"2 shallots, finely diced",2,,shallots,finely diced,
dbc87d21-3138-40bf-9e79-7b127d5b00e4|0|2,Pad Kra Pao - Thai Basil Chicken,Basil Chicken,2 tbsp minced garlic,2,tbsp,garlic,minced,
dbc87d21-3138-40bf-9e79-7b127d5b00e4|0|3,Pad Kra Pao - Thai Basil Chicken,Basil Chicken,"3 Thai bird's eye chillies, finely diced (reduce for less heat)",3,,Thai bird's eye chillies,finely diced; reduce for less heat,
dbc87d21-3138-40bf-9e79-7b127d5b00e4|0|4,Pad Kra Pao - Thai Basil Chicken,Basil Chicken,1 cup Thai basil leaves,1,cup,Thai basil leaves,,
dbc87d21-3138-40bf-9e79-7b127d5b00e4|0|5,Pad Kra Pao - Thai Basil Chicken,Basil Chicken,Cooking oil spray,,,Cooking oil spray,,no-qty
dbc87d21-3138-40bf-9e79-7b127d5b00e4|1|0,Pad Kra Pao - Thai Basil Chicken,Sauce,1 tbsp fish sauce,1,tbsp,fish sauce,,
dbc87d21-3138-40bf-9e79-7b127d5b00e4|1|1,Pad Kra Pao - Thai Basil Chicken,Sauce,1 tbsp soy sauce,1,tbsp,soy sauce,,
dbc87d21-3138-40bf-9e79-7b127d5b00e4|1|2,Pad Kra Pao - Thai Basil Chicken,Sauce,1 tbsp oyster sauce,1,tbsp,oyster sauce,,
dbc87d21-3138-40bf-9e79-7b127d5b00e4|1|3,Pad Kra Pao - Thai Basil Chicken,Sauce,2 tsp sugar,2,tsp,sugar,,
dbc87d21-3138-40bf-9e79-7b127d5b00e4|1|4,Pad Kra Pao - Thai Basil Chicken,Sauce,4 tbsp chicken bone broth,4,tbsp,chicken bone broth,,
dbc87d21-3138-40bf-9e79-7b127d5b00e4|2|0,Pad Kra Pao - Thai Basil Chicken,To Serve,1½ cups cooked rice,1,,½ cups cooked rice,,
dbc87d21-3138-40bf-9e79-7b127d5b00e4|2|1,Pad Kra Pao - Thai Basil Chicken,To Serve,"2 eggs, fried sunny-side up",2,,eggs,fried sunny-side up,
dbc87d21-3138-40bf-9e79-7b127d5b00e4|2|2,Pad Kra Pao - Thai Basil Chicken,To Serve,"1 Persian cucumber, thinly sliced",1,,Persian cucumber,thinly sliced,
59ce8e91-2591-4b88-bdda-38b79202ed43|0|0,Pad See Ew - Thai Stir Fried Noodles,Sauce,"2 tbsp each: dark soy sauce (check GF), oyster sauce (check GF), water",2,tbsp,each: dark soy sauce,"oyster sauce ,  water; check GF; check GF",
59ce8e91-2591-4b88-bdda-38b79202ed43|0|1,Pad See Ew - Thai Stir Fried Noodles,Sauce,"2 tsp each: light soy sauce (check GF), plain white vinegar, sugar (any type)",2,tsp,each: light soy sauce,"plain white vinegar,  sugar; check GF; any type",
59ce8e91-2591-4b88-bdda-38b79202ed43|1|0,Pad See Ew - Thai Stir Fried Noodles,Stir Fry,"200g (7oz) dried wide rice stick noodles, or 450g (15oz) fresh wide flat rice noodles (Sen Yai)",200,g,dried wide rice stick noodles,or 450g fresh wide flat rice noodles; 7oz; 15oz; Sen Yai,or-alt
59ce8e91-2591-4b88-bdda-38b79202ed43|1|1,Pad See Ew - Thai Stir Fried Noodles,Stir Fry,3 tbsp vegetable oil,3,tbsp,vegetable oil,,
59ce8e91-2591-4b88-bdda-38b79202ed43|1|2,Pad See Ew - Thai Stir Fried Noodles,Stir Fry,"2 garlic cloves, very finely chopped",2,,garlic cloves,very finely chopped,
59ce8e91-2591-4b88-bdda-38b79202ed43|1|3,Pad See Ew - Thai Stir Fried Noodles,Stir Fry,"150g (1 cup) chicken thighs, thinly sliced (boneless, skinless — sub breast)",150,g,chicken thighs,"thinly sliced; 1 cup; boneless, skinless — sub breast",
59ce8e91-2591-4b88-bdda-38b79202ed43|1|4,Pad See Ew - Thai Stir Fried Noodles,Stir Fry,1 large egg,1,,large egg,,
59ce8e91-2591-4b88-bdda-38b79202ed43|1|5,Pad See Ew - Thai Stir Fried Noodles,Stir Fry,"4 stems Chinese broccoli (gai lan), stems and leaves separated (sub broccolini)",4,,stems Chinese broccoli,stems and leaves separated; gai lan; sub broccolini,
760342de-0115-436c-8f1f-daa377200ce5|0|0,Pad See Ew with Beef,Beef Marinade,"250g flank steak, thinly sliced",250,g,flank steak,thinly sliced,
760342de-0115-436c-8f1f-daa377200ce5|0|1,Pad See Ew with Beef,Beef Marinade,1 tsp light soy sauce (check GF),1,tsp,light soy sauce,check GF,
760342de-0115-436c-8f1f-daa377200ce5|0|2,Pad See Ew with Beef,Beef Marinade,1 tsp vegetable oil,1,tsp,vegetable oil,,
760342de-0115-436c-8f1f-daa377200ce5|0|3,Pad See Ew with Beef,Beef Marinade,1 tsp cornstarch,1,tsp,cornstarch,,
760342de-0115-436c-8f1f-daa377200ce5|1|0,Pad See Ew with Beef,Stir-Fry Sauce,1 tbsp oyster sauce (check GF),1,tbsp,oyster sauce,check GF,
760342de-0115-436c-8f1f-daa377200ce5|1|1,Pad See Ew with Beef,Stir-Fry Sauce,½ tbsp light soy sauce (check GF),0.5,tbsp,light soy sauce,check GF,
760342de-0115-436c-8f1f-daa377200ce5|1|2,Pad See Ew with Beef,Stir-Fry Sauce,½ tbsp dark soy sauce (check GF),0.5,tbsp,dark soy sauce,check GF,
760342de-0115-436c-8f1f-daa377200ce5|1|3,Pad See Ew with Beef,Stir-Fry Sauce,1 tsp fish sauce,1,tsp,fish sauce,,
760342de-0115-436c-8f1f-daa377200ce5|1|4,Pad See Ew with Beef,Stir-Fry Sauce,2 tsp caster sugar,2,tsp,caster sugar,,
760342de-0115-436c-8f1f-daa377200ce5|1|5,Pad See Ew with Beef,Stir-Fry Sauce,½ tsp ground white pepper,0.5,tsp,ground white pepper,,
760342de-0115-436c-8f1f-daa377200ce5|1|6,Pad See Ew with Beef,Stir-Fry Sauce,2 tbsp water,2,tbsp,water,,
760342de-0115-436c-8f1f-daa377200ce5|2|0,Pad See Ew with Beef,Stir Fry,200g dried wide rice stick noodles (or 400g fresh wide flat rice noodles — Sen Yai),200,g,dried wide rice stick noodles,or 400g fresh wide flat rice noodles — Sen Yai,or-alt
760342de-0115-436c-8f1f-daa377200ce5|2|1,Pad See Ew with Beef,Stir Fry,"Vegetable oil, to cook",,,Vegetable oil,to cook,no-qty
760342de-0115-436c-8f1f-daa377200ce5|2|2,Pad See Ew with Beef,Stir Fry,"3–4 garlic cloves, thinly sliced",3,,garlic cloves,thinly sliced,range
760342de-0115-436c-8f1f-daa377200ce5|2|3,Pad See Ew with Beef,Stir Fry,"3 cups (~200g) Asian greens (Chinese broccoli/gai lan), cut into 5cm pieces",3,cup,Asian greens,cut into 5cm pieces; ~200g; Chinese broccoli/gai lan,
760342de-0115-436c-8f1f-daa377200ce5|2|4,Pad See Ew with Beef,Stir Fry,"2 large eggs, beaten",2,,large eggs,beaten,
760342de-0115-436c-8f1f-daa377200ce5|3|0,Pad See Ew with Beef,To Serve,Homemade chilli oil,,,Homemade chilli oil,,no-qty
83e4a376-c3c9-4041-aa99-618d639c2b6b|0|0,Pad Thai Inspired Saucy Chicken Noodles,sauce,,,,,,NULL_LINE re-enter
83e4a376-c3c9-4041-aa99-618d639c2b6b|0|1,Pad Thai Inspired Saucy Chicken Noodles,sauce,,,,,,NULL_LINE re-enter
83e4a376-c3c9-4041-aa99-618d639c2b6b|0|2,Pad Thai Inspired Saucy Chicken Noodles,sauce,,,,,,NULL_LINE re-enter
83e4a376-c3c9-4041-aa99-618d639c2b6b|0|3,Pad Thai Inspired Saucy Chicken Noodles,sauce,,,,,,NULL_LINE re-enter
83e4a376-c3c9-4041-aa99-618d639c2b6b|0|4,Pad Thai Inspired Saucy Chicken Noodles,sauce,,,,,,NULL_LINE re-enter
83e4a376-c3c9-4041-aa99-618d639c2b6b|0|5,Pad Thai Inspired Saucy Chicken Noodles,sauce,,,,,,NULL_LINE re-enter
83e4a376-c3c9-4041-aa99-618d639c2b6b|0|6,Pad Thai Inspired Saucy Chicken Noodles,sauce,,,,,,NULL_LINE re-enter
83e4a376-c3c9-4041-aa99-618d639c2b6b|1|0,Pad Thai Inspired Saucy Chicken Noodles,garnish,,,,,,NULL_LINE re-enter
83e4a376-c3c9-4041-aa99-618d639c2b6b|1|1,Pad Thai Inspired Saucy Chicken Noodles,garnish,,,,,,NULL_LINE re-enter
83e4a376-c3c9-4041-aa99-618d639c2b6b|2|0,Pad Thai Inspired Saucy Chicken Noodles,pad thai,,,,,,NULL_LINE re-enter
83e4a376-c3c9-4041-aa99-618d639c2b6b|2|1,Pad Thai Inspired Saucy Chicken Noodles,pad thai,,,,,,NULL_LINE re-enter
83e4a376-c3c9-4041-aa99-618d639c2b6b|2|2,Pad Thai Inspired Saucy Chicken Noodles,pad thai,,,,,,NULL_LINE re-enter
83e4a376-c3c9-4041-aa99-618d639c2b6b|2|3,Pad Thai Inspired Saucy Chicken Noodles,pad thai,,,,,,NULL_LINE re-enter
83e4a376-c3c9-4041-aa99-618d639c2b6b|2|4,Pad Thai Inspired Saucy Chicken Noodles,pad thai,,,,,,NULL_LINE re-enter
83e4a376-c3c9-4041-aa99-618d639c2b6b|2|5,Pad Thai Inspired Saucy Chicken Noodles,pad thai,,,,,,NULL_LINE re-enter
83e4a376-c3c9-4041-aa99-618d639c2b6b|2|6,Pad Thai Inspired Saucy Chicken Noodles,pad thai,,,,,,NULL_LINE re-enter
83e4a376-c3c9-4041-aa99-618d639c2b6b|2|7,Pad Thai Inspired Saucy Chicken Noodles,pad thai,,,,,,NULL_LINE re-enter
83e4a376-c3c9-4041-aa99-618d639c2b6b|2|8,Pad Thai Inspired Saucy Chicken Noodles,pad thai,,,,,,NULL_LINE re-enter
83e4a376-c3c9-4041-aa99-618d639c2b6b|2|9,Pad Thai Inspired Saucy Chicken Noodles,pad thai,,,,,,NULL_LINE re-enter
83e4a376-c3c9-4041-aa99-618d639c2b6b|2|10,Pad Thai Inspired Saucy Chicken Noodles,pad thai,,,,,,NULL_LINE re-enter
83e4a376-c3c9-4041-aa99-618d639c2b6b|2|11,Pad Thai Inspired Saucy Chicken Noodles,pad thai,,,,,,NULL_LINE re-enter
83e4a376-c3c9-4041-aa99-618d639c2b6b|2|12,Pad Thai Inspired Saucy Chicken Noodles,pad thai,,,,,,NULL_LINE re-enter
10f16d90-c115-4f86-80ae-38bb11323f29|0|0,Pad Thai with Chicken and Prawns,Noodles,250g dried rice noodles,250,g,dried rice noodles,,
10f16d90-c115-4f86-80ae-38bb11323f29|0|1,Pad Thai with Chicken and Prawns,Noodles,"Thai chilli powder, to serve",,,Thai chilli powder,to serve,vague|no-qty
10f16d90-c115-4f86-80ae-38bb11323f29|0|2,Pad Thai with Chicken and Prawns,Noodles,"Lime wedges, to serve",,,Lime wedges,to serve,vague|no-qty
10f16d90-c115-4f86-80ae-38bb11323f29|1|0,Pad Thai with Chicken and Prawns,Pad Thai Sauce,2½ tbsp tamarind purée,2,,½ tbsp tamarind purée,,
10f16d90-c115-4f86-80ae-38bb11323f29|1|1,Pad Thai with Chicken and Prawns,Pad Thai Sauce,3½ tbsp brown sugar,3,,½ tbsp brown sugar,,
10f16d90-c115-4f86-80ae-38bb11323f29|1|2,Pad Thai with Chicken and Prawns,Pad Thai Sauce,3 tbsp fish sauce,3,tbsp,fish sauce,,
10f16d90-c115-4f86-80ae-38bb11323f29|1|3,Pad Thai with Chicken and Prawns,Pad Thai Sauce,2 tbsp oyster sauce (check GF),2,tbsp,oyster sauce,check GF,
10f16d90-c115-4f86-80ae-38bb11323f29|2|0,Pad Thai with Chicken and Prawns,Stir Fry,3 tbsp neutral oil,3,tbsp,neutral oil,,
10f16d90-c115-4f86-80ae-38bb11323f29|2|1,Pad Thai with Chicken and Prawns,Stir Fry,"3–4 garlic cloves, finely chopped",3,,garlic cloves,finely chopped,range
10f16d90-c115-4f86-80ae-38bb11323f29|2|2,Pad Thai with Chicken and Prawns,Stir Fry,"1 small onion, sliced",1,,small onion,sliced,
10f16d90-c115-4f86-80ae-38bb11323f29|2|3,Pad Thai with Chicken and Prawns,Stir Fry,"200g chicken thigh, thinly sliced",200,g,chicken thigh,thinly sliced,
10f16d90-c115-4f86-80ae-38bb11323f29|2|4,Pad Thai with Chicken and Prawns,Stir Fry,"150g prawn tails, peeled and deveined",150,g,prawn tails,peeled and deveined,
10f16d90-c115-4f86-80ae-38bb11323f29|2|5,Pad Thai with Chicken and Prawns,Stir Fry,"3 spring onions, cut into 3cm pieces (whites and greens separated)",3,,spring onions,cut into 3cm pieces; whites and greens separated,
10f16d90-c115-4f86-80ae-38bb11323f29|2|6,Pad Thai with Chicken and Prawns,Stir Fry,"2 large eggs, lightly whisked",2,,large eggs,lightly whisked,
10f16d90-c115-4f86-80ae-38bb11323f29|2|7,Pad Thai with Chicken and Prawns,Stir Fry,1½ cups bean sprouts,1,,½ cups bean sprouts,,
10f16d90-c115-4f86-80ae-38bb11323f29|2|8,Pad Thai with Chicken and Prawns,Stir Fry,"½ cup firm tofu, sliced into strips",0.5,cup,firm tofu,sliced into strips,
10f16d90-c115-4f86-80ae-38bb11323f29|2|9,Pad Thai with Chicken and Prawns,Stir Fry,⅓ cup finely chopped peanuts,0.333,cup,peanuts,finely chopped,
562ebe50-ee42-49dd-aa28-439082551cdd|0|0,Pad Thai with Prawns,Sauce,1 tbsp oyster sauce,1,tbsp,oyster sauce,,
562ebe50-ee42-49dd-aa28-439082551cdd|0|1,Pad Thai with Prawns,Sauce,2 tbsp fish sauce,2,tbsp,fish sauce,,
562ebe50-ee42-49dd-aa28-439082551cdd|0|2,Pad Thai with Prawns,Sauce,1 tbsp soy sauce,1,tbsp,soy sauce,,
562ebe50-ee42-49dd-aa28-439082551cdd|0|3,Pad Thai with Prawns,Sauce,2 tsp sriracha,2,tsp,sriracha,,
562ebe50-ee42-49dd-aa28-439082551cdd|0|4,Pad Thai with Prawns,Sauce,Juice of ½ lime,,,Juice of ½ lime,,no-qty
562ebe50-ee42-49dd-aa28-439082551cdd|0|5,Pad Thai with Prawns,Sauce,1 small tbsp tamarind paste,1,,small tbsp tamarind paste,,
562ebe50-ee42-49dd-aa28-439082551cdd|0|6,Pad Thai with Prawns,Sauce,1 tbsp brown sugar or equivalent sweetener (e.g. erythritol),1,tbsp,brown sugar or equivalent sweetener,e.g. erythritol,or-alt|long
562ebe50-ee42-49dd-aa28-439082551cdd|0|7,Pad Thai with Prawns,Sauce,1 tsp peanut butter,1,tsp,peanut butter,,
562ebe50-ee42-49dd-aa28-439082551cdd|0|8,Pad Thai with Prawns,Sauce,1 tbsp water,1,tbsp,water,,
562ebe50-ee42-49dd-aa28-439082551cdd|1|0,Pad Thai with Prawns,Main,120g rice noodles,120,g,rice noodles,,
562ebe50-ee42-49dd-aa28-439082551cdd|1|1,Pad Thai with Prawns,Main,"1 red pepper, cut into thin slices",1,,red pepper,cut into thin slices,
562ebe50-ee42-49dd-aa28-439082551cdd|1|2,Pad Thai with Prawns,Main,"150g tender stem broccoli, cut in ½",150,g,tender stem broccoli,cut in ½,
562ebe50-ee42-49dd-aa28-439082551cdd|1|3,Pad Thai with Prawns,Main,1 garlic clove,1,,garlic clove,,
562ebe50-ee42-49dd-aa28-439082551cdd|1|4,Pad Thai with Prawns,Main,2 spring onions,2,,spring onions,,
562ebe50-ee42-49dd-aa28-439082551cdd|1|5,Pad Thai with Prawns,Main,"1 carrot, julienned",1,,carrot,julienned,
562ebe50-ee42-49dd-aa28-439082551cdd|1|6,Pad Thai with Prawns,Main,1 large egg,1,,large egg,,
562ebe50-ee42-49dd-aa28-439082551cdd|1|7,Pad Thai with Prawns,Main,2 tsp toasted sesame oil,2,tsp,sesame oil,toasted,
562ebe50-ee42-49dd-aa28-439082551cdd|1|8,Pad Thai with Prawns,Main,160g prawns (protein of choice),160,g,prawns,protein of choice,
562ebe50-ee42-49dd-aa28-439082551cdd|1|9,Pad Thai with Prawns,Main,1 lime and roasted peanuts to serve,1,,lime and roasted peanuts,to serve,vague
f1e987eb-07f9-4400-8324-b52ad22d8233|0|0,Peach and Nectarine Overnight Oats,Oats,½ a peach or nectarine,0.5,,a peach or nectarine,,or-alt
f1e987eb-07f9-4400-8324-b52ad22d8233|0|1,Peach and Nectarine Overnight Oats,Oats,200ml non-dairy milk,200,ml,non-dairy milk,,
f1e987eb-07f9-4400-8324-b52ad22d8233|0|2,Peach and Nectarine Overnight Oats,Oats,60g oats,60,g,oats,,
f1e987eb-07f9-4400-8324-b52ad22d8233|0|3,Peach and Nectarine Overnight Oats,Oats,1 tbsp chia seeds,1,tbsp,chia seeds,,
f1e987eb-07f9-4400-8324-b52ad22d8233|1|0,Peach and Nectarine Overnight Oats,Suggested Toppings,Vanilla yoghurt (use dairy-free),,,Vanilla yoghurt,use dairy-free,no-qty
f1e987eb-07f9-4400-8324-b52ad22d8233|1|1,Peach and Nectarine Overnight Oats,Suggested Toppings,Peach or nectarine slices,,,Peach or nectarine slices,,or-alt|no-qty
f1e987eb-07f9-4400-8324-b52ad22d8233|1|2,Peach and Nectarine Overnight Oats,Suggested Toppings,Granola (check GF),,,Granola,check GF,no-qty
f1e987eb-07f9-4400-8324-b52ad22d8233|1|3,Peach and Nectarine Overnight Oats,Suggested Toppings,Almond butter,,,Almond butter,,no-qty
1b942de0-4e1d-4046-9f67-99e1e455f921|0|0,Peaches and Cream Chia Pudding,Pudding,1 peach,1,,peach,,
1b942de0-4e1d-4046-9f67-99e1e455f921|0|1,Peaches and Cream Chia Pudding,Pudding,1 cup milk of choice,1,cup,milk of choice,,
1b942de0-4e1d-4046-9f67-99e1e455f921|0|2,Peaches and Cream Chia Pudding,Pudding,1 tbsp maple syrup,1,tbsp,maple syrup,,
1b942de0-4e1d-4046-9f67-99e1e455f921|0|3,Peaches and Cream Chia Pudding,Pudding,½ tsp vanilla extract,0.5,tsp,vanilla extract,,
1b942de0-4e1d-4046-9f67-99e1e455f921|0|4,Peaches and Cream Chia Pudding,Pudding,4 tbsp chia seeds,4,tbsp,chia seeds,,
1b942de0-4e1d-4046-9f67-99e1e455f921|1|0,Peaches and Cream Chia Pudding,Toppings,Peach jam,,,Peach jam,,no-qty
1b942de0-4e1d-4046-9f67-99e1e455f921|1|1,Peaches and Cream Chia Pudding,Toppings,Greek yoghurt (sub coconut or soya yoghurt to keep DF),,,Greek yoghurt,sub coconut or soya yoghurt to keep DF,or-alt|no-qty
1b942de0-4e1d-4046-9f67-99e1e455f921|1|2,Peaches and Cream Chia Pudding,Toppings,Chopped peaches,,,peaches,Chopped,no-qty
1b942de0-4e1d-4046-9f67-99e1e455f921|1|3,Peaches and Cream Chia Pudding,Toppings,Coconut flakes,,,Coconut flakes,,no-qty
f2bf6f39-d6d7-40a7-b2d8-9ddf858d1bc4|0|0,Peanut Butter and Jam Breakfast Oat Bars,Base and Crumble,200g rolled oats (not instant),200,g,rolled oats,not instant,
f2bf6f39-d6d7-40a7-b2d8-9ddf858d1bc4|0|1,Peanut Butter and Jam Breakfast Oat Bars,Base and Crumble,1 large banana or 1½ small (sub 100g unsweetened applesauce to keep banana-free),1,,large banana or 1 ½ small,sub 100g unsweetened applesauce to keep banana-free,digit-in-name|or-alt
f2bf6f39-d6d7-40a7-b2d8-9ddf858d1bc4|0|2,Peanut Butter and Jam Breakfast Oat Bars,Base and Crumble,1 tsp vanilla extract,1,tsp,vanilla extract,,
f2bf6f39-d6d7-40a7-b2d8-9ddf858d1bc4|0|3,Peanut Butter and Jam Breakfast Oat Bars,Base and Crumble,2 tbsp brown sugar or powdered sweetener,2,tbsp,brown sugar or powdered sweetener,,or-alt
f2bf6f39-d6d7-40a7-b2d8-9ddf858d1bc4|0|4,Peanut Butter and Jam Breakfast Oat Bars,Base and Crumble,2 heaped tbsp chunky peanut butter,2,,heaped tbsp chunky peanut butter,,
f2bf6f39-d6d7-40a7-b2d8-9ddf858d1bc4|0|5,Peanut Butter and Jam Breakfast Oat Bars,Base and Crumble,1 tsp baking powder,1,tsp,baking powder,,
f2bf6f39-d6d7-40a7-b2d8-9ddf858d1bc4|0|6,Peanut Butter and Jam Breakfast Oat Bars,Base and Crumble,5 tbsp milk of choice,5,tbsp,milk of choice,,
f2bf6f39-d6d7-40a7-b2d8-9ddf858d1bc4|0|7,Peanut Butter and Jam Breakfast Oat Bars,Base and Crumble,Pinch of salt,1,pinch,salt,,
f2bf6f39-d6d7-40a7-b2d8-9ddf858d1bc4|1|0,Peanut Butter and Jam Breakfast Oat Bars,Raspberry Chia Jam,400g frozen raspberries,400,g,frozen raspberries,,
f2bf6f39-d6d7-40a7-b2d8-9ddf858d1bc4|1|1,Peanut Butter and Jam Breakfast Oat Bars,Raspberry Chia Jam,1 heaped tbsp chia seeds,1,,heaped tbsp chia seeds,,
f2bf6f39-d6d7-40a7-b2d8-9ddf858d1bc4|1|2,Peanut Butter and Jam Breakfast Oat Bars,Raspberry Chia Jam,1 tsp vanilla extract,1,tsp,vanilla extract,,
f2bf6f39-d6d7-40a7-b2d8-9ddf858d1bc4|1|3,Peanut Butter and Jam Breakfast Oat Bars,Raspberry Chia Jam,1 tbsp honey or sugar (optional),1,tbsp,honey or sugar,optional,or-alt
ccc66272-46f2-4751-b2a1-802b6bc2996e|0|0,Peanut Butter Banana French Toast,French Toast,2 slices bread (use GF bread to keep GF),2,slice,bread,use GF bread to keep GF,
ccc66272-46f2-4751-b2a1-802b6bc2996e|0|1,Peanut Butter Banana French Toast,French Toast,Peanut butter,,,Peanut butter,,no-qty
ccc66272-46f2-4751-b2a1-802b6bc2996e|0|2,Peanut Butter Banana French Toast,French Toast,Sliced banana (sub sliced strawberries or mango to keep banana-free),,,banana,Sliced; sub sliced strawberries or mango to keep banana-free,or-alt|no-qty
ccc66272-46f2-4751-b2a1-802b6bc2996e|0|3,Peanut Butter Banana French Toast,French Toast,1 egg,1,,egg,,
ccc66272-46f2-4751-b2a1-802b6bc2996e|0|4,Peanut Butter Banana French Toast,French Toast,Oat milk,,,Oat milk,,no-qty
ccc66272-46f2-4751-b2a1-802b6bc2996e|0|5,Peanut Butter Banana French Toast,French Toast,Vanilla,,,Vanilla,,no-qty
ccc66272-46f2-4751-b2a1-802b6bc2996e|0|6,Peanut Butter Banana French Toast,French Toast,Cinnamon,,,Cinnamon,,no-qty
ccc66272-46f2-4751-b2a1-802b6bc2996e|1|0,Peanut Butter Banana French Toast,To Serve,Fresh fruit,,,Fresh fruit,,no-qty
ccc66272-46f2-4751-b2a1-802b6bc2996e|1|1,Peanut Butter Banana French Toast,To Serve,Maple syrup,,,Maple syrup,,no-qty
d4197b97-369b-4e0f-a5ec-555c4ac2d620|0|0,Peanut Butter Chicken Coconut Noodles,Main,200–300g leftover shredded chicken,200,g,leftover shredded chicken,,range
d4197b97-369b-4e0f-a5ec-555c4ac2d620|0|1,Peanut Butter Chicken Coconut Noodles,Main,1 heaped tbsp smooth peanut butter,1,,heaped tbsp smooth peanut butter,,
d4197b97-369b-4e0f-a5ec-555c4ac2d620|0|2,Peanut Butter Chicken Coconut Noodles,Main,150ml coconut cream,150,ml,coconut cream,,
d4197b97-369b-4e0f-a5ec-555c4ac2d620|0|3,Peanut Butter Chicken Coconut Noodles,Main,100ml chicken stock,100,ml,chicken stock,,
d4197b97-369b-4e0f-a5ec-555c4ac2d620|0|4,Peanut Butter Chicken Coconut Noodles,Main,"1 shallot, finely diced",1,,shallot,finely diced,
d4197b97-369b-4e0f-a5ec-555c4ac2d620|0|5,Peanut Butter Chicken Coconut Noodles,Main,"4 garlic cloves, minced",4,,garlic cloves,minced,
d4197b97-369b-4e0f-a5ec-555c4ac2d620|0|6,Peanut Butter Chicken Coconut Noodles,Main,"3 inch piece fresh ginger, minced",3,,inch piece fresh ginger,minced,
d4197b97-369b-4e0f-a5ec-555c4ac2d620|0|7,Peanut Butter Chicken Coconut Noodles,Main,1 tbsp soy sauce (check GF),1,tbsp,soy sauce,check GF,
d4197b97-369b-4e0f-a5ec-555c4ac2d620|0|8,Peanut Butter Chicken Coconut Noodles,Main,1 tsp Chinese five spice,1,tsp,Chinese five spice,,
d4197b97-369b-4e0f-a5ec-555c4ac2d620|0|9,Peanut Butter Chicken Coconut Noodles,Main,½ tsp turmeric,0.5,tsp,turmeric,,
d4197b97-369b-4e0f-a5ec-555c4ac2d620|0|10,Peanut Butter Chicken Coconut Noodles,Main,200g rice noodles,200,g,rice noodles,,
d4197b97-369b-4e0f-a5ec-555c4ac2d620|1|0,Peanut Butter Chicken Coconut Noodles,To Finish,"Cucumber, cut into batons",,,Cucumber,cut into batons,no-qty
d4197b97-369b-4e0f-a5ec-555c4ac2d620|1|1,Peanut Butter Chicken Coconut Noodles,To Finish,"Spring onion, sliced",,,Spring onion,sliced,no-qty
d4197b97-369b-4e0f-a5ec-555c4ac2d620|1|2,Peanut Butter Chicken Coconut Noodles,To Finish,"Chilli oil, to drizzle",,,Chilli oil,to drizzle,no-qty
43d552fd-4561-42bc-b9d5-07d70dd14912|0|0,Peanut Butter Chicken Katsu Noodles,Peanut Katsu Sauce,"1 carrot (~100g), cut into small pieces",1,,carrot,cut into small pieces; ~100g,
43d552fd-4561-42bc-b9d5-07d70dd14912|0|1,Peanut Butter Chicken Katsu Noodles,Peanut Katsu Sauce,"2 onions, cut into small pieces",2,,onions,cut into small pieces,
43d552fd-4561-42bc-b9d5-07d70dd14912|0|2,Peanut Butter Chicken Katsu Noodles,Peanut Katsu Sauce,5 garlic cloves,5,,garlic cloves,,
43d552fd-4561-42bc-b9d5-07d70dd14912|0|3,Peanut Butter Chicken Katsu Noodles,Peanut Katsu Sauce,3 inch piece fresh ginger,3,,inch piece fresh ginger,,
43d552fd-4561-42bc-b9d5-07d70dd14912|0|4,Peanut Butter Chicken Katsu Noodles,Peanut Katsu Sauce,1 heaped tsp curry powder,1,,heaped tsp curry powder,,
43d552fd-4561-42bc-b9d5-07d70dd14912|0|5,Peanut Butter Chicken Katsu Noodles,Peanut Katsu Sauce,1 tbsp soy sauce (check GF),1,tbsp,soy sauce,check GF,
43d552fd-4561-42bc-b9d5-07d70dd14912|0|6,Peanut Butter Chicken Katsu Noodles,Peanut Katsu Sauce,½ tsp turmeric,0.5,tsp,turmeric,,
43d552fd-4561-42bc-b9d5-07d70dd14912|0|7,Peanut Butter Chicken Katsu Noodles,Peanut Katsu Sauce,2 tbsp smooth peanut butter,2,tbsp,smooth peanut butter,,
43d552fd-4561-42bc-b9d5-07d70dd14912|0|8,Peanut Butter Chicken Katsu Noodles,Peanut Katsu Sauce,500ml vegetable stock,500,ml,vegetable stock,,
43d552fd-4561-42bc-b9d5-07d70dd14912|1|0,Peanut Butter Chicken Katsu Noodles,To Serve,Rice of choice,,,Rice of choice,,no-qty
43d552fd-4561-42bc-b9d5-07d70dd14912|1|1,Peanut Butter Chicken Katsu Noodles,To Serve,"Chicken breast or thighs, cooked",,,Chicken breast or thighs,cooked,or-alt|no-qty
43d552fd-4561-42bc-b9d5-07d70dd14912|1|2,Peanut Butter Chicken Katsu Noodles,To Serve,Side salad,,,Side salad,,no-qty
d0f0d16f-5d01-4cd2-aac5-7c2f47f699c2|0|0,Peanut Butter Cup Overnight Oats,Main,"50g oats, blended",50,g,oats,blended,
d0f0d16f-5d01-4cd2-aac5-7c2f47f699c2|0|1,Peanut Butter Cup Overnight Oats,Main,1 scoop vegan chocolate hazelnut protein powder,1,scoop,vegan chocolate hazelnut protein powder,,long
d0f0d16f-5d01-4cd2-aac5-7c2f47f699c2|0|2,Peanut Butter Cup Overnight Oats,Main,2 tbsp sugar-free maple syrup,2,tbsp,sugar-free maple syrup,,
d0f0d16f-5d01-4cd2-aac5-7c2f47f699c2|0|3,Peanut Butter Cup Overnight Oats,Main,Approx. 100ml almond milk (enough for cake batter consistency),100,ml,almond milk,enough for cake batter consistency,
d0f0d16f-5d01-4cd2-aac5-7c2f47f699c2|0|4,Peanut Butter Cup Overnight Oats,Main,Optional: 1 tbsp peanut butter (pressed into centre),1,tbsp,peanut butter,pressed into centre,
d0f0d16f-5d01-4cd2-aac5-7c2f47f699c2|1|0,Peanut Butter Cup Overnight Oats,Topping,1 peanut butter cup (e.g. Gatao & Co or similar),1,,peanut butter cup,e.g. Gatao & Co or similar,or-alt
4baff14f-f055-4f9e-b42d-e94250a85288|0|0,Peanut Butter Protein Balls,Dry,2 cups oats,2,cup,oats,,
4baff14f-f055-4f9e-b42d-e94250a85288|0|1,Peanut Butter Protein Balls,Dry,1/4 cup roasted peanuts,0.25,cup,roasted peanuts,,
4baff14f-f055-4f9e-b42d-e94250a85288|0|2,Peanut Butter Protein Balls,Dry,2 scoops vanilla protein powder,2,scoop,vanilla protein powder,,
4baff14f-f055-4f9e-b42d-e94250a85288|0|3,Peanut Butter Protein Balls,Dry,Pinch salt,1,pinch,salt,,
4baff14f-f055-4f9e-b42d-e94250a85288|0|4,Peanut Butter Protein Balls,Dry,Pinch cinnamon,1,pinch,cinnamon,,
4baff14f-f055-4f9e-b42d-e94250a85288|1|0,Peanut Butter Protein Balls,Wet,1/2 cup peanut butter,0.5,cup,peanut butter,,
4baff14f-f055-4f9e-b42d-e94250a85288|1|1,Peanut Butter Protein Balls,Wet,3 tbsp coconut oil,3,tbsp,coconut oil,,
4baff14f-f055-4f9e-b42d-e94250a85288|1|2,Peanut Butter Protein Balls,Wet,3-4 tbsp maple syrup,3,tbsp,maple syrup,,range
4baff14f-f055-4f9e-b42d-e94250a85288|1|3,Peanut Butter Protein Balls,Wet,"A handful (about 6) medjool dates, soaked in hot water",1,handful,medjool dates,soaked in hot water; about 6,
4baff14f-f055-4f9e-b42d-e94250a85288|2|0,Peanut Butter Protein Balls,Topping,Melted dark chocolate,,,dark chocolate,Melted,no-qty
4baff14f-f055-4f9e-b42d-e94250a85288|2|1,Peanut Butter Protein Balls,Topping,Cacao nibs,,,Cacao nibs,,no-qty
4baff14f-f055-4f9e-b42d-e94250a85288|2|2,Peanut Butter Protein Balls,Topping,Pinch sea salt,1,pinch,sea salt,,
f9dd0eea-31e2-49b7-829d-9de12baf0e97|0|0,Peanut Noodle Stir Fry,Peanut Sauce,1/2 cup peanut butter,0.5,cup,peanut butter,,
f9dd0eea-31e2-49b7-829d-9de12baf0e97|0|1,Peanut Noodle Stir Fry,Peanut Sauce,3 tbsp tamari,3,tbsp,tamari,,
f9dd0eea-31e2-49b7-829d-9de12baf0e97|0|2,Peanut Noodle Stir Fry,Peanut Sauce,2 tbsp lime juice,2,tbsp,lime juice,,
f9dd0eea-31e2-49b7-829d-9de12baf0e97|0|3,Peanut Noodle Stir Fry,Peanut Sauce,1 tbsp rice malt syrup,1,tbsp,rice malt syrup,,
f9dd0eea-31e2-49b7-829d-9de12baf0e97|0|4,Peanut Noodle Stir Fry,Peanut Sauce,2 tsp curry powder,2,tsp,curry powder,,
f9dd0eea-31e2-49b7-829d-9de12baf0e97|0|5,Peanut Noodle Stir Fry,Peanut Sauce,1/2 tsp garlic powder,0.5,tsp,garlic powder,,
f9dd0eea-31e2-49b7-829d-9de12baf0e97|0|6,Peanut Noodle Stir Fry,Peanut Sauce,1/2 tsp chilli powder,0.5,tsp,chilli powder,,
f9dd0eea-31e2-49b7-829d-9de12baf0e97|0|7,Peanut Noodle Stir Fry,Peanut Sauce,Pinch of pepper,1,pinch,pepper,,
f9dd0eea-31e2-49b7-829d-9de12baf0e97|0|8,Peanut Noodle Stir Fry,Peanut Sauce,3-4 tbsp water (to thin),3,tbsp,water,to thin,range
f9dd0eea-31e2-49b7-829d-9de12baf0e97|1|0,Peanut Noodle Stir Fry,Stir Fry,"2 heads bok choy, chopped",2,head,bok choy,chopped,
f9dd0eea-31e2-49b7-829d-9de12baf0e97|1|1,Peanut Noodle Stir Fry,Stir Fry,"1 zucchini, diced",1,,zucchini,diced,
f9dd0eea-31e2-49b7-829d-9de12baf0e97|1|2,Peanut Noodle Stir Fry,Stir Fry,"1 bunch broccolini, sliced",1,bunch,broccolini,sliced,
f9dd0eea-31e2-49b7-829d-9de12baf0e97|1|3,Peanut Noodle Stir Fry,Stir Fry,"1 green capsicum, sliced",1,,green capsicum,sliced,
f9dd0eea-31e2-49b7-829d-9de12baf0e97|1|4,Peanut Noodle Stir Fry,Stir Fry,1 cup frozen peas,1,cup,frozen peas,,
f9dd0eea-31e2-49b7-829d-9de12baf0e97|1|5,Peanut Noodle Stir Fry,Stir Fry,"450g firm tofu, crumbled",450,g,firm tofu,crumbled,
f9dd0eea-31e2-49b7-829d-9de12baf0e97|1|6,Peanut Noodle Stir Fry,Stir Fry,1 tbsp water,1,tbsp,water,,
f9dd0eea-31e2-49b7-829d-9de12baf0e97|1|7,Peanut Noodle Stir Fry,Stir Fry,"200g vermicelli rice noodles, cooked and drained",200,g,vermicelli rice noodles,cooked and drained,
f9dd0eea-31e2-49b7-829d-9de12baf0e97|2|0,Peanut Noodle Stir Fry,Garnish,Sesame seeds,,,Sesame seeds,,no-qty
f9dd0eea-31e2-49b7-829d-9de12baf0e97|2|1,Peanut Noodle Stir Fry,Garnish,Coriander,,,Coriander,,no-qty
1f2fb1c7-a20a-4579-ae09-d9b845765595|0|0,Peanut Tofu Salad Jars,Tofu,1 x 16oz block extra firm tofu,1,,x 16oz block extra firm tofu,,digit-in-name
1f2fb1c7-a20a-4579-ae09-d9b845765595|0|1,Peanut Tofu Salad Jars,Tofu,2 tbsp coconut aminos,2,tbsp,coconut aminos,,
1f2fb1c7-a20a-4579-ae09-d9b845765595|0|2,Peanut Tofu Salad Jars,Tofu,1 tbsp soy sauce,1,tbsp,soy sauce,,
1f2fb1c7-a20a-4579-ae09-d9b845765595|0|3,Peanut Tofu Salad Jars,Tofu,1 tsp garlic powder,1,tsp,garlic powder,,
1f2fb1c7-a20a-4579-ae09-d9b845765595|0|4,Peanut Tofu Salad Jars,Tofu,1 tsp onion powder,1,tsp,onion powder,,
1f2fb1c7-a20a-4579-ae09-d9b845765595|1|0,Peanut Tofu Salad Jars,Salad,Cooked quinoa (frozen microwave quinoa works well),,,Cooked quinoa,frozen microwave quinoa works well,no-qty
1f2fb1c7-a20a-4579-ae09-d9b845765595|1|1,Peanut Tofu Salad Jars,Salad,1 cucumber,1,,cucumber,,
1f2fb1c7-a20a-4579-ae09-d9b845765595|1|2,Peanut Tofu Salad Jars,Salad,Shredded carrots,,,carrots,Shredded,no-qty
1f2fb1c7-a20a-4579-ae09-d9b845765595|1|3,Peanut Tofu Salad Jars,Salad,Shredded purple cabbage,,,purple cabbage,Shredded,no-qty
1f2fb1c7-a20a-4579-ae09-d9b845765595|1|4,Peanut Tofu Salad Jars,Salad,3 green onions,3,,green onions,,
1f2fb1c7-a20a-4579-ae09-d9b845765595|1|5,Peanut Tofu Salad Jars,Salad,1¼ cups edamame (frozen works well),1,,¼ cups edamame,frozen works well,
1f2fb1c7-a20a-4579-ae09-d9b845765595|2|0,Peanut Tofu Salad Jars,Peanut Dressing,1/3 cup powdered peanut butter,0.333,cup,powdered peanut butter,,
1f2fb1c7-a20a-4579-ae09-d9b845765595|2|1,Peanut Tofu Salad Jars,Peanut Dressing,3 tbsp coconut aminos,3,tbsp,coconut aminos,,
1f2fb1c7-a20a-4579-ae09-d9b845765595|2|2,Peanut Tofu Salad Jars,Peanut Dressing,2 tsp lime juice,2,tsp,lime juice,,
1f2fb1c7-a20a-4579-ae09-d9b845765595|2|3,Peanut Tofu Salad Jars,Peanut Dressing,1 tbsp maple syrup,1,tbsp,maple syrup,,
1f2fb1c7-a20a-4579-ae09-d9b845765595|2|4,Peanut Tofu Salad Jars,Peanut Dressing,2 tsp sriracha,2,tsp,sriracha,,
1f2fb1c7-a20a-4579-ae09-d9b845765595|2|5,Peanut Tofu Salad Jars,Peanut Dressing,1 tsp garlic powder,1,tsp,garlic powder,,
1f2fb1c7-a20a-4579-ae09-d9b845765595|2|6,Peanut Tofu Salad Jars,Peanut Dressing,1/2 tsp onion powder,0.5,tsp,onion powder,,
1f2fb1c7-a20a-4579-ae09-d9b845765595|2|7,Peanut Tofu Salad Jars,Peanut Dressing,3 tbsp warm water (add more 1 tbsp at a time if too thick),3,tbsp,warm water,add more 1 tbsp at a time if too thick,
fab8d7d6-0d2f-4f93-960c-6ff7aa348ec4|0|0,Peanutty Chicken Salad,Peanut Dressing,1 tbsp soy sauce (check GF),1,tbsp,soy sauce,check GF,
fab8d7d6-0d2f-4f93-960c-6ff7aa348ec4|0|1,Peanutty Chicken Salad,Peanut Dressing,1 tsp garlic and ginger paste,1,tsp,garlic and ginger paste,,
fab8d7d6-0d2f-4f93-960c-6ff7aa348ec4|0|2,Peanutty Chicken Salad,Peanut Dressing,1 tsp sriracha,1,tsp,sriracha,,
fab8d7d6-0d2f-4f93-960c-6ff7aa348ec4|0|3,Peanutty Chicken Salad,Peanut Dressing,15g smooth peanut butter,15,g,smooth peanut butter,,
fab8d7d6-0d2f-4f93-960c-6ff7aa348ec4|0|4,Peanutty Chicken Salad,Peanut Dressing,Juice of ½ large lime (or 1 small),,,Juice of ½ large lime,or 1 small,or-alt|no-qty
fab8d7d6-0d2f-4f93-960c-6ff7aa348ec4|1|0,Peanutty Chicken Salad,Salad,"1 small carrot (~70g), julienned",1,,small carrot,julienned; ~70g,
fab8d7d6-0d2f-4f93-960c-6ff7aa348ec4|1|1,Peanutty Chicken Salad,Salad,"~10cm cucumber, cored and finely sliced",,,~10cm cucumber,cored and finely sliced,digit-in-name|no-qty
fab8d7d6-0d2f-4f93-960c-6ff7aa348ec4|1|2,Peanutty Chicken Salad,Salad,Handful fresh mint leaves,1,handful,fresh mint leaves,,
fab8d7d6-0d2f-4f93-960c-6ff7aa348ec4|1|3,Peanutty Chicken Salad,Salad,Handful fresh coriander leaves,1,handful,fresh coriander leaves,,
fab8d7d6-0d2f-4f93-960c-6ff7aa348ec4|1|4,Peanutty Chicken Salad,Salad,"75g frozen edamame, thawed",75,g,frozen edamame,thawed,
fab8d7d6-0d2f-4f93-960c-6ff7aa348ec4|1|5,Peanutty Chicken Salad,Salad,"½ red chilli, sliced",0.5,,red chilli,sliced,
fab8d7d6-0d2f-4f93-960c-6ff7aa348ec4|1|6,Peanutty Chicken Salad,Salad,"1 cooked chicken breast (~150g), shredded",1,,cooked chicken breast,shredded; ~150g,
fab8d7d6-0d2f-4f93-960c-6ff7aa348ec4|1|7,Peanutty Chicken Salad,Salad,"~8g toasted peanuts, roughly chopped",,,~8g toasted peanuts,roughly chopped,digit-in-name|no-qty
fab8d7d6-0d2f-4f93-960c-6ff7aa348ec4|1|8,Peanutty Chicken Salad,Salad,1 tsp sesame seeds,1,tsp,sesame seeds,,
8990b52a-c5d1-4c76-b61e-a367b11a25fc|0|0,Pho Gà - Vietnamese Chicken Pho,Charred Aromatics,1 tbsp vegetable or neutral oil,1,tbsp,vegetable or neutral oil,,or-alt
8990b52a-c5d1-4c76-b61e-a367b11a25fc|0|1,Pho Gà - Vietnamese Chicken Pho,Charred Aromatics,"2 onions, halved",2,,onions,halved,
8990b52a-c5d1-4c76-b61e-a367b11a25fc|0|2,Pho Gà - Vietnamese Chicken Pho,Charred Aromatics,"5cm (2in) piece fresh ginger, sliced 0.75cm thick (unpeeled)",5,,cm piece fresh ginger,sliced 0.75cm thick; 2in; unpeeled,
8990b52a-c5d1-4c76-b61e-a367b11a25fc|1|0,Pho Gà - Vietnamese Chicken Pho,Pho Broth,2 litres (2 quarts) water,2,l,water,2 quarts,
8990b52a-c5d1-4c76-b61e-a367b11a25fc|1|1,Pho Gà - Vietnamese Chicken Pho,Pho Broth,"1.5kg (3 lb) bone-in, skin-on chicken thighs",1.5,kg,bone-in,skin-on chicken thighs; 3 lb,
8990b52a-c5d1-4c76-b61e-a367b11a25fc|1|2,Pho Gà - Vietnamese Chicken Pho,Pho Broth,"1 small bunch fresh coriander, stems and leaves",1,,small bunch fresh coriander,stems and leaves,
8990b52a-c5d1-4c76-b61e-a367b11a25fc|1|3,Pho Gà - Vietnamese Chicken Pho,Pho Broth,5 star anise pods,5,,star anise pods,,
8990b52a-c5d1-4c76-b61e-a367b11a25fc|1|4,Pho Gà - Vietnamese Chicken Pho,Pho Broth,1 cinnamon stick,1,,cinnamon stick,,
8990b52a-c5d1-4c76-b61e-a367b11a25fc|1|5,Pho Gà - Vietnamese Chicken Pho,Pho Broth,4 cloves,4,clove,,,
8990b52a-c5d1-4c76-b61e-a367b11a25fc|1|6,Pho Gà - Vietnamese Chicken Pho,Pho Broth,2 tsp fennel seeds,2,tsp,fennel seeds,,
8990b52a-c5d1-4c76-b61e-a367b11a25fc|1|7,Pho Gà - Vietnamese Chicken Pho,Pho Broth,2 tsp coriander seeds,2,tsp,coriander seeds,,
8990b52a-c5d1-4c76-b61e-a367b11a25fc|1|8,Pho Gà - Vietnamese Chicken Pho,Pho Broth,8 tsp fish sauce,8,tsp,fish sauce,,
8990b52a-c5d1-4c76-b61e-a367b11a25fc|1|9,Pho Gà - Vietnamese Chicken Pho,Pho Broth,6 tsp white sugar,6,tsp,white sugar,,
8990b52a-c5d1-4c76-b61e-a367b11a25fc|1|10,Pho Gà - Vietnamese Chicken Pho,Pho Broth,"¾ tsp cooking salt (or ½ tsp fine salt), added at end",0.75,tsp,cooking salt,added at end; or ½ tsp fine salt,or-alt
8990b52a-c5d1-4c76-b61e-a367b11a25fc|2|0,Pho Gà - Vietnamese Chicken Pho,Noodle Bowls,360g (13oz) dried thin flat rice noodles (or 600g fresh),360,g,dried thin flat rice noodles,13oz; or 600g fresh,or-alt
8990b52a-c5d1-4c76-b61e-a367b11a25fc|2|1,Pho Gà - Vietnamese Chicken Pho,Noodle Bowls,"2 spring onion stems, finely sliced",2,,spring onion stems,finely sliced,
8990b52a-c5d1-4c76-b61e-a367b11a25fc|3|0,Pho Gà - Vietnamese Chicken Pho,Toppings,3 cups bean sprouts,3,cup,bean sprouts,,
8990b52a-c5d1-4c76-b61e-a367b11a25fc|3|1,Pho Gà - Vietnamese Chicken Pho,Toppings,Thai basil,,,Thai basil,,no-qty
8990b52a-c5d1-4c76-b61e-a367b11a25fc|3|2,Pho Gà - Vietnamese Chicken Pho,Toppings,Fresh mint,,,Fresh mint,,no-qty
8990b52a-c5d1-4c76-b61e-a367b11a25fc|3|3,Pho Gà - Vietnamese Chicken Pho,Toppings,Fresh coriander,,,Fresh coriander,,no-qty
8990b52a-c5d1-4c76-b61e-a367b11a25fc|3|4,Pho Gà - Vietnamese Chicken Pho,Toppings,"2 limes, cut into wedges",2,,limes,cut into wedges,
8990b52a-c5d1-4c76-b61e-a367b11a25fc|3|5,Pho Gà - Vietnamese Chicken Pho,Toppings,Hoisin sauce (check GF),,,Hoisin sauce,check GF,no-qty
8990b52a-c5d1-4c76-b61e-a367b11a25fc|3|6,Pho Gà - Vietnamese Chicken Pho,Toppings,Sriracha,,,Sriracha,,no-qty
8990b52a-c5d1-4c76-b61e-a367b11a25fc|3|7,Pho Gà - Vietnamese Chicken Pho,Toppings,"Red chillies, finely sliced (optional)",,,Red chillies,finely sliced; optional,no-qty
0195b252-ec38-4b8d-933e-82a3c81169d9|0|0,Phò Inspired Chicken Broth and Rice,Broth,6 star anise,6,,star anise,,
0195b252-ec38-4b8d-933e-82a3c81169d9|0|1,Phò Inspired Chicken Broth and Rice,Broth,5 cardamom pods,5,,cardamom pods,,
0195b252-ec38-4b8d-933e-82a3c81169d9|0|2,Phò Inspired Chicken Broth and Rice,Broth,1 tsp coriander seeds,1,tsp,coriander seeds,,
0195b252-ec38-4b8d-933e-82a3c81169d9|0|3,Phò Inspired Chicken Broth and Rice,Broth,1 tsp cloves,1,tsp,cloves,,
0195b252-ec38-4b8d-933e-82a3c81169d9|0|4,Phò Inspired Chicken Broth and Rice,Broth,1 cinnamon quill,1,,cinnamon quill,,
0195b252-ec38-4b8d-933e-82a3c81169d9|0|5,Phò Inspired Chicken Broth and Rice,Broth,"1 white onion, roughly chopped",1,,white onion,roughly chopped,
0195b252-ec38-4b8d-933e-82a3c81169d9|0|6,Phò Inspired Chicken Broth and Rice,Broth,"1 spring onion, roughly chopped",1,,spring onion,roughly chopped,
0195b252-ec38-4b8d-933e-82a3c81169d9|0|7,Phò Inspired Chicken Broth and Rice,Broth,"3 garlic cloves, roughly chopped",3,,garlic cloves,roughly chopped,
0195b252-ec38-4b8d-933e-82a3c81169d9|0|8,Phò Inspired Chicken Broth and Rice,Broth,"5 pieces fresh ginger, sliced",5,,pieces fresh ginger,sliced,
0195b252-ec38-4b8d-933e-82a3c81169d9|0|9,Phò Inspired Chicken Broth and Rice,Broth,720ml (3 cups) chicken broth,720,ml,chicken broth,3 cups,
0195b252-ec38-4b8d-933e-82a3c81169d9|0|10,Phò Inspired Chicken Broth and Rice,Broth,1 tbsp fish sauce,1,tbsp,fish sauce,,
0195b252-ec38-4b8d-933e-82a3c81169d9|0|11,Phò Inspired Chicken Broth and Rice,Broth,1 tsp soy sauce (check GF),1,tsp,soy sauce,check GF,
0195b252-ec38-4b8d-933e-82a3c81169d9|0|12,Phò Inspired Chicken Broth and Rice,Broth,1 bunch coriander roots,1,bunch,coriander roots,,
0195b252-ec38-4b8d-933e-82a3c81169d9|0|13,Phò Inspired Chicken Broth and Rice,Broth,1 tbsp palm sugar or brown sugar,1,tbsp,palm sugar or brown sugar,,or-alt
0195b252-ec38-4b8d-933e-82a3c81169d9|1|0,Phò Inspired Chicken Broth and Rice,Herb Rice,1 tsp sesame oil,1,tsp,sesame oil,,
0195b252-ec38-4b8d-933e-82a3c81169d9|1|1,Phò Inspired Chicken Broth and Rice,Herb Rice,"2 garlic cloves, finely chopped",2,,garlic cloves,finely chopped,
0195b252-ec38-4b8d-933e-82a3c81169d9|1|2,Phò Inspired Chicken Broth and Rice,Herb Rice,"2cm fresh ginger, grated",2,,cm fresh ginger,grated,
0195b252-ec38-4b8d-933e-82a3c81169d9|1|3,Phò Inspired Chicken Broth and Rice,Herb Rice,"2 tbsp fresh coriander, finely chopped",2,tbsp,fresh coriander,finely chopped,
0195b252-ec38-4b8d-933e-82a3c81169d9|1|4,Phò Inspired Chicken Broth and Rice,Herb Rice,"2 tbsp fresh mint, finely chopped",2,tbsp,fresh mint,finely chopped,
0195b252-ec38-4b8d-933e-82a3c81169d9|1|5,Phò Inspired Chicken Broth and Rice,Herb Rice,"½ cup (90g) jasmine rice, washed",0.5,cup,jasmine rice,washed; 90g,
0195b252-ec38-4b8d-933e-82a3c81169d9|1|6,Phò Inspired Chicken Broth and Rice,Herb Rice,1 slice lemon,1,slice,lemon,,
0195b252-ec38-4b8d-933e-82a3c81169d9|1|7,Phò Inspired Chicken Broth and Rice,Herb Rice,1 cup (240ml) water,1,cup,water,240ml,
0195b252-ec38-4b8d-933e-82a3c81169d9|2|0,Phò Inspired Chicken Broth and Rice,Miso Glazed Chicken,"1 chicken breast, cut in half",1,,chicken breast,cut in half,
0195b252-ec38-4b8d-933e-82a3c81169d9|2|1,Phò Inspired Chicken Broth and Rice,Miso Glazed Chicken,¼ cup (60ml) hoisin sauce (check GF),0.25,cup,hoisin sauce,60ml; check GF,
0195b252-ec38-4b8d-933e-82a3c81169d9|2|2,Phò Inspired Chicken Broth and Rice,Miso Glazed Chicken,1 tsp miso paste,1,tsp,miso paste,,
0195b252-ec38-4b8d-933e-82a3c81169d9|2|3,Phò Inspired Chicken Broth and Rice,Miso Glazed Chicken,1 tbsp honey,1,tbsp,honey,,
0195b252-ec38-4b8d-933e-82a3c81169d9|2|4,Phò Inspired Chicken Broth and Rice,Miso Glazed Chicken,1 tbsp fish sauce,1,tbsp,fish sauce,,
0195b252-ec38-4b8d-933e-82a3c81169d9|2|5,Phò Inspired Chicken Broth and Rice,Miso Glazed Chicken,1 tsp gochujang,1,tsp,gochujang,,
0195b252-ec38-4b8d-933e-82a3c81169d9|2|6,Phò Inspired Chicken Broth and Rice,Miso Glazed Chicken,Good crack of black pepper,,,crack of black pepper,,no-qty
0195b252-ec38-4b8d-933e-82a3c81169d9|3|0,Phò Inspired Chicken Broth and Rice,Garnish,2 spring onions,2,,spring onions,,
0195b252-ec38-4b8d-933e-82a3c81169d9|3|1,Phò Inspired Chicken Broth and Rice,Garnish,Bok choy,,,Bok choy,,no-qty
0195b252-ec38-4b8d-933e-82a3c81169d9|3|2,Phò Inspired Chicken Broth and Rice,Garnish,Black sesame seeds,,,Black sesame seeds,,no-qty
0195b252-ec38-4b8d-933e-82a3c81169d9|3|3,Phò Inspired Chicken Broth and Rice,Garnish,Fried shallots (check GF),,,Fried shallots,check GF,no-qty
0195b252-ec38-4b8d-933e-82a3c81169d9|3|4,Phò Inspired Chicken Broth and Rice,Garnish,Fresh coriander,,,Fresh coriander,,no-qty
d83f684b-d6ad-49cb-aed5-e09c59c7d1e2|0|0,Pickled Red Onions,Main,"1 red onion, sliced in half moons",1,,red onion,sliced in half moons,
d83f684b-d6ad-49cb-aed5-e09c59c7d1e2|0|1,Pickled Red Onions,Main,3/4 cup apple cider vinegar,0.75,cup,apple cider vinegar,,
d83f684b-d6ad-49cb-aed5-e09c59c7d1e2|0|2,Pickled Red Onions,Main,1/2 cup water,0.5,cup,water,,
d83f684b-d6ad-49cb-aed5-e09c59c7d1e2|0|3,Pickled Red Onions,Main,1 tsp sea salt,1,tsp,sea salt,,
d83f684b-d6ad-49cb-aed5-e09c59c7d1e2|0|4,Pickled Red Onions,Main,2 tsp maple syrup,2,tsp,maple syrup,,
d83f684b-d6ad-49cb-aed5-e09c59c7d1e2|0|5,Pickled Red Onions,Main,1 tsp black peppercorns,1,tsp,black peppercorns,,
c54f15d4-e38e-4dae-8a41-c1f1d49e4fd4|0|0,Pistachio Tiramisu Oats,Oats,20g oats,20,g,oats,,
c54f15d4-e38e-4dae-8a41-c1f1d49e4fd4|0|1,Pistachio Tiramisu Oats,Oats,1 tsp chia seeds,1,tsp,chia seeds,,
c54f15d4-e38e-4dae-8a41-c1f1d49e4fd4|0|2,Pistachio Tiramisu Oats,Oats,70ml (¼ cup) milk of choice,70,ml,milk of choice,¼ cup,
c54f15d4-e38e-4dae-8a41-c1f1d49e4fd4|0|3,Pistachio Tiramisu Oats,Oats,"5g white chocolate, grated or melted",5,g,white chocolate,grated or melted,or-alt
c54f15d4-e38e-4dae-8a41-c1f1d49e4fd4|0|4,Pistachio Tiramisu Oats,Oats,"5g pistachios (around 10), crushed — half for base, half for topping",5,g,pistachios,"crushed — half for base,  half for topping; around 10",
c54f15d4-e38e-4dae-8a41-c1f1d49e4fd4|0|5,Pistachio Tiramisu Oats,Oats,1 tsp instant coffee dissolved in 1 tbsp hot water (optional),1,tsp,instant coffee dissolved in 1 tbsp hot water,optional,digit-in-name|long
c54f15d4-e38e-4dae-8a41-c1f1d49e4fd4|1|0,Pistachio Tiramisu Oats,Yoghurt Layer,150g (⅔ cup) 0% fat Greek yoghurt or protein yoghurt (sub soya or coconut yoghurt to keep DF),150,g,0% fat Greek yoghurt or protein yoghurt,⅔ cup; sub soya or coconut yoghurt to keep DF,digit-in-name|or-alt|long
9d9f2ef6-dbc5-4cd1-b6f2-f0c11bf2cee0|0|0,Prawn Fried Rice,Prawn Marinade,"10 large fresh prawns, shelled and deveined",10,,large fresh prawns,shelled and deveined,
9d9f2ef6-dbc5-4cd1-b6f2-f0c11bf2cee0|0|1,Prawn Fried Rice,Prawn Marinade,1 tsp neutral oil,1,tsp,neutral oil,,
9d9f2ef6-dbc5-4cd1-b6f2-f0c11bf2cee0|0|2,Prawn Fried Rice,Prawn Marinade,½ tsp salt,0.5,tsp,salt,,
9d9f2ef6-dbc5-4cd1-b6f2-f0c11bf2cee0|0|3,Prawn Fried Rice,Prawn Marinade,½ tsp white pepper,0.5,tsp,white pepper,,
9d9f2ef6-dbc5-4cd1-b6f2-f0c11bf2cee0|0|4,Prawn Fried Rice,Prawn Marinade,¼ tsp baking soda,0.25,tsp,baking soda,,
9d9f2ef6-dbc5-4cd1-b6f2-f0c11bf2cee0|1|0,Prawn Fried Rice,Fried Rice,"Neutral oil, to cook",,,Neutral oil,to cook,no-qty
9d9f2ef6-dbc5-4cd1-b6f2-f0c11bf2cee0|1|1,Prawn Fried Rice,Fried Rice,"2 cups white rice, day old",2,cup,white rice,day old,
9d9f2ef6-dbc5-4cd1-b6f2-f0c11bf2cee0|1|2,Prawn Fried Rice,Fried Rice,"4 spring onion, chopped (whites and greens separated)",4,,spring onion,chopped; whites and greens separated,
9d9f2ef6-dbc5-4cd1-b6f2-f0c11bf2cee0|1|3,Prawn Fried Rice,Fried Rice,"4 eggs, whisked",4,,eggs,whisked,
9d9f2ef6-dbc5-4cd1-b6f2-f0c11bf2cee0|1|4,Prawn Fried Rice,Fried Rice,1 tsp salt,1,tsp,salt,,
9d9f2ef6-dbc5-4cd1-b6f2-f0c11bf2cee0|1|5,Prawn Fried Rice,Fried Rice,1 tsp sugar,1,tsp,sugar,,
9d9f2ef6-dbc5-4cd1-b6f2-f0c11bf2cee0|1|6,Prawn Fried Rice,Fried Rice,½ tsp white pepper,0.5,tsp,white pepper,,
9d9f2ef6-dbc5-4cd1-b6f2-f0c11bf2cee0|1|7,Prawn Fried Rice,Fried Rice,1 tsp chicken bouillon powder,1,tsp,chicken bouillon powder,,
076f6f8a-2a88-4fbf-951a-4d259a1d91ef|0|0,Protein Berry Parfait,Main,3/4 cup Greek yogurt,0.75,cup,Greek yogurt,,
076f6f8a-2a88-4fbf-951a-4d259a1d91ef|0|1,Protein Berry Parfait,Main,3/4 scoop vanilla protein powder,0.75,scoop,vanilla protein powder,,
076f6f8a-2a88-4fbf-951a-4d259a1d91ef|0|2,Protein Berry Parfait,Main,1 serving warmed frozen berries,1,,serving warmed frozen berries,,
076f6f8a-2a88-4fbf-951a-4d259a1d91ef|0|3,Protein Berry Parfait,Main,Zest of 1/2 lemon,,,Zest of 1/2 lemon,,digit-in-name|no-qty
1d6e4c0b-1364-460b-a09d-1c631a5440f9|0|0,Protein Brownie (Pumpkin),Base,10g cocoa powder,10,g,cocoa powder,,
1d6e4c0b-1364-460b-a09d-1c631a5440f9|0|1,Protein Brownie (Pumpkin),Base,Pinch of sea salt,1,pinch,sea salt,,
1d6e4c0b-1364-460b-a09d-1c631a5440f9|0|2,Protein Brownie (Pumpkin),Base,50g liquid egg whites,50,g,liquid egg whites,,
1d6e4c0b-1364-460b-a09d-1c631a5440f9|0|3,Protein Brownie (Pumpkin),Base,20g pure maple syrup,20,g,pure maple syrup,,
1d6e4c0b-1364-460b-a09d-1c631a5440f9|0|4,Protein Brownie (Pumpkin),Base,2 tbsp applesauce or soya milk,2,tbsp,applesauce or soya milk,,or-alt
1d6e4c0b-1364-460b-a09d-1c631a5440f9|0|5,Protein Brownie (Pumpkin),Base,"20g dark chocolate (74%), roughly chopped",20,g,dark chocolate,roughly chopped; 74%,
1d6e4c0b-1364-460b-a09d-1c631a5440f9|1|0,Protein Brownie (Pumpkin),Pumpkin Add-ins,240g (1 cup) pumpkin purée,240,g,pumpkin purée,1 cup,
1d6e4c0b-1364-460b-a09d-1c631a5440f9|1|1,Protein Brownie (Pumpkin),Pumpkin Add-ins,75g chocolate protein powder,75,g,chocolate protein powder,,
1d6e4c0b-1364-460b-a09d-1c631a5440f9|1|2,Protein Brownie (Pumpkin),Pumpkin Add-ins,2 tbsp additional cocoa powder,2,tbsp,additional cocoa powder,,
1d6e4c0b-1364-460b-a09d-1c631a5440f9|1|3,Protein Brownie (Pumpkin),Pumpkin Add-ins,20g oat flour,20,g,oat flour,,
1d6e4c0b-1364-460b-a09d-1c631a5440f9|1|4,Protein Brownie (Pumpkin),Pumpkin Add-ins,1 tbsp PBfit powder,1,tbsp,PBfit powder,,
6dd9450c-7dea-4c1b-89d6-6921dfc4c9ee|0|0,Protein Brownie (Sweet Potato),Base,10g cocoa powder,10,g,cocoa powder,,
6dd9450c-7dea-4c1b-89d6-6921dfc4c9ee|0|1,Protein Brownie (Sweet Potato),Base,Pinch of sea salt,1,pinch,sea salt,,
6dd9450c-7dea-4c1b-89d6-6921dfc4c9ee|0|2,Protein Brownie (Sweet Potato),Base,50g liquid egg whites,50,g,liquid egg whites,,
6dd9450c-7dea-4c1b-89d6-6921dfc4c9ee|0|3,Protein Brownie (Sweet Potato),Base,20g pure maple syrup,20,g,pure maple syrup,,
6dd9450c-7dea-4c1b-89d6-6921dfc4c9ee|0|4,Protein Brownie (Sweet Potato),Base,2 tbsp applesauce or soya milk,2,tbsp,applesauce or soya milk,,or-alt
6dd9450c-7dea-4c1b-89d6-6921dfc4c9ee|0|5,Protein Brownie (Sweet Potato),Base,"20g dark chocolate (74%), roughly chopped",20,g,dark chocolate,roughly chopped; 74%,
6dd9450c-7dea-4c1b-89d6-6921dfc4c9ee|1|0,Protein Brownie (Sweet Potato),Sweet Potato Add-ins,"135g sweet potato, cooked and mashed",135,g,sweet potato,cooked and mashed,
6dd9450c-7dea-4c1b-89d6-6921dfc4c9ee|1|1,Protein Brownie (Sweet Potato),Sweet Potato Add-ins,30g chocolate protein powder,30,g,chocolate protein powder,,
6dd9450c-7dea-4c1b-89d6-6921dfc4c9ee|1|2,Protein Brownie (Sweet Potato),Sweet Potato Add-ins,10g additional cocoa powder,10,g,additional cocoa powder,,
644c7138-5686-4f16-bd12-d5a7ceaba00b|0|0,Protein Brownie Bake,Main,100g plain soya yoghurt,100,g,plain soya yoghurt,,
644c7138-5686-4f16-bd12-d5a7ceaba00b|0|1,Protein Brownie Bake,Main,1 large egg,1,,large egg,,
644c7138-5686-4f16-bd12-d5a7ceaba00b|0|2,Protein Brownie Bake,Main,20g gluten-free or oat flour,20,g,gluten-free or oat flour,,or-alt
644c7138-5686-4f16-bd12-d5a7ceaba00b|0|3,Protein Brownie Bake,Main,20g vegan chocolate protein powder,20,g,vegan chocolate protein powder,,
644c7138-5686-4f16-bd12-d5a7ceaba00b|0|4,Protein Brownie Bake,Main,15g cocoa powder,15,g,cocoa powder,,
644c7138-5686-4f16-bd12-d5a7ceaba00b|0|5,Protein Brownie Bake,Main,15g coconut sugar,15,g,coconut sugar,,
644c7138-5686-4f16-bd12-d5a7ceaba00b|0|6,Protein Brownie Bake,Main,½ tsp baking powder,0.5,tsp,baking powder,,
644c7138-5686-4f16-bd12-d5a7ceaba00b|0|7,Protein Brownie Bake,Main,½ tsp baking soda,0.5,tsp,baking soda,,
644c7138-5686-4f16-bd12-d5a7ceaba00b|0|8,Protein Brownie Bake,Main,Pinch of salt,1,pinch,salt,,
644c7138-5686-4f16-bd12-d5a7ceaba00b|0|9,Protein Brownie Bake,Main,"20g dark chocolate (74%), roughly chopped",20,g,dark chocolate,roughly chopped; 74%,
6035db4c-9e7e-4231-9a30-d8d043edbaba|0|0,Protein Oatmeal Breakfast Cookies,Main,1 cup oat flour,1,cup,oat flour,,
6035db4c-9e7e-4231-9a30-d8d043edbaba|0|1,Protein Oatmeal Breakfast Cookies,Main,1/4 cup milk of choice,0.25,cup,milk of choice,,
6035db4c-9e7e-4231-9a30-d8d043edbaba|0|2,Protein Oatmeal Breakfast Cookies,Main,1/2 cup vanilla protein powder,0.5,cup,vanilla protein powder,,
6035db4c-9e7e-4231-9a30-d8d043edbaba|0|3,Protein Oatmeal Breakfast Cookies,Main,1/4 cup peanut butter,0.25,cup,peanut butter,,
6035db4c-9e7e-4231-9a30-d8d043edbaba|0|4,Protein Oatmeal Breakfast Cookies,Main,1/4 cup maple syrup,0.25,cup,maple syrup,,
6035db4c-9e7e-4231-9a30-d8d043edbaba|0|5,Protein Oatmeal Breakfast Cookies,Main,Chocolate chips,,,Chocolate chips,,no-qty
6035db4c-9e7e-4231-9a30-d8d043edbaba|0|6,Protein Oatmeal Breakfast Cookies,Main,Pinch of salt,1,pinch,salt,,
f2bd306c-beeb-49e8-95d6-a7f5b6b22476|0|0,Protein Packed Roasted Squash Pasta,Crispy Breadcrumbs,"2 slices crusty bread, torn into small pieces",2,slice,crusty bread,torn into small pieces,
f2bd306c-beeb-49e8-95d6-a7f5b6b22476|0|1,Protein Packed Roasted Squash Pasta,Crispy Breadcrumbs,2 tbsp olive oil,2,tbsp,olive oil,,
f2bd306c-beeb-49e8-95d6-a7f5b6b22476|0|2,Protein Packed Roasted Squash Pasta,Crispy Breadcrumbs,1/2 tsp paprika,0.5,tsp,paprika,,
f2bd306c-beeb-49e8-95d6-a7f5b6b22476|0|3,Protein Packed Roasted Squash Pasta,Crispy Breadcrumbs,Handful of thyme leaves (about 30g),1,handful,thyme leaves,about 30g,
f2bd306c-beeb-49e8-95d6-a7f5b6b22476|1|0,Protein Packed Roasted Squash Pasta,Pasta & Sauce,"1 butternut squash (about 650g), peeled, deseeded and cut into 1cm cubes",1,,butternut squash,"peeled,  deseeded and cut into 1cm cubes; about 650g",
f2bd306c-beeb-49e8-95d6-a7f5b6b22476|1|1,Protein Packed Roasted Squash Pasta,Pasta & Sauce,"2 onions, halved and finely sliced",2,,onions,halved and finely sliced,
f2bd306c-beeb-49e8-95d6-a7f5b6b22476|1|2,Protein Packed Roasted Squash Pasta,Pasta & Sauce,1 bulb garlic,1,,bulb garlic,,
f2bd306c-beeb-49e8-95d6-a7f5b6b22476|1|3,Protein Packed Roasted Squash Pasta,Pasta & Sauce,2 tbsp olive oil (+ extra to garnish),2,tbsp,olive oil,+ extra to garnish,vague
f2bd306c-beeb-49e8-95d6-a7f5b6b22476|1|4,Protein Packed Roasted Squash Pasta,Pasta & Sauce,"1 pack silken tofu (about 300g), drained",1,pack,silken tofu,drained; about 300g,
f2bd306c-beeb-49e8-95d6-a7f5b6b22476|1|5,Protein Packed Roasted Squash Pasta,Pasta & Sauce,75ml oat milk,75,ml,oat milk,,
f2bd306c-beeb-49e8-95d6-a7f5b6b22476|1|6,Protein Packed Roasted Squash Pasta,Pasta & Sauce,"1 lemon, zested and juiced",1,,lemon,zested and juiced,
f2bd306c-beeb-49e8-95d6-a7f5b6b22476|1|7,Protein Packed Roasted Squash Pasta,Pasta & Sauce,1 tbsp smooth Dijon mustard,1,tbsp,smooth Dijon mustard,,
f2bd306c-beeb-49e8-95d6-a7f5b6b22476|1|8,Protein Packed Roasted Squash Pasta,Pasta & Sauce,2 tbsp nutritional yeast,2,tbsp,nutritional yeast,,
f2bd306c-beeb-49e8-95d6-a7f5b6b22476|1|9,Protein Packed Roasted Squash Pasta,Pasta & Sauce,1 tsp tamari,1,tsp,tamari,,
f2bd306c-beeb-49e8-95d6-a7f5b6b22476|1|10,Protein Packed Roasted Squash Pasta,Pasta & Sauce,Pinch of ground turmeric,1,pinch,ground turmeric,,
f2bd306c-beeb-49e8-95d6-a7f5b6b22476|1|11,Protein Packed Roasted Squash Pasta,Pasta & Sauce,Pinches of flaky sea salt and black pepper,,,Pinches of flaky sea salt and black pepper,,long|no-qty
f2bd306c-beeb-49e8-95d6-a7f5b6b22476|1|12,Protein Packed Roasted Squash Pasta,Pasta & Sauce,4 servings of pasta (about 300g),4,,servings of pasta,about 300g,
e1afaed0-d69b-4f1b-ad34-5bbe27213faf|0|0,Protein Pancakes,Dry,"50g gluten-free self-raising, plain, or oat flour",50,g,gluten-free self-raising,"plain,  or oat flour",or-alt
e1afaed0-d69b-4f1b-ad34-5bbe27213faf|0|1,Protein Pancakes,Dry,25g egg white powder,25,g,egg white powder,,
e1afaed0-d69b-4f1b-ad34-5bbe27213faf|0|2,Protein Pancakes,Dry,20g vegan protein powder,20,g,vegan protein powder,,
e1afaed0-d69b-4f1b-ad34-5bbe27213faf|0|3,Protein Pancakes,Dry,½ tsp baking powder,0.5,tsp,baking powder,,
e1afaed0-d69b-4f1b-ad34-5bbe27213faf|0|4,Protein Pancakes,Dry,2g baking soda,2,g,baking soda,,
e1afaed0-d69b-4f1b-ad34-5bbe27213faf|0|5,Protein Pancakes,Dry,1g ground cinnamon (optional),1,g,ground cinnamon,optional,
e1afaed0-d69b-4f1b-ad34-5bbe27213faf|0|6,Protein Pancakes,Dry,Pinch of salt,1,pinch,salt,,
e1afaed0-d69b-4f1b-ad34-5bbe27213faf|0|7,Protein Pancakes,Dry,1 tbsp coconut sugar,1,tbsp,coconut sugar,,
e1afaed0-d69b-4f1b-ad34-5bbe27213faf|1|0,Protein Pancakes,Wet,160ml water,160,ml,water,,
e1afaed0-d69b-4f1b-ad34-5bbe27213faf|1|1,Protein Pancakes,Wet,60g unsweetened applesauce,60,g,unsweetened applesauce,,
e1afaed0-d69b-4f1b-ad34-5bbe27213faf|1|2,Protein Pancakes,Wet,3 tbsp plain soya yoghurt,3,tbsp,plain soya yoghurt,,
e1afaed0-d69b-4f1b-ad34-5bbe27213faf|2|0,Protein Pancakes,Fold-ins,50g fresh or frozen blueberries,50,g,fresh or frozen blueberries,,or-alt
e1afaed0-d69b-4f1b-ad34-5bbe27213faf|2|1,Protein Pancakes,Fold-ins,60g dark chocolate chunks,60,g,dark chocolate chunks,,
3be84121-e49c-4bcd-ae35-94cdcbecc4c3|0|0,Protein Pancakes (Simple),Main,1 cup oat flour (or flour of choice),1,cup,oat flour,or flour of choice,or-alt
3be84121-e49c-4bcd-ae35-94cdcbecc4c3|0|1,Protein Pancakes (Simple),Main,1-2 scoops protein powder,1,scoop,protein powder,,range
3be84121-e49c-4bcd-ae35-94cdcbecc4c3|0|2,Protein Pancakes (Simple),Main,1 tsp baking powder,1,tsp,baking powder,,
3be84121-e49c-4bcd-ae35-94cdcbecc4c3|0|3,Protein Pancakes (Simple),Main,1 egg (or flaxseed egg),1,,egg,or flaxseed egg,or-alt
3be84121-e49c-4bcd-ae35-94cdcbecc4c3|0|4,Protein Pancakes (Simple),Main,1/2 cup milk of choice,0.5,cup,milk of choice,,
3be84121-e49c-4bcd-ae35-94cdcbecc4c3|0|5,Protein Pancakes (Simple),Main,Sweetener of choice (optional),,,Sweetener of choice,optional,no-qty
9039c715-da9e-4044-863f-d3c776d2688a|0|0,Protein Power BLT,,2 slices bread of choice (sourdough),2,slice,bread of choice,sourdough,
9039c715-da9e-4044-863f-d3c776d2688a|0|1,Protein Power BLT,,1 heaped tbsp Greek yoghurt,1,,heaped tbsp Greek yoghurt,,
9039c715-da9e-4044-863f-d3c776d2688a|0|2,Protein Power BLT,,1 tbsp chopped fresh basil,1,tbsp,fresh basil,chopped,
9039c715-da9e-4044-863f-d3c776d2688a|0|3,Protein Power BLT,,½ tsp garlic granules,0.5,tsp,garlic granules,,
9039c715-da9e-4044-863f-d3c776d2688a|0|4,Protein Power BLT,,80–100g shredded roast chicken,80,g,roast chicken,shredded,range
9039c715-da9e-4044-863f-d3c776d2688a|0|5,Protein Power BLT,,2 slices cured ham (parma or serrano),2,slice,cured ham,parma or serrano,or-alt
9039c715-da9e-4044-863f-d3c776d2688a|0|6,Protein Power BLT,,"1 medium tomato, sliced",1,,medium tomato,sliced,
9039c715-da9e-4044-863f-d3c776d2688a|0|7,Protein Power BLT,,little gem lettuce,,,gem lettuce,,no-qty
9039c715-da9e-4044-863f-d3c776d2688a|0|8,Protein Power BLT,,1 heaped tsp sun-dried tomato paste,1,,heaped tsp sun-dried tomato paste,,
0b72d704-286b-4232-914a-5b8479a02b77|0|0,Protein Pumpkin Chocolate Chip Muffins,Main,1 egg,1,,egg,,
0b72d704-286b-4232-914a-5b8479a02b77|0|1,Protein Pumpkin Chocolate Chip Muffins,Main,1/4 cup unsweetened apple sauce,0.25,cup,unsweetened apple sauce,,
0b72d704-286b-4232-914a-5b8479a02b77|0|2,Protein Pumpkin Chocolate Chip Muffins,Main,1 tsp vanilla extract,1,tsp,vanilla extract,,
0b72d704-286b-4232-914a-5b8479a02b77|0|3,Protein Pumpkin Chocolate Chip Muffins,Main,1/2 cup brown sugar substitute (or regular brown sugar),0.5,cup,brown sugar substitute,or regular brown sugar,or-alt
0b72d704-286b-4232-914a-5b8479a02b77|0|4,Protein Pumpkin Chocolate Chip Muffins,Main,1 cup pumpkin puree,1,cup,pumpkin puree,,
0b72d704-286b-4232-914a-5b8479a02b77|0|5,Protein Pumpkin Chocolate Chip Muffins,Main,1 cup protein almond milk or Fairlife milk,1,cup,protein almond milk or Fairlife milk,,or-alt|long
0b72d704-286b-4232-914a-5b8479a02b77|0|6,Protein Pumpkin Chocolate Chip Muffins,Main,2 cups pancake and waffle mix,2,cup,pancake and waffle mix,,
0b72d704-286b-4232-914a-5b8479a02b77|0|7,Protein Pumpkin Chocolate Chip Muffins,Main,1 tsp baking powder,1,tsp,baking powder,,
0b72d704-286b-4232-914a-5b8479a02b77|0|8,Protein Pumpkin Chocolate Chip Muffins,Main,2 tsp pumpkin pie spice,2,tsp,pumpkin pie spice,,
0b72d704-286b-4232-914a-5b8479a02b77|0|9,Protein Pumpkin Chocolate Chip Muffins,Main,2/3 cup dark chocolate chips,0.667,cup,dark chocolate chips,,
f49ee7d0-514f-4c1c-94ef-7ee2522c0ced|0|0,Pumpkin Bread,Bread,2 eggs,2,,eggs,,
f49ee7d0-514f-4c1c-94ef-7ee2522c0ced|0|1,Pumpkin Bread,Bread,1/3 cup coconut oil,0.333,cup,coconut oil,,
f49ee7d0-514f-4c1c-94ef-7ee2522c0ced|0|2,Pumpkin Bread,Bread,1/2 cup maple syrup,0.5,cup,maple syrup,,
f49ee7d0-514f-4c1c-94ef-7ee2522c0ced|0|3,Pumpkin Bread,Bread,1 cup pumpkin puree,1,cup,pumpkin puree,,
f49ee7d0-514f-4c1c-94ef-7ee2522c0ced|0|4,Pumpkin Bread,Bread,1 tsp vanilla extract,1,tsp,vanilla extract,,
f49ee7d0-514f-4c1c-94ef-7ee2522c0ced|0|5,Pumpkin Bread,Bread,1 1/2 cup whole wheat flour,1.5,cup,whole wheat flour,,
f49ee7d0-514f-4c1c-94ef-7ee2522c0ced|0|6,Pumpkin Bread,Bread,1 tsp baking soda,1,tsp,baking soda,,
f49ee7d0-514f-4c1c-94ef-7ee2522c0ced|0|7,Pumpkin Bread,Bread,1 tsp baking powder,1,tsp,baking powder,,
f49ee7d0-514f-4c1c-94ef-7ee2522c0ced|0|8,Pumpkin Bread,Bread,1/4 tsp salt,0.25,tsp,salt,,
f49ee7d0-514f-4c1c-94ef-7ee2522c0ced|0|9,Pumpkin Bread,Bread,1 tbsp pumpkin pie spice,1,tbsp,pumpkin pie spice,,
f49ee7d0-514f-4c1c-94ef-7ee2522c0ced|1|0,Pumpkin Bread,Maple Glaze,1 cup powdered sugar,1,cup,powdered sugar,,
f49ee7d0-514f-4c1c-94ef-7ee2522c0ced|1|1,Pumpkin Bread,Maple Glaze,1/4 cup maple syrup,0.25,cup,maple syrup,,
f49ee7d0-514f-4c1c-94ef-7ee2522c0ced|1|2,Pumpkin Bread,Maple Glaze,Dash of vanilla extract,1,dash,vanilla extract,,
d89a9f25-8c79-4752-b644-21de42e68a6a|0|0,Pumpkin Brookies,Pumpkin Batter,1/3 cup coconut sugar,0.333,cup,coconut sugar,,
d89a9f25-8c79-4752-b644-21de42e68a6a|0|1,Pumpkin Brookies,Pumpkin Batter,2/3 cup olive oil,0.667,cup,olive oil,,
d89a9f25-8c79-4752-b644-21de42e68a6a|0|2,Pumpkin Brookies,Pumpkin Batter,1 cup pumpkin puree,1,cup,pumpkin puree,,
d89a9f25-8c79-4752-b644-21de42e68a6a|0|3,Pumpkin Brookies,Pumpkin Batter,2 large eggs,2,,large eggs,,
d89a9f25-8c79-4752-b644-21de42e68a6a|0|4,Pumpkin Brookies,Pumpkin Batter,1 1/2 tsp vanilla paste,1.5,tsp,vanilla paste,,
d89a9f25-8c79-4752-b644-21de42e68a6a|0|5,Pumpkin Brookies,Pumpkin Batter,1 1/3 cup gluten free all purpose flour,1.333,cup,gluten free all purpose flour,,
d89a9f25-8c79-4752-b644-21de42e68a6a|0|6,Pumpkin Brookies,Pumpkin Batter,1/4 tsp baking soda,0.25,tsp,baking soda,,
d89a9f25-8c79-4752-b644-21de42e68a6a|0|7,Pumpkin Brookies,Pumpkin Batter,1/4 tsp salt,0.25,tsp,salt,,
d89a9f25-8c79-4752-b644-21de42e68a6a|0|8,Pumpkin Brookies,Pumpkin Batter,1 tsp cinnamon,1,tsp,cinnamon,,
d89a9f25-8c79-4752-b644-21de42e68a6a|0|9,Pumpkin Brookies,Pumpkin Batter,1/2 tsp nutmeg,0.5,tsp,nutmeg,,
d89a9f25-8c79-4752-b644-21de42e68a6a|0|10,Pumpkin Brookies,Pumpkin Batter,1/2 cup dark chocolate chips,0.5,cup,dark chocolate chips,,
d89a9f25-8c79-4752-b644-21de42e68a6a|1|0,Pumpkin Brookies,Brownie Batter,1 1/2 cups dark chocolate chips,1.5,cup,dark chocolate chips,,
d89a9f25-8c79-4752-b644-21de42e68a6a|1|1,Pumpkin Brookies,Brownie Batter,2/3 cup olive oil,0.667,cup,olive oil,,
d89a9f25-8c79-4752-b644-21de42e68a6a|1|2,Pumpkin Brookies,Brownie Batter,4 large eggs,4,,large eggs,,
d89a9f25-8c79-4752-b644-21de42e68a6a|1|3,Pumpkin Brookies,Brownie Batter,3/4 cup coconut sugar,0.75,cup,coconut sugar,,
d89a9f25-8c79-4752-b644-21de42e68a6a|1|4,Pumpkin Brookies,Brownie Batter,1 tsp vanilla paste,1,tsp,vanilla paste,,
d89a9f25-8c79-4752-b644-21de42e68a6a|1|5,Pumpkin Brookies,Brownie Batter,1/2 cup gluten free all purpose flour,0.5,cup,gluten free all purpose flour,,
d89a9f25-8c79-4752-b644-21de42e68a6a|1|6,Pumpkin Brookies,Brownie Batter,1/3 cup cocoa powder,0.333,cup,cocoa powder,,
d89a9f25-8c79-4752-b644-21de42e68a6a|1|7,Pumpkin Brookies,Brownie Batter,1/4 tsp salt,0.25,tsp,salt,,
d89a9f25-8c79-4752-b644-21de42e68a6a|1|8,Pumpkin Brookies,Brownie Batter,Flaky sea salt,,,Flaky sea salt,,no-qty
58ad2189-2120-455e-90fa-57928d48b7aa|0|0,Pumpkin Candy Apple Salad,Main,"2 apples, diced into small pieces",2,,apples,diced into small pieces,
58ad2189-2120-455e-90fa-57928d48b7aa|0|1,Pumpkin Candy Apple Salad,Main,1/2 cup coconut yogurt or coconut whip topping,0.5,cup,coconut yogurt or coconut whip topping,,or-alt|long
58ad2189-2120-455e-90fa-57928d48b7aa|0|2,Pumpkin Candy Apple Salad,Main,2 tbsp almond butter,2,tbsp,almond butter,,
58ad2189-2120-455e-90fa-57928d48b7aa|0|3,Pumpkin Candy Apple Salad,Main,1/2 tsp vanilla bean paste (or 1/2 tbsp maple syrup + 1/2 tsp vanilla extract),0.5,tsp,vanilla bean paste,or 1/2 tbsp maple syrup + 1/2 tsp vanilla extract,or-alt
58ad2189-2120-455e-90fa-57928d48b7aa|0|4,Pumpkin Candy Apple Salad,Main,2 tbsp mini chocolate chips,2,tbsp,mini chocolate chips,,
58ad2189-2120-455e-90fa-57928d48b7aa|0|5,Pumpkin Candy Apple Salad,Main,1/4 cup pumpkin spice granola,0.25,cup,pumpkin spice granola,,
58ad2189-2120-455e-90fa-57928d48b7aa|0|6,Pumpkin Candy Apple Salad,Main,2 tbsp chopped pecans and pumpkin seeds,2,tbsp,pecans and pumpkin seeds,chopped,
ba4bd5d7-702d-49e2-9756-06046c30c3d1|0|0,Pumpkin Chocolate Chip Cookies,Main,2 tbsp pumpkin puree,2,tbsp,pumpkin puree,,
ba4bd5d7-702d-49e2-9756-06046c30c3d1|0|1,Pumpkin Chocolate Chip Cookies,Main,1 tbsp peanut butter,1,tbsp,peanut butter,,
ba4bd5d7-702d-49e2-9756-06046c30c3d1|0|2,Pumpkin Chocolate Chip Cookies,Main,1 tbsp maple syrup,1,tbsp,maple syrup,,
ba4bd5d7-702d-49e2-9756-06046c30c3d1|0|3,Pumpkin Chocolate Chip Cookies,Main,1 tbsp cocoa powder,1,tbsp,cocoa powder,,
ba4bd5d7-702d-49e2-9756-06046c30c3d1|0|4,Pumpkin Chocolate Chip Cookies,Main,2 tbsp almond flour,2,tbsp,almond flour,,
ba4bd5d7-702d-49e2-9756-06046c30c3d1|0|5,Pumpkin Chocolate Chip Cookies,Main,1/8 tsp baking soda,0.125,tsp,baking soda,,
ba4bd5d7-702d-49e2-9756-06046c30c3d1|0|6,Pumpkin Chocolate Chip Cookies,Main,Pinch of salt,1,pinch,salt,,
ba4bd5d7-702d-49e2-9756-06046c30c3d1|0|7,Pumpkin Chocolate Chip Cookies,Main,1/4 tsp vanilla extract,0.25,tsp,vanilla extract,,
ba4bd5d7-702d-49e2-9756-06046c30c3d1|0|8,Pumpkin Chocolate Chip Cookies,Main,1 tbsp chocolate chips,1,tbsp,chocolate chips,,
ba4bd5d7-702d-49e2-9756-06046c30c3d1|1|0,Pumpkin Chocolate Chip Cookies,Toppings,Ice cream,,,Ice cream,,no-qty
ba4bd5d7-702d-49e2-9756-06046c30c3d1|1|1,Pumpkin Chocolate Chip Cookies,Toppings,Chocolate shavings,,,Chocolate shavings,,no-qty
60fd9792-927e-46fd-970f-b058765b2658|0|0,Pumpkin Cream Cheese Muffins,Muffin Batter,3 eggs,3,,eggs,,
60fd9792-927e-46fd-970f-b058765b2658|0|1,Pumpkin Cream Cheese Muffins,Muffin Batter,1 cup pumpkin puree,1,cup,pumpkin puree,,
60fd9792-927e-46fd-970f-b058765b2658|0|2,Pumpkin Cream Cheese Muffins,Muffin Batter,"1/4 cup coconut oil, melted",0.25,cup,coconut oil,melted,
60fd9792-927e-46fd-970f-b058765b2658|0|3,Pumpkin Cream Cheese Muffins,Muffin Batter,1/3 cup maple syrup,0.333,cup,maple syrup,,
60fd9792-927e-46fd-970f-b058765b2658|0|4,Pumpkin Cream Cheese Muffins,Muffin Batter,2 tsp vanilla extract,2,tsp,vanilla extract,,
60fd9792-927e-46fd-970f-b058765b2658|0|5,Pumpkin Cream Cheese Muffins,Muffin Batter,1 cup almond flour,1,cup,almond flour,,
60fd9792-927e-46fd-970f-b058765b2658|0|6,Pumpkin Cream Cheese Muffins,Muffin Batter,1/2 cup organic arrowroot flour (or tapioca flour or cornstarch),0.5,cup,organic arrowroot flour,or tapioca flour or cornstarch,or-alt
60fd9792-927e-46fd-970f-b058765b2658|0|7,Pumpkin Cream Cheese Muffins,Muffin Batter,1/4 cup coconut flour,0.25,cup,coconut flour,,
60fd9792-927e-46fd-970f-b058765b2658|0|8,Pumpkin Cream Cheese Muffins,Muffin Batter,1 tbsp pumpkin pie spice,1,tbsp,pumpkin pie spice,,
60fd9792-927e-46fd-970f-b058765b2658|0|9,Pumpkin Cream Cheese Muffins,Muffin Batter,1 tsp cinnamon,1,tsp,cinnamon,,
60fd9792-927e-46fd-970f-b058765b2658|0|10,Pumpkin Cream Cheese Muffins,Muffin Batter,1 tsp baking soda,1,tsp,baking soda,,
60fd9792-927e-46fd-970f-b058765b2658|0|11,Pumpkin Cream Cheese Muffins,Muffin Batter,1/4 tsp salt,0.25,tsp,salt,,
60fd9792-927e-46fd-970f-b058765b2658|0|12,Pumpkin Cream Cheese Muffins,Muffin Batter,Pumpkin seeds for topping,,,Pumpkin seeds for topping,,no-qty
60fd9792-927e-46fd-970f-b058765b2658|1|0,Pumpkin Cream Cheese Muffins,Cream Cheese Filling,"7 oz cream cheese, softened",7,oz,cream cheese,softened,
60fd9792-927e-46fd-970f-b058765b2658|1|1,Pumpkin Cream Cheese Muffins,Cream Cheese Filling,2½ tbsp maple syrup,2,,½ tbsp maple syrup,,
60fd9792-927e-46fd-970f-b058765b2658|1|2,Pumpkin Cream Cheese Muffins,Cream Cheese Filling,2 tbsp GF flour,2,tbsp,GF flour,,
60fd9792-927e-46fd-970f-b058765b2658|1|3,Pumpkin Cream Cheese Muffins,Cream Cheese Filling,2 tbsp milk of choice,2,tbsp,milk of choice,,
60fd9792-927e-46fd-970f-b058765b2658|1|4,Pumpkin Cream Cheese Muffins,Cream Cheese Filling,1½ tsp vanilla,1,,½ tsp vanilla,,
f5522466-8c07-421e-8fcb-c791fd3401b1|0|0,Pumpkin Donuts,Dough,1/2 cup + 1 tbsp pumpkin puree,0.5,cup,+ 1 tbsp pumpkin puree,,digit-in-name
f5522466-8c07-421e-8fcb-c791fd3401b1|0|1,Pumpkin Donuts,Dough,1 cup self rising flour (sub AP flour with 1 tsp baking powder),1,cup,self rising flour,sub AP flour with 1 tsp baking powder,
f5522466-8c07-421e-8fcb-c791fd3401b1|0|2,Pumpkin Donuts,Dough,1 tbsp maple syrup,1,tbsp,maple syrup,,
f5522466-8c07-421e-8fcb-c791fd3401b1|0|3,Pumpkin Donuts,Dough,1/4 tsp salt,0.25,tsp,salt,,
f5522466-8c07-421e-8fcb-c791fd3401b1|0|4,Pumpkin Donuts,Dough,Avocado oil for coating,,,Avocado oil for coating,,no-qty
f5522466-8c07-421e-8fcb-c791fd3401b1|1|0,Pumpkin Donuts,Coating,1 tsp cinnamon,1,tsp,cinnamon,,
f5522466-8c07-421e-8fcb-c791fd3401b1|1|1,Pumpkin Donuts,Coating,1/2 tsp pumpkin pie spice,0.5,tsp,pumpkin pie spice,,
f5522466-8c07-421e-8fcb-c791fd3401b1|1|2,Pumpkin Donuts,Coating,1/4 cup coconut sugar or white sugar,0.25,cup,coconut sugar or white sugar,,or-alt
5275bb50-a54e-42fd-8d6e-3aa00a2ed560|0|0,Pumpkin Pecan Pancakes,Dry,1½ cup sprouted oats,1,,½ cup sprouted oats,,
5275bb50-a54e-42fd-8d6e-3aa00a2ed560|0|1,Pumpkin Pecan Pancakes,Dry,½ cup raw pecans,0.5,cup,raw pecans,,
5275bb50-a54e-42fd-8d6e-3aa00a2ed560|0|2,Pumpkin Pecan Pancakes,Dry,1 tbsp pumpkin pie spice,1,tbsp,pumpkin pie spice,,
5275bb50-a54e-42fd-8d6e-3aa00a2ed560|0|3,Pumpkin Pecan Pancakes,Dry,1 tbsp baking powder,1,tbsp,baking powder,,
5275bb50-a54e-42fd-8d6e-3aa00a2ed560|0|4,Pumpkin Pecan Pancakes,Dry,¼ tsp salt,0.25,tsp,salt,,
5275bb50-a54e-42fd-8d6e-3aa00a2ed560|1|0,Pumpkin Pecan Pancakes,Wet,½ cup pumpkin purée,0.5,cup,pumpkin purée,,
5275bb50-a54e-42fd-8d6e-3aa00a2ed560|1|1,Pumpkin Pecan Pancakes,Wet,¾ cup milk of choice,0.75,cup,milk of choice,,
5275bb50-a54e-42fd-8d6e-3aa00a2ed560|1|2,Pumpkin Pecan Pancakes,Wet,2 tbsp maple syrup,2,tbsp,maple syrup,,
5275bb50-a54e-42fd-8d6e-3aa00a2ed560|1|3,Pumpkin Pecan Pancakes,Wet,1 tsp vanilla extract,1,tsp,vanilla extract,,
5275bb50-a54e-42fd-8d6e-3aa00a2ed560|2|0,Pumpkin Pecan Pancakes,To Serve,Pecans,,,Pecans,,no-qty
5275bb50-a54e-42fd-8d6e-3aa00a2ed560|2|1,Pumpkin Pecan Pancakes,To Serve,Maple syrup or honey,,,Maple syrup or honey,,or-alt|no-qty
5b996d0f-9b8c-4580-90bc-69f13ed238c5|0|0,Pumpkin Protein Muffins,Dry,120g (1 cup) oat flour,120,g,oat flour,1 cup,
5b996d0f-9b8c-4580-90bc-69f13ed238c5|0|1,Pumpkin Protein Muffins,Dry,60g (½ cup) protein powder,60,g,protein powder,½ cup,
5b996d0f-9b8c-4580-90bc-69f13ed238c5|0|2,Pumpkin Protein Muffins,Dry,1 tsp baking powder,1,tsp,baking powder,,
5b996d0f-9b8c-4580-90bc-69f13ed238c5|0|3,Pumpkin Protein Muffins,Dry,½ tsp baking soda,0.5,tsp,baking soda,,
5b996d0f-9b8c-4580-90bc-69f13ed238c5|0|4,Pumpkin Protein Muffins,Dry,½ tsp salt,0.5,tsp,salt,,
5b996d0f-9b8c-4580-90bc-69f13ed238c5|0|5,Pumpkin Protein Muffins,Dry,1–2 tsp ground cinnamon and/or pumpkin spice,1,tsp,ground cinnamon and/or pumpkin spice,,range|or-alt|long
5b996d0f-9b8c-4580-90bc-69f13ed238c5|1|0,Pumpkin Protein Muffins,Wet,240g (1 cup) pumpkin purée,240,g,pumpkin purée,1 cup,
5b996d0f-9b8c-4580-90bc-69f13ed238c5|1|1,Pumpkin Protein Muffins,Wet,1 large egg,1,,large egg,,
5b996d0f-9b8c-4580-90bc-69f13ed238c5|1|2,Pumpkin Protein Muffins,Wet,1 egg white,1,,egg white,,
5b996d0f-9b8c-4580-90bc-69f13ed238c5|1|3,Pumpkin Protein Muffins,Wet,40g date purée,40,g,date purée,,
5b996d0f-9b8c-4580-90bc-69f13ed238c5|1|4,Pumpkin Protein Muffins,Wet,2 tbsp neutral oil,2,tbsp,neutral oil,,
5b996d0f-9b8c-4580-90bc-69f13ed238c5|1|5,Pumpkin Protein Muffins,Wet,60ml (¼ cup) unsweetened soya milk,60,ml,unsweetened soya milk,¼ cup,
5b996d0f-9b8c-4580-90bc-69f13ed238c5|1|6,Pumpkin Protein Muffins,Wet,1 tsp vanilla extract,1,tsp,vanilla extract,,
5b996d0f-9b8c-4580-90bc-69f13ed238c5|1|7,Pumpkin Protein Muffins,Wet,1–2 tsp lemon juice or apple cider vinegar,1,tsp,lemon juice or apple cider vinegar,,range|or-alt
b12257a3-dcbd-4943-a12d-5995d47fe452|0|0,Pumpkin Protein Mug Cake,Main,1 scoop vanilla protein powder,1,scoop,vanilla protein powder,,
b12257a3-dcbd-4943-a12d-5995d47fe452|0|1,Pumpkin Protein Mug Cake,Main,1 tbsp oat flour,1,tbsp,oat flour,,
b12257a3-dcbd-4943-a12d-5995d47fe452|0|2,Pumpkin Protein Mug Cake,Main,1/2 tsp baking powder,0.5,tsp,baking powder,,
b12257a3-dcbd-4943-a12d-5995d47fe452|0|3,Pumpkin Protein Mug Cake,Main,1 tsp pumpkin pie spice,1,tsp,pumpkin pie spice,,
b12257a3-dcbd-4943-a12d-5995d47fe452|0|4,Pumpkin Protein Mug Cake,Main,Pinch of salt,1,pinch,salt,,
b12257a3-dcbd-4943-a12d-5995d47fe452|0|5,Pumpkin Protein Mug Cake,Main,3 tbsp pumpkin puree,3,tbsp,pumpkin puree,,
b12257a3-dcbd-4943-a12d-5995d47fe452|0|6,Pumpkin Protein Mug Cake,Main,2 tbsp sugar free maple syrup (or regular),2,tbsp,sugar free maple syrup,or regular,or-alt
b12257a3-dcbd-4943-a12d-5995d47fe452|0|7,Pumpkin Protein Mug Cake,Main,1 tsp vanilla extract,1,tsp,vanilla extract,,
b12257a3-dcbd-4943-a12d-5995d47fe452|0|8,Pumpkin Protein Mug Cake,Main,1 egg,1,,egg,,
b12257a3-dcbd-4943-a12d-5995d47fe452|0|9,Pumpkin Protein Mug Cake,Main,1/4 cup unsweetened almond milk,0.25,cup,unsweetened almond milk,,
b12257a3-dcbd-4943-a12d-5995d47fe452|0|10,Pumpkin Protein Mug Cake,Main,Chocolate chips for topping,,,Chocolate chips for topping,,no-qty
ecf940d3-c992-4d71-b933-b63db2dfb046|0|0,Pumpkin Season Baked Oats,Batter,½ cup oats,0.5,cup,oats,,
ecf940d3-c992-4d71-b933-b63db2dfb046|0|1,Pumpkin Season Baked Oats,Batter,2 tbsp pumpkin purée,2,tbsp,pumpkin purée,,
ecf940d3-c992-4d71-b933-b63db2dfb046|0|2,Pumpkin Season Baked Oats,Batter,¼ cup milk of choice,0.25,cup,milk of choice,,
ecf940d3-c992-4d71-b933-b63db2dfb046|0|3,Pumpkin Season Baked Oats,Batter,1 egg,1,,egg,,
ecf940d3-c992-4d71-b933-b63db2dfb046|0|4,Pumpkin Season Baked Oats,Batter,1 tbsp maple syrup (optional),1,tbsp,maple syrup,optional,
ecf940d3-c992-4d71-b933-b63db2dfb046|0|5,Pumpkin Season Baked Oats,Batter,½ tsp vanilla extract,0.5,tsp,vanilla extract,,
ecf940d3-c992-4d71-b933-b63db2dfb046|0|6,Pumpkin Season Baked Oats,Batter,½ tsp cinnamon,0.5,tsp,cinnamon,,
ecf940d3-c992-4d71-b933-b63db2dfb046|0|7,Pumpkin Season Baked Oats,Batter,¼ tsp pumpkin pie spice,0.25,tsp,pumpkin pie spice,,
ecf940d3-c992-4d71-b933-b63db2dfb046|0|8,Pumpkin Season Baked Oats,Batter,¼ tsp baking powder,0.25,tsp,baking powder,,
ecf940d3-c992-4d71-b933-b63db2dfb046|0|9,Pumpkin Season Baked Oats,Batter,Pinch of salt,1,pinch,salt,,
ecf940d3-c992-4d71-b933-b63db2dfb046|1|0,Pumpkin Season Baked Oats,Toppings,Pecans,,,Pecans,,no-qty
ecf940d3-c992-4d71-b933-b63db2dfb046|1|1,Pumpkin Season Baked Oats,Toppings,Chocolate,,,Chocolate,,no-qty
dc24041c-43ac-4a90-bed8-ef466895bbbf|0|0,Pumpkin Spice Olive Oil Cake,Cake,"2/3 cup olive oil, plus more for oiling dish",0.667,cup,olive oil,plus more for oiling dish,
dc24041c-43ac-4a90-bed8-ef466895bbbf|0|1,Pumpkin Spice Olive Oil Cake,Cake,1 cup pumpkin puree,1,cup,pumpkin puree,,
dc24041c-43ac-4a90-bed8-ef466895bbbf|0|2,Pumpkin Spice Olive Oil Cake,Cake,1 cup maple syrup,1,cup,maple syrup,,
dc24041c-43ac-4a90-bed8-ef466895bbbf|0|3,Pumpkin Spice Olive Oil Cake,Cake,1/4 cup coconut sugar,0.25,cup,coconut sugar,,
dc24041c-43ac-4a90-bed8-ef466895bbbf|0|4,Pumpkin Spice Olive Oil Cake,Cake,3 eggs,3,,eggs,,
dc24041c-43ac-4a90-bed8-ef466895bbbf|0|5,Pumpkin Spice Olive Oil Cake,Cake,2 tsp vanilla extract,2,tsp,vanilla extract,,
dc24041c-43ac-4a90-bed8-ef466895bbbf|0|6,Pumpkin Spice Olive Oil Cake,Cake,3 1/2 cups almond flour,3.5,cup,almond flour,,
dc24041c-43ac-4a90-bed8-ef466895bbbf|0|7,Pumpkin Spice Olive Oil Cake,Cake,2 tsp cinnamon,2,tsp,cinnamon,,
dc24041c-43ac-4a90-bed8-ef466895bbbf|0|8,Pumpkin Spice Olive Oil Cake,Cake,2 tsp ground ginger,2,tsp,ground ginger,,
dc24041c-43ac-4a90-bed8-ef466895bbbf|0|9,Pumpkin Spice Olive Oil Cake,Cake,1/2 tsp ground nutmeg,0.5,tsp,ground nutmeg,,
dc24041c-43ac-4a90-bed8-ef466895bbbf|0|10,Pumpkin Spice Olive Oil Cake,Cake,1/2 tsp ground cloves,0.5,tsp,ground cloves,,
dc24041c-43ac-4a90-bed8-ef466895bbbf|0|11,Pumpkin Spice Olive Oil Cake,Cake,1 tsp baking soda,1,tsp,baking soda,,
dc24041c-43ac-4a90-bed8-ef466895bbbf|0|12,Pumpkin Spice Olive Oil Cake,Cake,1 tsp baking powder,1,tsp,baking powder,,
dc24041c-43ac-4a90-bed8-ef466895bbbf|0|13,Pumpkin Spice Olive Oil Cake,Cake,1/2 tsp salt,0.5,tsp,salt,,
dc24041c-43ac-4a90-bed8-ef466895bbbf|1|0,Pumpkin Spice Olive Oil Cake,Caramel Sauce,1/2 cup coconut oil,0.5,cup,coconut oil,,
dc24041c-43ac-4a90-bed8-ef466895bbbf|1|1,Pumpkin Spice Olive Oil Cake,Caramel Sauce,1/2 cup maple syrup,0.5,cup,maple syrup,,
dc24041c-43ac-4a90-bed8-ef466895bbbf|1|2,Pumpkin Spice Olive Oil Cake,Caramel Sauce,1/4 cup almond butter,0.25,cup,almond butter,,
dc24041c-43ac-4a90-bed8-ef466895bbbf|1|3,Pumpkin Spice Olive Oil Cake,Caramel Sauce,Pinch of sea salt,1,pinch,sea salt,,
103fa13c-0404-46e7-b749-6074633b4127|0|0,Quick Chicken Laksa,Laksa,2 packs instant laksa noodles (reserve flavour sachets — check GF),2,,packs instant laksa noodles,reserve flavour sachets — check GF,
103fa13c-0404-46e7-b749-6074633b4127|0|1,Quick Chicken Laksa,Laksa,2 tbsp vegetable oil,2,tbsp,vegetable oil,,
103fa13c-0404-46e7-b749-6074633b4127|0|2,Quick Chicken Laksa,Laksa,2 tsp minced garlic,2,tsp,garlic,minced,
103fa13c-0404-46e7-b749-6074633b4127|0|3,Quick Chicken Laksa,Laksa,1 tsp minced ginger,1,tsp,ginger,minced,
103fa13c-0404-46e7-b749-6074633b4127|0|4,Quick Chicken Laksa,Laksa,2 tbsp laksa paste (or red curry paste),2,tbsp,laksa paste,or red curry paste,or-alt
103fa13c-0404-46e7-b749-6074633b4127|0|5,Quick Chicken Laksa,Laksa,300ml coconut milk,300,ml,coconut milk,,
103fa13c-0404-46e7-b749-6074633b4127|0|6,Quick Chicken Laksa,Laksa,300ml water,300,ml,water,,
103fa13c-0404-46e7-b749-6074633b4127|0|7,Quick Chicken Laksa,Laksa,"1 stalk lemongrass, white part only, bruised",1,stalk,lemongrass,"white part only,  bruised",
103fa13c-0404-46e7-b749-6074633b4127|0|8,Quick Chicken Laksa,Laksa,"Lime juice, to taste",,,Lime juice,to taste,vague|no-qty
103fa13c-0404-46e7-b749-6074633b4127|0|9,Quick Chicken Laksa,Laksa,250g shredded rotisserie chicken,250,g,rotisserie chicken,shredded,
103fa13c-0404-46e7-b749-6074633b4127|1|0,Quick Chicken Laksa,Garnish,Bean sprouts,,,Bean sprouts,,no-qty
103fa13c-0404-46e7-b749-6074633b4127|1|1,Quick Chicken Laksa,Garnish,Fresh coriander,,,Fresh coriander,,no-qty
103fa13c-0404-46e7-b749-6074633b4127|1|2,Quick Chicken Laksa,Garnish,Fried shallots,,,Fried shallots,,no-qty
103fa13c-0404-46e7-b749-6074633b4127|1|3,Quick Chicken Laksa,Garnish,Chilli oil,,,Chilli oil,,no-qty
103fa13c-0404-46e7-b749-6074633b4127|1|4,Quick Chicken Laksa,Garnish,Lime wedges,,,Lime wedges,,no-qty
63f1b0ba-c24d-4240-8faa-a3d7c4761465|0|0,Quick Chinese Vegetable Noodle Soup,Infused Asian Broth,"1 litre / 4 cups chicken stock/broth, low sodium",1,l,/ 4 cups chicken stock/broth,low sodium,digit-in-name
63f1b0ba-c24d-4240-8faa-a3d7c4761465|0|1,Quick Chinese Vegetable Noodle Soup,Infused Asian Broth,"2 garlic cloves, peeled and halved",2,,garlic cloves,peeled and halved,
63f1b0ba-c24d-4240-8faa-a3d7c4761465|0|2,Quick Chinese Vegetable Noodle Soup,Infused Asian Broth,"1.5cm / 1/2"" ginger piece, cut into 5 thin slices (optional, recommended)",1.5,,"cm / 1/2"" ginger piece","cut into 5 thin slices; optional, recommended",digit-in-name
63f1b0ba-c24d-4240-8faa-a3d7c4761465|0|3,Quick Chinese Vegetable Noodle Soup,Infused Asian Broth,"1 star anise, optional",1,,star anise,optional,
63f1b0ba-c24d-4240-8faa-a3d7c4761465|0|4,Quick Chinese Vegetable Noodle Soup,Infused Asian Broth,1½ tbsp light soy sauce or all purpose soy sauce,1,,½ tbsp light soy sauce or all purpose soy sauce,,or-alt|long
63f1b0ba-c24d-4240-8faa-a3d7c4761465|0|5,Quick Chinese Vegetable Noodle Soup,Infused Asian Broth,2 tsp sugar,2,tsp,sugar,,
63f1b0ba-c24d-4240-8faa-a3d7c4761465|0|6,Quick Chinese Vegetable Noodle Soup,Infused Asian Broth,1½ tbsp Chinese cooking wine,1,,½ tbsp Chinese cooking wine,,
63f1b0ba-c24d-4240-8faa-a3d7c4761465|0|7,Quick Chinese Vegetable Noodle Soup,Infused Asian Broth,1/2 tsp toasted sesame oil (optional),0.5,tsp,sesame oil,toasted; optional,
63f1b0ba-c24d-4240-8faa-a3d7c4761465|1|0,Quick Chinese Vegetable Noodle Soup,Vegetables,"4-6 stems Chinese broccoli or bok choy, stems and leaves sliced and separated",4,,stems Chinese broccoli or bok choy,stems and leaves sliced and separated,range|or-alt
63f1b0ba-c24d-4240-8faa-a3d7c4761465|1|1,Quick Chinese Vegetable Noodle Soup,Vegetables,"1 small carrot, peeled, cut in half lengthways then finely sliced on the diagonal",1,,small carrot,"peeled,  cut in half lengthways then finely sliced on the diagonal",
63f1b0ba-c24d-4240-8faa-a3d7c4761465|1|2,Quick Chinese Vegetable Noodle Soup,Vegetables,75g / 2.5oz enoki mushrooms (or other mushrooms sliced or quartered),75,g,/ 2.5oz enoki mushrooms,or other mushrooms sliced or quartered,digit-in-name|or-alt
63f1b0ba-c24d-4240-8faa-a3d7c4761465|2|0,Quick Chinese Vegetable Noodle Soup,Toppings,1/2 cup coriander/cilantro sprigs/leaves,0.5,cup,coriander/cilantro sprigs/leaves,,
63f1b0ba-c24d-4240-8faa-a3d7c4761465|2|1,Quick Chinese Vegetable Noodle Soup,Toppings,"1 green onion, green part only, finely sliced",1,,green onion,"green part only,  finely sliced",
63f1b0ba-c24d-4240-8faa-a3d7c4761465|2|2,Quick Chinese Vegetable Noodle Soup,Toppings,2 tbsp crispy fried shallots,2,tbsp,crispy fried shallots,,
63f1b0ba-c24d-4240-8faa-a3d7c4761465|2|3,Quick Chinese Vegetable Noodle Soup,Toppings,"Chilli crisp, chilli sauce or sriracha, optional",,,Chilli crisp,"chilli sauce or sriracha,  optional",or-alt|no-qty
7495b06c-d15d-4398-af46-49ef5fecaeac|0|0,Raspberry Cheesecake Protein Bowl,Main,3/4 cup Greek yogurt,0.75,cup,Greek yogurt,,
7495b06c-d15d-4398-af46-49ef5fecaeac|0|1,Raspberry Cheesecake Protein Bowl,Main,2 tbsp whipped cream cheese,2,tbsp,whipped cream cheese,,
7495b06c-d15d-4398-af46-49ef5fecaeac|0|2,Raspberry Cheesecake Protein Bowl,Main,1/2 scoop vanilla protein powder,0.5,scoop,vanilla protein powder,,
7495b06c-d15d-4398-af46-49ef5fecaeac|0|3,Raspberry Cheesecake Protein Bowl,Main,Splash of vanilla,1,splash,vanilla,,
7495b06c-d15d-4398-af46-49ef5fecaeac|0|4,Raspberry Cheesecake Protein Bowl,Main,Fresh raspberries,,,Fresh raspberries,,no-qty
7495b06c-d15d-4398-af46-49ef5fecaeac|0|5,Raspberry Cheesecake Protein Bowl,Main,Crushed low-carb cinnamon crackers (optional),,,low-carb cinnamon crackers,Crushed; optional,no-qty
218e17ca-716d-429a-8d53-98ea9e8d4ce5|0|0,Raspberry Chocolate Chip Baked Oatmeal,Batter,¾ cup oats,0.75,cup,oats,,
218e17ca-716d-429a-8d53-98ea9e8d4ce5|0|1,Raspberry Chocolate Chip Baked Oatmeal,Batter,¾ cup milk of choice,0.75,cup,milk of choice,,
218e17ca-716d-429a-8d53-98ea9e8d4ce5|0|2,Raspberry Chocolate Chip Baked Oatmeal,Batter,1 tbsp maple syrup,1,tbsp,maple syrup,,
218e17ca-716d-429a-8d53-98ea9e8d4ce5|0|3,Raspberry Chocolate Chip Baked Oatmeal,Batter,1 tbsp chia seeds,1,tbsp,chia seeds,,
218e17ca-716d-429a-8d53-98ea9e8d4ce5|0|4,Raspberry Chocolate Chip Baked Oatmeal,Batter,2 tbsp sunbutter,2,tbsp,sunbutter,,
218e17ca-716d-429a-8d53-98ea9e8d4ce5|0|5,Raspberry Chocolate Chip Baked Oatmeal,Batter,Splash of vanilla extract,1,splash,vanilla extract,,
218e17ca-716d-429a-8d53-98ea9e8d4ce5|0|6,Raspberry Chocolate Chip Baked Oatmeal,Batter,Pinch of salt,1,pinch,salt,,
218e17ca-716d-429a-8d53-98ea9e8d4ce5|0|7,Raspberry Chocolate Chip Baked Oatmeal,Batter,½ tsp baking powder,0.5,tsp,baking powder,,
218e17ca-716d-429a-8d53-98ea9e8d4ce5|1|0,Raspberry Chocolate Chip Baked Oatmeal,Fold-ins & Topping,Raspberries,,,Raspberries,,no-qty
218e17ca-716d-429a-8d53-98ea9e8d4ce5|1|1,Raspberry Chocolate Chip Baked Oatmeal,Fold-ins & Topping,Chocolate chips,,,Chocolate chips,,no-qty
a4a06fe6-a9b6-4856-84bd-4ef887ed5706|0|0,Raspberry Coconut Chocolate Bars,Main,1.5 cups dark chocolate chips,1.5,cup,dark chocolate chips,,
a4a06fe6-a9b6-4856-84bd-4ef887ed5706|0|1,Raspberry Coconut Chocolate Bars,Main,1 cup coconut shreds,1,cup,coconut shreds,,
a4a06fe6-a9b6-4856-84bd-4ef887ed5706|0|2,Raspberry Coconut Chocolate Bars,Main,2 tsp vanilla,2,tsp,vanilla,,
a4a06fe6-a9b6-4856-84bd-4ef887ed5706|0|3,Raspberry Coconut Chocolate Bars,Main,1.5 cups frozen raspberries,1.5,cup,frozen raspberries,,
a4a06fe6-a9b6-4856-84bd-4ef887ed5706|0|4,Raspberry Coconut Chocolate Bars,Main,1 tbsp maple syrup,1,tbsp,maple syrup,,
ed2bee86-79fb-4ce4-84a9-9e9452d33fa7|0|0,"Rice Cakes with Nut Butter, Strawberries & Chocolate",Main,2 lightly salted or plain rice cakes,2,,lightly salted or plain rice cakes,,or-alt
ed2bee86-79fb-4ce4-84a9-9e9452d33fa7|0|1,"Rice Cakes with Nut Butter, Strawberries & Chocolate",Main,15g nut butter of choice,15,g,nut butter of choice,,
ed2bee86-79fb-4ce4-84a9-9e9452d33fa7|0|2,"Rice Cakes with Nut Butter, Strawberries & Chocolate",Main,"4 medium strawberries, hulled and sliced",4,,medium strawberries,hulled and sliced,
ed2bee86-79fb-4ce4-84a9-9e9452d33fa7|0|3,"Rice Cakes with Nut Butter, Strawberries & Chocolate",Main,"15g dark chocolate (70%), grated or finely chopped",15,g,dark chocolate,grated or finely chopped; 70%,or-alt
ed2bee86-79fb-4ce4-84a9-9e9452d33fa7|0|4,"Rice Cakes with Nut Butter, Strawberries & Chocolate",Main,Pinch of sea salt,1,pinch,sea salt,,
9d25d2c2-d278-413c-8f75-09579489dd5c|0|0,Rice Paper Kimchi Jeon with Tuna,Filling,"2 cups kimchi, finely chopped",2,cup,kimchi,finely chopped,
9d25d2c2-d278-413c-8f75-09579489dd5c|0|1,Rice Paper Kimchi Jeon with Tuna,Filling,4 green onions,4,,green onions,,
9d25d2c2-d278-413c-8f75-09579489dd5c|0|2,Rice Paper Kimchi Jeon with Tuna,Filling,"¼ jalapeño, whole",0.25,,jalapeño,whole,
9d25d2c2-d278-413c-8f75-09579489dd5c|0|3,Rice Paper Kimchi Jeon with Tuna,Filling,"6 oz light canned tuna, drained",6,oz,light canned tuna,drained,
9d25d2c2-d278-413c-8f75-09579489dd5c|0|4,Rice Paper Kimchi Jeon with Tuna,Filling,1.5 tbsp cornstarch,1.5,tbsp,cornstarch,,
9d25d2c2-d278-413c-8f75-09579489dd5c|0|5,Rice Paper Kimchi Jeon with Tuna,Filling,1 tsp sesame oil,1,tsp,sesame oil,,
9d25d2c2-d278-413c-8f75-09579489dd5c|0|6,Rice Paper Kimchi Jeon with Tuna,Filling,¼ tsp salt,0.25,tsp,salt,,
9d25d2c2-d278-413c-8f75-09579489dd5c|0|7,Rice Paper Kimchi Jeon with Tuna,Filling,9 sheets rice paper,9,sheet,rice paper,,
9d25d2c2-d278-413c-8f75-09579489dd5c|0|8,Rice Paper Kimchi Jeon with Tuna,Filling,1 tbsp gochugaru,1,tbsp,gochugaru,,
9d25d2c2-d278-413c-8f75-09579489dd5c|0|9,Rice Paper Kimchi Jeon with Tuna,Filling,2 second cooking spray oil,2,,second cooking spray oil,,
9d25d2c2-d278-413c-8f75-09579489dd5c|1|0,Rice Paper Kimchi Jeon with Tuna,Dipping Sauce,2 tbsp soy sauce,2,tbsp,soy sauce,,
9d25d2c2-d278-413c-8f75-09579489dd5c|1|1,Rice Paper Kimchi Jeon with Tuna,Dipping Sauce,1 tbsp rice vinegar,1,tbsp,rice vinegar,,
9d25d2c2-d278-413c-8f75-09579489dd5c|1|2,Rice Paper Kimchi Jeon with Tuna,Dipping Sauce,2 tsp sesame oil,2,tsp,sesame oil,,
9d25d2c2-d278-413c-8f75-09579489dd5c|1|3,Rice Paper Kimchi Jeon with Tuna,Dipping Sauce,2 tsp minced garlic,2,tsp,garlic,minced,
f22b4a0b-5edf-4c88-8fe1-93c335802e3e|0|0,Rice Paper Pad See Ew with Shrimp,Main,5-6 sheets rice paper,5,sheet,rice paper,,range
f22b4a0b-5edf-4c88-8fe1-93c335802e3e|0|1,Rice Paper Pad See Ew with Shrimp,Main,"½ lb Argentine red shrimp, raw",0.5,lb,Argentine red shrimp,raw,
f22b4a0b-5edf-4c88-8fe1-93c335802e3e|0|2,Rice Paper Pad See Ew with Shrimp,Main,1.5 cups Chinese broccoli,1.5,cup,Chinese broccoli,,
f22b4a0b-5edf-4c88-8fe1-93c335802e3e|0|3,Rice Paper Pad See Ew with Shrimp,Main,1 egg,1,,egg,,
f22b4a0b-5edf-4c88-8fe1-93c335802e3e|0|4,Rice Paper Pad See Ew with Shrimp,Main,2 tbsp minced garlic,2,tbsp,garlic,minced,
f22b4a0b-5edf-4c88-8fe1-93c335802e3e|0|5,Rice Paper Pad See Ew with Shrimp,Main,1 second spray oil,1,,second spray oil,,
f22b4a0b-5edf-4c88-8fe1-93c335802e3e|0|6,Rice Paper Pad See Ew with Shrimp,Main,1 tbsp oyster sauce,1,tbsp,oyster sauce,,
f22b4a0b-5edf-4c88-8fe1-93c335802e3e|0|7,Rice Paper Pad See Ew with Shrimp,Main,2 tbsp soy sauce,2,tbsp,soy sauce,,
f22b4a0b-5edf-4c88-8fe1-93c335802e3e|0|8,Rice Paper Pad See Ew with Shrimp,Main,2 tsp sugar,2,tsp,sugar,,
326278cf-28f6-4f03-bb84-4a26babd9f49|0|0,Roast Chicken and Charred Corn Rice Salad,Salad,200g leftover cooked rice,200,g,leftover cooked rice,,
326278cf-28f6-4f03-bb84-4a26babd9f49|0|1,Roast Chicken and Charred Corn Rice Salad,Salad,"250g sweetcorn (tinned, drained)",250,g,sweetcorn,"tinned, drained",
326278cf-28f6-4f03-bb84-4a26babd9f49|0|2,Roast Chicken and Charred Corn Rice Salad,Salad,200g shredded cooked chicken,200,g,cooked chicken,shredded,
326278cf-28f6-4f03-bb84-4a26babd9f49|0|3,Roast Chicken and Charred Corn Rice Salad,Salad,1 head romaine lettuce,1,head,romaine lettuce,,
326278cf-28f6-4f03-bb84-4a26babd9f49|0|4,Roast Chicken and Charred Corn Rice Salad,Salad,"3 salad tomatoes, roughly chopped",3,,salad tomatoes,roughly chopped,
326278cf-28f6-4f03-bb84-4a26babd9f49|0|5,Roast Chicken and Charred Corn Rice Salad,Salad,"Pickled red onions, to garnish",,,Pickled red onions,to garnish,vague|no-qty
326278cf-28f6-4f03-bb84-4a26babd9f49|0|6,Roast Chicken and Charred Corn Rice Salad,Salad,"Lime wedges, to garnish",,,Lime wedges,to garnish,vague|no-qty
326278cf-28f6-4f03-bb84-4a26babd9f49|1|0,Roast Chicken and Charred Corn Rice Salad,Avocado Dressing,1 tbsp pickled jalapeños,1,tbsp,pickled jalapeños,,
326278cf-28f6-4f03-bb84-4a26babd9f49|1|1,Roast Chicken and Charred Corn Rice Salad,Avocado Dressing,1 tbsp nutritional yeast,1,tbsp,nutritional yeast,,
326278cf-28f6-4f03-bb84-4a26babd9f49|1|2,Roast Chicken and Charred Corn Rice Salad,Avocado Dressing,1 garlic clove,1,,garlic clove,,
326278cf-28f6-4f03-bb84-4a26babd9f49|1|3,Roast Chicken and Charred Corn Rice Salad,Avocado Dressing,½ avocado (~75g),0.5,,avocado,~75g,
326278cf-28f6-4f03-bb84-4a26babd9f49|1|4,Roast Chicken and Charred Corn Rice Salad,Avocado Dressing,1 tbsp Greek yoghurt (sub soya yoghurt to keep DF),1,tbsp,Greek yoghurt,sub soya yoghurt to keep DF,
326278cf-28f6-4f03-bb84-4a26babd9f49|1|5,Roast Chicken and Charred Corn Rice Salad,Avocado Dressing,Juice of ½ lemon,,,Juice of ½ lemon,,no-qty
326278cf-28f6-4f03-bb84-4a26babd9f49|1|6,Roast Chicken and Charred Corn Rice Salad,Avocado Dressing,Salt and pepper,,,Salt and pepper,,
326278cf-28f6-4f03-bb84-4a26babd9f49|1|7,Roast Chicken and Charred Corn Rice Salad,Avocado Dressing,"Olive oil, to thin",,,Olive oil,to thin,no-qty
2bbd59fc-f264-4ef6-b073-e6593ca83798|0|0,Roast Chicken Breast,Brine,2 litres cold water,2,l,cold water,,
2bbd59fc-f264-4ef6-b073-e6593ca83798|0|1,Roast Chicken Breast,Brine,100g rock salt or fine sea salt,100,g,rock salt or fine sea salt,,or-alt
2bbd59fc-f264-4ef6-b073-e6593ca83798|0|2,Roast Chicken Breast,Brine,2 tbsp caster sugar,2,tbsp,caster sugar,,
2bbd59fc-f264-4ef6-b073-e6593ca83798|0|3,Roast Chicken Breast,Brine,1 tsp garlic granules,1,tsp,garlic granules,,
2bbd59fc-f264-4ef6-b073-e6593ca83798|0|4,Roast Chicken Breast,Brine,1 sprig fresh thyme (optional),1,sprig,fresh thyme,optional,
2bbd59fc-f264-4ef6-b073-e6593ca83798|1|0,Roast Chicken Breast,For Cooking,4 boneless chicken breasts,4,,boneless chicken breasts,,
2bbd59fc-f264-4ef6-b073-e6593ca83798|1|1,Roast Chicken Breast,For Cooking,Light drizzle of olive oil,,,Light drizzle of olive oil,,no-qty
2bbd59fc-f264-4ef6-b073-e6593ca83798|1|2,Roast Chicken Breast,For Cooking,½ tsp white pepper,0.5,tsp,white pepper,,
2bbd59fc-f264-4ef6-b073-e6593ca83798|1|3,Roast Chicken Breast,For Cooking,½ tsp onion powder,0.5,tsp,onion powder,,
2bbd59fc-f264-4ef6-b073-e6593ca83798|1|4,Roast Chicken Breast,For Cooking,½ tsp garlic powder,0.5,tsp,garlic powder,,
2bbd59fc-f264-4ef6-b073-e6593ca83798|1|5,Roast Chicken Breast,For Cooking,Pinch of dried mixed herbs,1,pinch,dried mixed herbs,,
4046f696-3c65-4d1f-8846-d38f53aabf6f|0|0,Roast Chicken Crispy Rice Salad with Tahini Miso Dressing,Risotto-Style Crispy Rice,270g sushi rice,270,g,sushi rice,,
4046f696-3c65-4d1f-8846-d38f53aabf6f|0|1,Roast Chicken Crispy Rice Salad with Tahini Miso Dressing,Risotto-Style Crispy Rice,500g chicken bone broth,500,g,chicken bone broth,,
4046f696-3c65-4d1f-8846-d38f53aabf6f|0|2,Roast Chicken Crispy Rice Salad with Tahini Miso Dressing,Risotto-Style Crispy Rice,120ml white wine,120,ml,white wine,,
4046f696-3c65-4d1f-8846-d38f53aabf6f|0|3,Roast Chicken Crispy Rice Salad with Tahini Miso Dressing,Risotto-Style Crispy Rice,"3 shallots, finely diced",3,,shallots,finely diced,
4046f696-3c65-4d1f-8846-d38f53aabf6f|0|4,Roast Chicken Crispy Rice Salad with Tahini Miso Dressing,Risotto-Style Crispy Rice,"5 garlic cloves, grated",5,,garlic cloves,grated,
4046f696-3c65-4d1f-8846-d38f53aabf6f|0|5,Roast Chicken Crispy Rice Salad with Tahini Miso Dressing,Risotto-Style Crispy Rice,"250g mushrooms, sliced or torn",250,g,mushrooms,sliced or torn,or-alt
4046f696-3c65-4d1f-8846-d38f53aabf6f|0|6,Roast Chicken Crispy Rice Salad with Tahini Miso Dressing,Risotto-Style Crispy Rice,60g butter (sub dairy-free butter spread to keep DF),60,g,butter,sub dairy-free butter spread to keep DF,
4046f696-3c65-4d1f-8846-d38f53aabf6f|0|7,Roast Chicken Crispy Rice Salad with Tahini Miso Dressing,Risotto-Style Crispy Rice,30ml olive oil,30,ml,olive oil,,
4046f696-3c65-4d1f-8846-d38f53aabf6f|1|0,Roast Chicken Crispy Rice Salad with Tahini Miso Dressing,Tahini Miso Dressing,60g tahini,60,g,tahini,,
4046f696-3c65-4d1f-8846-d38f53aabf6f|1|1,Roast Chicken Crispy Rice Salad with Tahini Miso Dressing,Tahini Miso Dressing,30g soy sauce (check GF),30,g,soy sauce,check GF,
4046f696-3c65-4d1f-8846-d38f53aabf6f|1|2,Roast Chicken Crispy Rice Salad with Tahini Miso Dressing,Tahini Miso Dressing,60g rice vinegar,60,g,rice vinegar,,
4046f696-3c65-4d1f-8846-d38f53aabf6f|1|3,Roast Chicken Crispy Rice Salad with Tahini Miso Dressing,Tahini Miso Dressing,40g miso paste,40,g,miso paste,,
4046f696-3c65-4d1f-8846-d38f53aabf6f|1|4,Roast Chicken Crispy Rice Salad with Tahini Miso Dressing,Tahini Miso Dressing,30g sugar,30,g,sugar,,
4046f696-3c65-4d1f-8846-d38f53aabf6f|1|5,Roast Chicken Crispy Rice Salad with Tahini Miso Dressing,Tahini Miso Dressing,50ml water,50,ml,water,,
4046f696-3c65-4d1f-8846-d38f53aabf6f|2|0,Roast Chicken Crispy Rice Salad with Tahini Miso Dressing,Salad and Chicken,1.2kg boneless skinless chicken thighs,1.2,kg,boneless skinless chicken thighs,,
4046f696-3c65-4d1f-8846-d38f53aabf6f|2|1,Roast Chicken Crispy Rice Salad with Tahini Miso Dressing,Salad and Chicken,"1 bunch spring onions, sliced",1,bunch,spring onions,sliced,
4046f696-3c65-4d1f-8846-d38f53aabf6f|2|2,Roast Chicken Crispy Rice Salad with Tahini Miso Dressing,Salad and Chicken,Handful fresh mint leaves,1,handful,fresh mint leaves,,
4046f696-3c65-4d1f-8846-d38f53aabf6f|2|3,Roast Chicken Crispy Rice Salad with Tahini Miso Dressing,Salad and Chicken,"1 large cucumber, finely sliced",1,,large cucumber,finely sliced,
4046f696-3c65-4d1f-8846-d38f53aabf6f|2|4,Roast Chicken Crispy Rice Salad with Tahini Miso Dressing,Salad and Chicken,Handful fresh coriander leaves,1,handful,fresh coriander leaves,,
4046f696-3c65-4d1f-8846-d38f53aabf6f|2|5,Roast Chicken Crispy Rice Salad with Tahini Miso Dressing,Salad and Chicken,Salt and pepper,,,Salt and pepper,,
199a8e55-dcbd-4356-a692-ab0e730b851e|0|0,Roast Chicken Rice Salad,Dressing,1 tablespoon pickled jalapeños,1,tbsp,pickled jalapeños,,
199a8e55-dcbd-4356-a692-ab0e730b851e|0|1,Roast Chicken Rice Salad,Dressing,1 tbsp nutritional yeast,1,tbsp,nutritional yeast,,
199a8e55-dcbd-4356-a692-ab0e730b851e|0|2,Roast Chicken Rice Salad,Dressing,1 garlic clove,1,,garlic clove,,
199a8e55-dcbd-4356-a692-ab0e730b851e|0|3,Roast Chicken Rice Salad,Dressing,½ avocado,0.5,,avocado,,
199a8e55-dcbd-4356-a692-ab0e730b851e|0|4,Roast Chicken Rice Salad,Dressing,1 tbsp Greek yoghurt,1,tbsp,Greek yoghurt,,
199a8e55-dcbd-4356-a692-ab0e730b851e|0|5,Roast Chicken Rice Salad,Dressing,"½ lemon, juiced",0.5,,lemon,juiced,
199a8e55-dcbd-4356-a692-ab0e730b851e|0|6,Roast Chicken Rice Salad,Dressing,salt & pepper,,,salt & pepper,,
199a8e55-dcbd-4356-a692-ab0e730b851e|0|7,Roast Chicken Rice Salad,Dressing,olive oil (to blend),,,olive oil,to blend,no-qty
199a8e55-dcbd-4356-a692-ab0e730b851e|1|0,Roast Chicken Rice Salad,Salad,200g leftover rice,200,g,leftover rice,,
199a8e55-dcbd-4356-a692-ab0e730b851e|1|1,Roast Chicken Rice Salad,Salad,250g sweetcorn,250,g,sweetcorn,,
199a8e55-dcbd-4356-a692-ab0e730b851e|1|2,Roast Chicken Rice Salad,Salad,200g shredded chicken,200,g,chicken,shredded,
199a8e55-dcbd-4356-a692-ab0e730b851e|1|3,Roast Chicken Rice Salad,Salad,1 head of romaine,1,head,romaine,,
199a8e55-dcbd-4356-a692-ab0e730b851e|1|4,Roast Chicken Rice Salad,Salad,3 salad tomatoes,3,,salad tomatoes,,
199a8e55-dcbd-4356-a692-ab0e730b851e|1|5,Roast Chicken Rice Salad,Salad,pickled onions and lime to garnish,,,pickled onions and lime,to garnish,vague|no-qty
3a7392a5-b19e-45e9-8b25-55d41e4b75e4|0|0,Roasted Butternut Squash and Carrot Soup,Main,"1 butternut squash, peeled, seeds removed, chopped",1,,butternut squash,"peeled,  seeds removed,  chopped",
3a7392a5-b19e-45e9-8b25-55d41e4b75e4|0|1,Roasted Butternut Squash and Carrot Soup,Main,"3 carrots, peeled and chopped",3,,carrots,peeled and chopped,
3a7392a5-b19e-45e9-8b25-55d41e4b75e4|0|2,Roasted Butternut Squash and Carrot Soup,Main,"1 onion, diced",1,,onion,diced,
3a7392a5-b19e-45e9-8b25-55d41e4b75e4|0|3,Roasted Butternut Squash and Carrot Soup,Main,"3 garlic cloves, minced or grated",3,,garlic cloves,minced or grated,or-alt
3a7392a5-b19e-45e9-8b25-55d41e4b75e4|0|4,Roasted Butternut Squash and Carrot Soup,Main,"1 tbsp fresh ginger, minced or grated",1,tbsp,fresh ginger,minced or grated,or-alt
3a7392a5-b19e-45e9-8b25-55d41e4b75e4|0|5,Roasted Butternut Squash and Carrot Soup,Main,1 tsp curry powder,1,tsp,curry powder,,
3a7392a5-b19e-45e9-8b25-55d41e4b75e4|0|6,Roasted Butternut Squash and Carrot Soup,Main,½ tsp cumin,0.5,tsp,cumin,,
3a7392a5-b19e-45e9-8b25-55d41e4b75e4|0|7,Roasted Butternut Squash and Carrot Soup,Main,½ tsp coriander,0.5,tsp,coriander,,
3a7392a5-b19e-45e9-8b25-55d41e4b75e4|0|8,Roasted Butternut Squash and Carrot Soup,Main,½ tsp turmeric,0.5,tsp,turmeric,,
3a7392a5-b19e-45e9-8b25-55d41e4b75e4|0|9,Roasted Butternut Squash and Carrot Soup,Main,½ can coconut milk,0.5,can,coconut milk,,
3a7392a5-b19e-45e9-8b25-55d41e4b75e4|0|10,Roasted Butternut Squash and Carrot Soup,Main,1000ml veg stock,1000,ml,veg stock,,
3a7392a5-b19e-45e9-8b25-55d41e4b75e4|0|11,Roasted Butternut Squash and Carrot Soup,Main,2-3 tbsp olive oil,2,tbsp,olive oil,,range
3a7392a5-b19e-45e9-8b25-55d41e4b75e4|0|12,Roasted Butternut Squash and Carrot Soup,Main,Salt and pepper to taste,,,Salt and pepper,to taste,vague
ed533df0-cb52-4817-8b51-6b04cb643aaa|0|0,Roasted Cod on Sweet Potato,Main,2 large sweet potatoes (600g),2,,large sweet potatoes,600g,
ed533df0-cb52-4817-8b51-6b04cb643aaa|0|1,Roasted Cod on Sweet Potato,Main,70g chorizo,70,g,chorizo,,
ed533df0-cb52-4817-8b51-6b04cb643aaa|0|2,Roasted Cod on Sweet Potato,Main,50g peas,50,g,peas,,
ed533df0-cb52-4817-8b51-6b04cb643aaa|0|3,Roasted Cod on Sweet Potato,Main,2 cod fillets,2,,cod fillets,,
ed533df0-cb52-4817-8b51-6b04cb643aaa|0|4,Roasted Cod on Sweet Potato,Main,1/2 tsp smoked paprika,0.5,tsp,smoked paprika,,
ed533df0-cb52-4817-8b51-6b04cb643aaa|0|5,Roasted Cod on Sweet Potato,Main,Drizzle of honey,,,Drizzle of honey,,no-qty
ed533df0-cb52-4817-8b51-6b04cb643aaa|1|0,Roasted Cod on Sweet Potato,Garnish,Parsley,,,Parsley,,no-qty
ed533df0-cb52-4817-8b51-6b04cb643aaa|1|1,Roasted Cod on Sweet Potato,Garnish,Lemon,,,Lemon,,no-qty
5ca18527-5d6b-45e9-905b-4f3f19220b0a|0|0,Salmon Crispy Rice Paper Bites,Main,"2 salmon fillets, cut into cubes",2,,salmon fillets,cut into cubes,
5ca18527-5d6b-45e9-905b-4f3f19220b0a|0|1,Salmon Crispy Rice Paper Bites,Main,6 rice paper sheets,6,,rice paper sheets,,
5ca18527-5d6b-45e9-905b-4f3f19220b0a|0|2,Salmon Crispy Rice Paper Bites,Main,2 tbsp soy sauce or coconut aminos,2,tbsp,soy sauce or coconut aminos,,or-alt
5ca18527-5d6b-45e9-905b-4f3f19220b0a|0|3,Salmon Crispy Rice Paper Bites,Main,1 tbsp honey,1,tbsp,honey,,
5ca18527-5d6b-45e9-905b-4f3f19220b0a|0|4,Salmon Crispy Rice Paper Bites,Main,1 tbsp lime juice,1,tbsp,lime juice,,
5ca18527-5d6b-45e9-905b-4f3f19220b0a|0|5,Salmon Crispy Rice Paper Bites,Main,1/4 tsp garlic powder,0.25,tsp,garlic powder,,
5ca18527-5d6b-45e9-905b-4f3f19220b0a|0|6,Salmon Crispy Rice Paper Bites,Main,Cucumber,,,Cucumber,,no-qty
5ca18527-5d6b-45e9-905b-4f3f19220b0a|0|7,Salmon Crispy Rice Paper Bites,Main,Carrot,,,Carrot,,no-qty
5ca18527-5d6b-45e9-905b-4f3f19220b0a|0|8,Salmon Crispy Rice Paper Bites,Main,Sesame seeds,,,Sesame seeds,,no-qty
5ca18527-5d6b-45e9-905b-4f3f19220b0a|0|9,Salmon Crispy Rice Paper Bites,Main,Green onions,,,Green onions,,no-qty
a11e2974-0717-4940-af8f-b3b3034f82f5|0|0,Salmon Poke Bowl Meal Prep,Salmon,,,,,,NULL_LINE re-enter
a11e2974-0717-4940-af8f-b3b3034f82f5|0|1,Salmon Poke Bowl Meal Prep,Salmon,,,,,,NULL_LINE re-enter
a11e2974-0717-4940-af8f-b3b3034f82f5|0|2,Salmon Poke Bowl Meal Prep,Salmon,,,,,,NULL_LINE re-enter
a11e2974-0717-4940-af8f-b3b3034f82f5|0|3,Salmon Poke Bowl Meal Prep,Salmon,,,,,,NULL_LINE re-enter
a11e2974-0717-4940-af8f-b3b3034f82f5|0|4,Salmon Poke Bowl Meal Prep,Salmon,,,,,,NULL_LINE re-enter
a11e2974-0717-4940-af8f-b3b3034f82f5|0|5,Salmon Poke Bowl Meal Prep,Salmon,,,,,,NULL_LINE re-enter
a11e2974-0717-4940-af8f-b3b3034f82f5|0|6,Salmon Poke Bowl Meal Prep,Salmon,,,,,,NULL_LINE re-enter
a11e2974-0717-4940-af8f-b3b3034f82f5|0|7,Salmon Poke Bowl Meal Prep,Salmon,,,,,,NULL_LINE re-enter
a11e2974-0717-4940-af8f-b3b3034f82f5|0|8,Salmon Poke Bowl Meal Prep,Salmon,,,,,,NULL_LINE re-enter
a11e2974-0717-4940-af8f-b3b3034f82f5|0|9,Salmon Poke Bowl Meal Prep,Salmon,,,,,,NULL_LINE re-enter
a11e2974-0717-4940-af8f-b3b3034f82f5|0|10,Salmon Poke Bowl Meal Prep,Salmon,,,,,,NULL_LINE re-enter
a11e2974-0717-4940-af8f-b3b3034f82f5|1|0,Salmon Poke Bowl Meal Prep,Rest,,,,,,NULL_LINE re-enter
a11e2974-0717-4940-af8f-b3b3034f82f5|1|1,Salmon Poke Bowl Meal Prep,Rest,,,,,,NULL_LINE re-enter
a11e2974-0717-4940-af8f-b3b3034f82f5|1|2,Salmon Poke Bowl Meal Prep,Rest,,,,,,NULL_LINE re-enter
a11e2974-0717-4940-af8f-b3b3034f82f5|1|3,Salmon Poke Bowl Meal Prep,Rest,,,,,,NULL_LINE re-enter
a11e2974-0717-4940-af8f-b3b3034f82f5|1|4,Salmon Poke Bowl Meal Prep,Rest,,,,,,NULL_LINE re-enter
7b43b05a-89d3-418b-ab59-9b44b95fe404|0|0,Saucy Shredded Chicken Tacos,,2.5 lb boneless skinless chicken thighs,2.5,lb,boneless skinless chicken thighs,,
7b43b05a-89d3-418b-ab59-9b44b95fe404|0|1,Saucy Shredded Chicken Tacos,,½ cup sugar-free ketchup,0.5,cup,sugar-free ketchup,,
7b43b05a-89d3-418b-ab59-9b44b95fe404|0|2,Saucy Shredded Chicken Tacos,,⅓ cup coconut aminos,0.333,cup,coconut aminos,,
7b43b05a-89d3-418b-ab59-9b44b95fe404|0|3,Saucy Shredded Chicken Tacos,,3 tablespoons maple syrup,3,tbsp,maple syrup,,
7b43b05a-89d3-418b-ab59-9b44b95fe404|0|4,Saucy Shredded Chicken Tacos,,2 tablespoons apple cider vinegar,2,tbsp,apple cider vinegar,,
7b43b05a-89d3-418b-ab59-9b44b95fe404|0|5,Saucy Shredded Chicken Tacos,,1 tablespoon Dijon mustard,1,tbsp,Dijon mustard,,
7b43b05a-89d3-418b-ab59-9b44b95fe404|0|6,Saucy Shredded Chicken Tacos,,1 tablespoon avocado oil,1,tbsp,avocado oil,,
7b43b05a-89d3-418b-ab59-9b44b95fe404|0|7,Saucy Shredded Chicken Tacos,,1 teaspoon smoked paprika,1,tsp,smoked paprika,,
7b43b05a-89d3-418b-ab59-9b44b95fe404|0|8,Saucy Shredded Chicken Tacos,,1 teaspoon garlic powder,1,tsp,garlic powder,,
7b43b05a-89d3-418b-ab59-9b44b95fe404|0|9,Saucy Shredded Chicken Tacos,,½ teaspoon onion powder,0.5,tsp,onion powder,,
7b43b05a-89d3-418b-ab59-9b44b95fe404|0|10,Saucy Shredded Chicken Tacos,,¾ teaspoon kosher salt,0.75,tsp,kosher salt,,
7b43b05a-89d3-418b-ab59-9b44b95fe404|0|11,Saucy Shredded Chicken Tacos,,¼ teaspoon black pepper,0.25,tsp,black pepper,,
7b43b05a-89d3-418b-ab59-9b44b95fe404|0|12,Saucy Shredded Chicken Tacos,,3 tablespoons water + 1 teaspoon arrowroot starch,3,tbsp,water + 1 teaspoon arrowroot starch,,digit-in-name|long
7b43b05a-89d3-418b-ab59-9b44b95fe404|0|13,Saucy Shredded Chicken Tacos,,"to serve: corn tortillas, guacamole, pickled red onion, cilantro",,,to serve: corn tortillas,"guacamole,  pickled red onion,  cilantro",vague|no-qty
7da7380e-f05e-4288-852e-c5d8459b7b1f|0|0,Seared Miso Tuna Crispy Rice Bowl,Crispy Rice,250g leftover rice,250,g,leftover rice,,
7da7380e-f05e-4288-852e-c5d8459b7b1f|0|1,Seared Miso Tuna Crispy Rice Bowl,Crispy Rice,Neutral oil for frying,,,Neutral oil for frying,,no-qty
7da7380e-f05e-4288-852e-c5d8459b7b1f|1|0,Seared Miso Tuna Crispy Rice Bowl,Smacked Cucumber Salad,1 cucumber,1,,cucumber,,
7da7380e-f05e-4288-852e-c5d8459b7b1f|1|1,Seared Miso Tuna Crispy Rice Bowl,Smacked Cucumber Salad,Handful edamame,1,handful,edamame,,
7da7380e-f05e-4288-852e-c5d8459b7b1f|1|2,Seared Miso Tuna Crispy Rice Bowl,Smacked Cucumber Salad,Handful mangetout,1,handful,mangetout,,
7da7380e-f05e-4288-852e-c5d8459b7b1f|1|3,Seared Miso Tuna Crispy Rice Bowl,Smacked Cucumber Salad,Handful peas,1,handful,peas,,
7da7380e-f05e-4288-852e-c5d8459b7b1f|1|4,Seared Miso Tuna Crispy Rice Bowl,Smacked Cucumber Salad,Handful tenderstem broccoli,1,handful,tenderstem broccoli,,
7da7380e-f05e-4288-852e-c5d8459b7b1f|1|5,Seared Miso Tuna Crispy Rice Bowl,Smacked Cucumber Salad,3 spring onions,3,,spring onions,,
7da7380e-f05e-4288-852e-c5d8459b7b1f|2|0,Seared Miso Tuna Crispy Rice Bowl,Salad Dressing,1 garlic clove,1,,garlic clove,,
7da7380e-f05e-4288-852e-c5d8459b7b1f|2|1,Seared Miso Tuna Crispy Rice Bowl,Salad Dressing,Juice of 1/2 lemon,,,Juice of 1/2 lemon,,digit-in-name|no-qty
7da7380e-f05e-4288-852e-c5d8459b7b1f|2|2,Seared Miso Tuna Crispy Rice Bowl,Salad Dressing,2 tsp rice vinegar,2,tsp,rice vinegar,,
7da7380e-f05e-4288-852e-c5d8459b7b1f|2|3,Seared Miso Tuna Crispy Rice Bowl,Salad Dressing,1 tbsp soy sauce,1,tbsp,soy sauce,,
7da7380e-f05e-4288-852e-c5d8459b7b1f|2|4,Seared Miso Tuna Crispy Rice Bowl,Salad Dressing,1 tbsp sesame oil,1,tbsp,sesame oil,,
7da7380e-f05e-4288-852e-c5d8459b7b1f|2|5,Seared Miso Tuna Crispy Rice Bowl,Salad Dressing,1-2 tbsp gochugaru flakes,1,tbsp,gochugaru flakes,,range
7da7380e-f05e-4288-852e-c5d8459b7b1f|2|6,Seared Miso Tuna Crispy Rice Bowl,Salad Dressing,Pinch sugar,1,pinch,sugar,,
7da7380e-f05e-4288-852e-c5d8459b7b1f|2|7,Seared Miso Tuna Crispy Rice Bowl,Salad Dressing,Pinch MSG,1,pinch,MSG,,
7da7380e-f05e-4288-852e-c5d8459b7b1f|2|8,Seared Miso Tuna Crispy Rice Bowl,Salad Dressing,3 tbsp sesame seeds,3,tbsp,sesame seeds,,
7da7380e-f05e-4288-852e-c5d8459b7b1f|3|0,Seared Miso Tuna Crispy Rice Bowl,Miso Tuna,2 tuna steaks,2,,tuna steaks,,
7da7380e-f05e-4288-852e-c5d8459b7b1f|3|1,Seared Miso Tuna Crispy Rice Bowl,Miso Tuna,1 tbsp white miso,1,tbsp,white miso,,
7da7380e-f05e-4288-852e-c5d8459b7b1f|3|2,Seared Miso Tuna Crispy Rice Bowl,Miso Tuna,1 tbsp sesame oil,1,tbsp,sesame oil,,
7da7380e-f05e-4288-852e-c5d8459b7b1f|3|3,Seared Miso Tuna Crispy Rice Bowl,Miso Tuna,1 tbsp rice wine vinegar,1,tbsp,rice wine vinegar,,
7da7380e-f05e-4288-852e-c5d8459b7b1f|3|4,Seared Miso Tuna Crispy Rice Bowl,Miso Tuna,Pinch sugar,1,pinch,sugar,,
7da7380e-f05e-4288-852e-c5d8459b7b1f|3|5,Seared Miso Tuna Crispy Rice Bowl,Miso Tuna,1 tsp soy sauce,1,tsp,soy sauce,,
7da7380e-f05e-4288-852e-c5d8459b7b1f|3|6,Seared Miso Tuna Crispy Rice Bowl,Miso Tuna,Sesame seeds to coat,,,Sesame seeds to coat,,no-qty
20598858-c078-48be-8553-a0a5826b00b4|0|0,Shrimp Avocado and Greens with Lemony Tahini,Shrimp,"400g raw wild shrimp, peeled and deveined",400,g,raw wild shrimp,peeled and deveined,
20598858-c078-48be-8553-a0a5826b00b4|0|1,Shrimp Avocado and Greens with Lemony Tahini,Shrimp,2 tsp olive oil,2,tsp,olive oil,,
20598858-c078-48be-8553-a0a5826b00b4|0|2,Shrimp Avocado and Greens with Lemony Tahini,Shrimp,¾ tsp sea salt,0.75,tsp,sea salt,,
20598858-c078-48be-8553-a0a5826b00b4|0|3,Shrimp Avocado and Greens with Lemony Tahini,Shrimp,½ tsp garlic powder,0.5,tsp,garlic powder,,
20598858-c078-48be-8553-a0a5826b00b4|0|4,Shrimp Avocado and Greens with Lemony Tahini,Shrimp,½ tsp smoked paprika,0.5,tsp,smoked paprika,,
20598858-c078-48be-8553-a0a5826b00b4|0|5,Shrimp Avocado and Greens with Lemony Tahini,Shrimp,Fresh cracked pepper,,,Fresh cracked pepper,,no-qty
20598858-c078-48be-8553-a0a5826b00b4|1|0,Shrimp Avocado and Greens with Lemony Tahini,Salad,4 cups (80g) rocket (arugula) or greens of choice,4,cup,rocket or greens of choice,80g; arugula,or-alt
20598858-c078-48be-8553-a0a5826b00b4|1|1,Shrimp Avocado and Greens with Lemony Tahini,Salad,1 cup (60g) fresh watercress,1,cup,fresh watercress,60g,
20598858-c078-48be-8553-a0a5826b00b4|1|2,Shrimp Avocado and Greens with Lemony Tahini,Salad,"1 avocado (~150g), sliced",1,,avocado,sliced; ~150g,
20598858-c078-48be-8553-a0a5826b00b4|1|3,Shrimp Avocado and Greens with Lemony Tahini,Salad,"1 jalapeño, thinly sliced (deseeded if preferred)",1,,jalapeño,thinly sliced; deseeded if preferred,
20598858-c078-48be-8553-a0a5826b00b4|1|4,Shrimp Avocado and Greens with Lemony Tahini,Salad,"1 medium cucumber (~150g), sliced",1,,medium cucumber,sliced; ~150g,
20598858-c078-48be-8553-a0a5826b00b4|2|0,Shrimp Avocado and Greens with Lemony Tahini,Lemony Tahini Dressing,2 tbsp high quality tahini,2,tbsp,high quality tahini,,
20598858-c078-48be-8553-a0a5826b00b4|2|1,Shrimp Avocado and Greens with Lemony Tahini,Lemony Tahini Dressing,1 tbsp olive oil,1,tbsp,olive oil,,
20598858-c078-48be-8553-a0a5826b00b4|2|2,Shrimp Avocado and Greens with Lemony Tahini,Lemony Tahini Dressing,Juice of ½ large lemon (~30ml),,,Juice of ½ large lemon,~30ml,no-qty
20598858-c078-48be-8553-a0a5826b00b4|2|3,Shrimp Avocado and Greens with Lemony Tahini,Lemony Tahini Dressing,½ tsp sea salt,0.5,tsp,sea salt,,
20598858-c078-48be-8553-a0a5826b00b4|2|4,Shrimp Avocado and Greens with Lemony Tahini,Lemony Tahini Dressing,1 tsp freshly minced garlic,1,tsp,freshly minced garlic,,
20598858-c078-48be-8553-a0a5826b00b4|2|5,Shrimp Avocado and Greens with Lemony Tahini,Lemony Tahini Dressing,1 tbsp finely chopped fresh coriander,1,tbsp,fresh coriander,finely chopped,
20598858-c078-48be-8553-a0a5826b00b4|2|6,Shrimp Avocado and Greens with Lemony Tahini,Lemony Tahini Dressing,2–3 tbsp water to thin,2,tbsp,water to thin,,range
9177ed1f-5e57-492b-a1c7-6662ca698f6b|0|0,Simple Honey Date Cake,Cake,12 medjool dates,12,,medjool dates,,
9177ed1f-5e57-492b-a1c7-6662ca698f6b|0|1,Simple Honey Date Cake,Cake,1 cup boiling water,1,cup,boiling water,,
9177ed1f-5e57-492b-a1c7-6662ca698f6b|0|2,Simple Honey Date Cake,Cake,1/4 cup + 1 tbsp raw honey,0.25,cup,+ 1 tbsp raw honey,,digit-in-name
9177ed1f-5e57-492b-a1c7-6662ca698f6b|0|3,Simple Honey Date Cake,Cake,3 large eggs,3,,large eggs,,
9177ed1f-5e57-492b-a1c7-6662ca698f6b|0|4,Simple Honey Date Cake,Cake,1 cup gluten free all purpose flour,1,cup,gluten free all purpose flour,,
9177ed1f-5e57-492b-a1c7-6662ca698f6b|0|5,Simple Honey Date Cake,Cake,3 tsp cinnamon,3,tsp,cinnamon,,
9177ed1f-5e57-492b-a1c7-6662ca698f6b|0|6,Simple Honey Date Cake,Cake,1/4 cup olive oil,0.25,cup,olive oil,,
9177ed1f-5e57-492b-a1c7-6662ca698f6b|0|7,Simple Honey Date Cake,Cake,1 tsp vanilla paste,1,tsp,vanilla paste,,
9177ed1f-5e57-492b-a1c7-6662ca698f6b|0|8,Simple Honey Date Cake,Cake,1 tsp baking powder,1,tsp,baking powder,,
9177ed1f-5e57-492b-a1c7-6662ca698f6b|0|9,Simple Honey Date Cake,Cake,1/2 tsp baking soda,0.5,tsp,baking soda,,
9177ed1f-5e57-492b-a1c7-6662ca698f6b|0|10,Simple Honey Date Cake,Cake,Dash of salt,1,dash,salt,,
f812194f-6f62-44b1-817d-231046e933a4|0|0,Simple Salmon Bowl,Main,1 salmon fillet,1,,salmon fillet,,
f812194f-6f62-44b1-817d-231046e933a4|0|1,Simple Salmon Bowl,Main,1/2 pack microwave rice or 60g sushi rice,0.5,pack,microwave rice or 60g sushi rice,,digit-in-name|or-alt
f812194f-6f62-44b1-817d-231046e933a4|0|2,Simple Salmon Bowl,Main,10g sriracha,10,g,sriracha,,
f812194f-6f62-44b1-817d-231046e933a4|0|3,Simple Salmon Bowl,Main,15g kewpie mayo,15,g,kewpie mayo,,
f812194f-6f62-44b1-817d-231046e933a4|0|4,Simple Salmon Bowl,Main,40g cucumber,40,g,cucumber,,
f812194f-6f62-44b1-817d-231046e933a4|0|5,Simple Salmon Bowl,Main,1 packet of seaweed thins,1,packet,seaweed thins,,
b5efe3b1-1126-4c46-9e0b-bf7d78657511|0|0,Singapore Chicken Noodles,Singapore Noodles Sauce,3 tbsp light soy sauce,3,tbsp,light soy sauce,,
b5efe3b1-1126-4c46-9e0b-bf7d78657511|0|1,Singapore Chicken Noodles,Singapore Noodles Sauce,"3 tbsp Chinese cooking wine (Shaoxing wine, sub low-salt chicken stock)",3,tbsp,Chinese cooking wine,"Shaoxing wine, sub low-salt chicken stock",
b5efe3b1-1126-4c46-9e0b-bf7d78657511|0|2,Singapore Chicken Noodles,Singapore Noodles Sauce,3 tsp curry powder,3,tsp,curry powder,,
b5efe3b1-1126-4c46-9e0b-bf7d78657511|0|3,Singapore Chicken Noodles,Singapore Noodles Sauce,1 tsp white sugar,1,tsp,white sugar,,
b5efe3b1-1126-4c46-9e0b-bf7d78657511|0|4,Singapore Chicken Noodles,Singapore Noodles Sauce,½ tsp white pepper,0.5,tsp,white pepper,,
b5efe3b1-1126-4c46-9e0b-bf7d78657511|1|0,Singapore Chicken Noodles,Chicken,"150g skinless boneless chicken thighs, cut in half lengthways then sliced into 5mm strips",150,g,skinless boneless chicken thighs,cut in half lengthways then sliced into 5mm strips,
b5efe3b1-1126-4c46-9e0b-bf7d78657511|1|1,Singapore Chicken Noodles,Chicken,¼ tsp cooking/kosher salt,0.25,tsp,cooking/kosher salt,,
b5efe3b1-1126-4c46-9e0b-bf7d78657511|1|2,Singapore Chicken Noodles,Chicken,½ tsp curry powder,0.5,tsp,curry powder,,
b5efe3b1-1126-4c46-9e0b-bf7d78657511|2|0,Singapore Chicken Noodles,Stir Fry,"100g dried vermicelli noodles, prepared per packet",100,g,dried vermicelli noodles,prepared per packet,
b5efe3b1-1126-4c46-9e0b-bf7d78657511|2|1,Singapore Chicken Noodles,Stir Fry,"2 tbsp plain oil (canola, veg, or peanut)",2,tbsp,plain oil,"canola, veg, or peanut",or-alt
b5efe3b1-1126-4c46-9e0b-bf7d78657511|2|2,Singapore Chicken Noodles,Stir Fry,"2 eggs, whisked",2,,eggs,whisked,
b5efe3b1-1126-4c46-9e0b-bf7d78657511|2|3,Singapore Chicken Noodles,Stir Fry,"100g streaky bacon, chopped into small pieces",100,g,streaky bacon,chopped into small pieces,
b5efe3b1-1126-4c46-9e0b-bf7d78657511|2|4,Singapore Chicken Noodles,Stir Fry,"½ brown onion, finely sliced",0.5,,brown onion,finely sliced,
b5efe3b1-1126-4c46-9e0b-bf7d78657511|2|5,Singapore Chicken Noodles,Stir Fry,"3 garlic cloves, finely minced",3,,garlic cloves,finely minced,
b5efe3b1-1126-4c46-9e0b-bf7d78657511|2|6,Singapore Chicken Noodles,Stir Fry,"1 red capsicum (bell pepper), deseeded and finely sliced",1,,red capsicum,deseeded and finely sliced; bell pepper,
b5efe3b1-1126-4c46-9e0b-bf7d78657511|2|7,Singapore Chicken Noodles,Stir Fry,1 very heaped cup each bean sprouts & baby spinach,1,,very heaped cup each bean sprouts & baby spinach,,long
60b24c73-ead9-405a-90f5-09fac7bc394d|0|0,Single Serve Baked French Toast,Main,"2 slices GF bread, crusts removed",2,slice,GF bread,crusts removed,
60b24c73-ead9-405a-90f5-09fac7bc394d|0|1,Single Serve Baked French Toast,Main,2 eggs,2,,eggs,,
60b24c73-ead9-405a-90f5-09fac7bc394d|0|2,Single Serve Baked French Toast,Main,1 tsp vanilla extract,1,tsp,vanilla extract,,
60b24c73-ead9-405a-90f5-09fac7bc394d|0|3,Single Serve Baked French Toast,Main,½ tsp cinnamon,0.5,tsp,cinnamon,,
60b24c73-ead9-405a-90f5-09fac7bc394d|0|4,Single Serve Baked French Toast,Main,1 tbsp maple syrup,1,tbsp,maple syrup,,
60b24c73-ead9-405a-90f5-09fac7bc394d|0|5,Single Serve Baked French Toast,Main,¾ cup almond milk,0.75,cup,almond milk,,
60b24c73-ead9-405a-90f5-09fac7bc394d|0|6,Single Serve Baked French Toast,Main,Handful frozen blueberries,1,handful,frozen blueberries,,
7a0644a4-c448-43fe-b1e1-13bed72a7309|0|0,Single Serve Double Chocolate Butter Cake,Main,2 tbsp vegan butter,2,tbsp,vegan butter,,
7a0644a4-c448-43fe-b1e1-13bed72a7309|0|1,Single Serve Double Chocolate Butter Cake,Main,4 tbsp brown sugar,4,tbsp,brown sugar,,
7a0644a4-c448-43fe-b1e1-13bed72a7309|0|2,Single Serve Double Chocolate Butter Cake,Main,1 tbsp oil,1,tbsp,oil,,
7a0644a4-c448-43fe-b1e1-13bed72a7309|0|3,Single Serve Double Chocolate Butter Cake,Main,1/4 tsp vanilla extract,0.25,tsp,vanilla extract,,
7a0644a4-c448-43fe-b1e1-13bed72a7309|0|4,Single Serve Double Chocolate Butter Cake,Main,1 1/2 tbsp cocoa powder,1.5,tbsp,cocoa powder,,
7a0644a4-c448-43fe-b1e1-13bed72a7309|0|5,Single Serve Double Chocolate Butter Cake,Main,1/8 tsp baking soda,0.125,tsp,baking soda,,
7a0644a4-c448-43fe-b1e1-13bed72a7309|0|6,Single Serve Double Chocolate Butter Cake,Main,1/8 tsp salt,0.125,tsp,salt,,
7a0644a4-c448-43fe-b1e1-13bed72a7309|0|7,Single Serve Double Chocolate Butter Cake,Main,4 tbsp all purpose flour,4,tbsp,all purpose flour,,
7a0644a4-c448-43fe-b1e1-13bed72a7309|0|8,Single Serve Double Chocolate Butter Cake,Main,Vegan chocolate chips,,,Vegan chocolate chips,,no-qty
0a7f5180-b8f6-4a49-a1c9-51fa47030f3c|0|0,Single Serve Sticky Date Pudding,Pudding,1 medjool date (25g dates),1,,medjool date,25g dates,
0a7f5180-b8f6-4a49-a1c9-51fa47030f3c|0|1,Single Serve Sticky Date Pudding,Pudding,1/4 tsp bicarb soda,0.25,tsp,bicarb soda,,
0a7f5180-b8f6-4a49-a1c9-51fa47030f3c|0|2,Single Serve Sticky Date Pudding,Pudding,2 tbsp boiling water,2,tbsp,boiling water,,
0a7f5180-b8f6-4a49-a1c9-51fa47030f3c|0|3,Single Serve Sticky Date Pudding,Pudding,25g self raising flour (can use GF),25,g,self raising flour,can use GF,
0a7f5180-b8f6-4a49-a1c9-51fa47030f3c|0|4,Single Serve Sticky Date Pudding,Pudding,10g protein powder (or extra flour),10,g,protein powder,or extra flour,or-alt
0a7f5180-b8f6-4a49-a1c9-51fa47030f3c|0|5,Single Serve Sticky Date Pudding,Pudding,1 tbsp sweetener,1,tbsp,sweetener,,
0a7f5180-b8f6-4a49-a1c9-51fa47030f3c|0|6,Single Serve Sticky Date Pudding,Pudding,"1/2 tsp butter, softened",0.5,tsp,butter,softened,
0a7f5180-b8f6-4a49-a1c9-51fa47030f3c|0|7,Single Serve Sticky Date Pudding,Pudding,1-2 tbsp milk,1,tbsp,milk,,range
0a7f5180-b8f6-4a49-a1c9-51fa47030f3c|0|8,Single Serve Sticky Date Pudding,Pudding,Pinch of salt,1,pinch,salt,,
0a7f5180-b8f6-4a49-a1c9-51fa47030f3c|1|0,Single Serve Sticky Date Pudding,Caramel Sauce,5g biscoff (melted) or almond butter for GF,5,g,biscoff or almond butter for GF,melted,or-alt
0a7f5180-b8f6-4a49-a1c9-51fa47030f3c|1|1,Single Serve Sticky Date Pudding,Caramel Sauce,1 tbsp maple syrup,1,tbsp,maple syrup,,
0a7f5180-b8f6-4a49-a1c9-51fa47030f3c|1|2,Single Serve Sticky Date Pudding,Caramel Sauce,1 tbsp milk,1,tbsp,milk,,
f5547427-fc37-47a7-ab26-1b200c55eb3f|0|0,Single Serve Vegan Chocolate Mug Cake,Main,2 tbsp plain flour,2,tbsp,plain flour,,
f5547427-fc37-47a7-ab26-1b200c55eb3f|0|1,Single Serve Vegan Chocolate Mug Cake,Main,1 tbsp cocoa powder,1,tbsp,cocoa powder,,
f5547427-fc37-47a7-ab26-1b200c55eb3f|0|2,Single Serve Vegan Chocolate Mug Cake,Main,1 tbsp coconut sugar,1,tbsp,coconut sugar,,
f5547427-fc37-47a7-ab26-1b200c55eb3f|0|3,Single Serve Vegan Chocolate Mug Cake,Main,Pinch of flaky salt,1,pinch,flaky salt,,
f5547427-fc37-47a7-ab26-1b200c55eb3f|0|4,Single Serve Vegan Chocolate Mug Cake,Main,1/2 tsp baking powder,0.5,tsp,baking powder,,
f5547427-fc37-47a7-ab26-1b200c55eb3f|0|5,Single Serve Vegan Chocolate Mug Cake,Main,1/2 tbsp olive oil,0.5,tbsp,olive oil,,
f5547427-fc37-47a7-ab26-1b200c55eb3f|0|6,Single Serve Vegan Chocolate Mug Cake,Main,4 tbsp plant-based milk,4,tbsp,plant-based milk,,
f5547427-fc37-47a7-ab26-1b200c55eb3f|0|7,Single Serve Vegan Chocolate Mug Cake,Main,1 tsp peanut butter (for the middle),1,tsp,peanut butter,for the middle,
f5547427-fc37-47a7-ab26-1b200c55eb3f|0|8,Single Serve Vegan Chocolate Mug Cake,Main,Dark chocolate chips for topping,,,Dark chocolate chips for topping,,no-qty
7dad40e9-0da5-491d-8d69-f1b3eec89c68|0|0,Skillet Chicken Thighs with Mushroom Gravy,,6 boneless skinless chicken thighs,6,,boneless skinless chicken thighs,,
7dad40e9-0da5-491d-8d69-f1b3eec89c68|0|1,Skillet Chicken Thighs with Mushroom Gravy,,4 tbsp avocado oil,4,tbsp,avocado oil,,
7dad40e9-0da5-491d-8d69-f1b3eec89c68|0|2,Skillet Chicken Thighs with Mushroom Gravy,,"1 onion, diced",1,,onion,diced,
7dad40e9-0da5-491d-8d69-f1b3eec89c68|0|3,Skillet Chicken Thighs with Mushroom Gravy,,"1 lb baby bella mushrooms, sliced thick",1,lb,baby bella mushrooms,sliced thick,
7dad40e9-0da5-491d-8d69-f1b3eec89c68|0|4,Skillet Chicken Thighs with Mushroom Gravy,,"2 cloves garlic, minced",2,clove,garlic,minced,
7dad40e9-0da5-491d-8d69-f1b3eec89c68|0|5,Skillet Chicken Thighs with Mushroom Gravy,,"2–3 tbsp fresh thyme leaves, roughly chopped",2,tbsp,fresh thyme leaves,roughly chopped,range
7dad40e9-0da5-491d-8d69-f1b3eec89c68|0|6,Skillet Chicken Thighs with Mushroom Gravy,,2 cups chicken broth,2,cup,chicken broth,,
7dad40e9-0da5-491d-8d69-f1b3eec89c68|0|7,Skillet Chicken Thighs with Mushroom Gravy,,2 tbsp tamari,2,tbsp,tamari,,
7dad40e9-0da5-491d-8d69-f1b3eec89c68|0|8,Skillet Chicken Thighs with Mushroom Gravy,,2 tbsp arrowroot starch (or thickener of choice),2,tbsp,arrowroot starch,or thickener of choice,or-alt
7dad40e9-0da5-491d-8d69-f1b3eec89c68|0|9,Skillet Chicken Thighs with Mushroom Gravy,,salt and pepper to season,,,salt and pepper to season,,
f69c8a94-2b76-4371-893b-92f4ef797efb|0|0,Smashed Broccoli Salad with Greek Yogurt Dressing,Smashed Broccoli,1.5 lbs broccoli florets,1.5,lb,broccoli florets,,
f69c8a94-2b76-4371-893b-92f4ef797efb|0|1,Smashed Broccoli Salad with Greek Yogurt Dressing,Smashed Broccoli,Finely shredded parmesan or pecorino cheese,,,parmesan or pecorino cheese,Finely shredded,or-alt|no-qty
f69c8a94-2b76-4371-893b-92f4ef797efb|0|2,Smashed Broccoli Salad with Greek Yogurt Dressing,Smashed Broccoli,4 tbsp avocado oil,4,tbsp,avocado oil,,
f69c8a94-2b76-4371-893b-92f4ef797efb|0|3,Smashed Broccoli Salad with Greek Yogurt Dressing,Smashed Broccoli,1/2 tsp dried oregano,0.5,tsp,dried oregano,,
f69c8a94-2b76-4371-893b-92f4ef797efb|0|4,Smashed Broccoli Salad with Greek Yogurt Dressing,Smashed Broccoli,1 tsp Chile lime seasoning,1,tsp,Chile lime seasoning,,
f69c8a94-2b76-4371-893b-92f4ef797efb|0|5,Smashed Broccoli Salad with Greek Yogurt Dressing,Smashed Broccoli,1 tsp smoked paprika,1,tsp,smoked paprika,,
f69c8a94-2b76-4371-893b-92f4ef797efb|1|0,Smashed Broccoli Salad with Greek Yogurt Dressing,Salad,"4 Persian cucumbers, thinly sliced",4,,Persian cucumbers,thinly sliced,
f69c8a94-2b76-4371-893b-92f4ef797efb|1|1,Smashed Broccoli Salad with Greek Yogurt Dressing,Salad,"1/2 red onion, finely diced",0.5,,red onion,finely diced,
f69c8a94-2b76-4371-893b-92f4ef797efb|1|2,Smashed Broccoli Salad with Greek Yogurt Dressing,Salad,"Large handful fresh dill, finely chopped",1,handful,fresh dill,finely chopped,
f69c8a94-2b76-4371-893b-92f4ef797efb|1|3,Smashed Broccoli Salad with Greek Yogurt Dressing,Salad,"Large handful fresh parsley, finely chopped",1,handful,fresh parsley,finely chopped,
f69c8a94-2b76-4371-893b-92f4ef797efb|1|4,Smashed Broccoli Salad with Greek Yogurt Dressing,Salad,1/4 to 1/2 cup toasted walnuts,0.25,,to 1/2 cup toasted walnuts,,digit-in-name
f69c8a94-2b76-4371-893b-92f4ef797efb|2|0,Smashed Broccoli Salad with Greek Yogurt Dressing,Greek Yogurt Dressing,2 tbsp Greek yogurt,2,tbsp,Greek yogurt,,
f69c8a94-2b76-4371-893b-92f4ef797efb|2|1,Smashed Broccoli Salad with Greek Yogurt Dressing,Greek Yogurt Dressing,2.5 tbsp mayo,2.5,tbsp,mayo,,
f69c8a94-2b76-4371-893b-92f4ef797efb|2|2,Smashed Broccoli Salad with Greek Yogurt Dressing,Greek Yogurt Dressing,1/2 tbsp Dijon mustard,0.5,tbsp,Dijon mustard,,
f69c8a94-2b76-4371-893b-92f4ef797efb|2|3,Smashed Broccoli Salad with Greek Yogurt Dressing,Greek Yogurt Dressing,Juice of 1 large lemon,,,Juice of 1 large lemon,,digit-in-name|no-qty
f69c8a94-2b76-4371-893b-92f4ef797efb|2|4,Smashed Broccoli Salad with Greek Yogurt Dressing,Greek Yogurt Dressing,A couple pinches of salt,,,pinches of salt,,no-qty
f69c8a94-2b76-4371-893b-92f4ef797efb|2|5,Smashed Broccoli Salad with Greek Yogurt Dressing,Greek Yogurt Dressing,1 tsp Aleppo pepper,1,tsp,Aleppo pepper,,
f69c8a94-2b76-4371-893b-92f4ef797efb|2|6,Smashed Broccoli Salad with Greek Yogurt Dressing,Greek Yogurt Dressing,1/2 tsp sweet paprika,0.5,tsp,sweet paprika,,
7dfcf1c8-0004-4c41-8619-78548b909e80|0|0,Smoky Caramelised Red Pepper Orzo,Main,"1 red pepper, sliced into strips",1,,red pepper,sliced into strips,
7dfcf1c8-0004-4c41-8619-78548b909e80|0|1,Smoky Caramelised Red Pepper Orzo,Main,"1 large banana shallot, finely sliced",1,,large banana shallot,finely sliced,
7dfcf1c8-0004-4c41-8619-78548b909e80|0|2,Smoky Caramelised Red Pepper Orzo,Main,"2 garlic cloves, minced",2,,garlic cloves,minced,
7dfcf1c8-0004-4c41-8619-78548b909e80|0|3,Smoky Caramelised Red Pepper Orzo,Main,1 tsp honey,1,tsp,honey,,
7dfcf1c8-0004-4c41-8619-78548b909e80|0|4,Smoky Caramelised Red Pepper Orzo,Main,1 heaped tsp sweet smoked paprika,1,,heaped tsp sweet smoked paprika,,
7dfcf1c8-0004-4c41-8619-78548b909e80|0|5,Smoky Caramelised Red Pepper Orzo,Main,"200g cherry tomatoes, whole",200,g,cherry tomatoes,whole,
7dfcf1c8-0004-4c41-8619-78548b909e80|0|6,Smoky Caramelised Red Pepper Orzo,Main,1 chicken stock cube,1,,chicken stock cube,,
7dfcf1c8-0004-4c41-8619-78548b909e80|0|7,Smoky Caramelised Red Pepper Orzo,Main,1 tbsp sundried tomato purée,1,tbsp,sundried tomato purée,,
7dfcf1c8-0004-4c41-8619-78548b909e80|0|8,Smoky Caramelised Red Pepper Orzo,Main,150g orzo,150,g,orzo,,
7dfcf1c8-0004-4c41-8619-78548b909e80|0|9,Smoky Caramelised Red Pepper Orzo,Main,Fresh chives,,,Fresh chives,,no-qty
7dfcf1c8-0004-4c41-8619-78548b909e80|0|10,Smoky Caramelised Red Pepper Orzo,Main,Lemon,,,Lemon,,no-qty
7dfcf1c8-0004-4c41-8619-78548b909e80|1|0,Smoky Caramelised Red Pepper Orzo,Optional Garlic Prawns,200g raw prawns,200,g,raw prawns,,
7dfcf1c8-0004-4c41-8619-78548b909e80|1|1,Smoky Caramelised Red Pepper Orzo,Optional Garlic Prawns,1 tsp garlic granules,1,tsp,garlic granules,,
7dfcf1c8-0004-4c41-8619-78548b909e80|1|2,Smoky Caramelised Red Pepper Orzo,Optional Garlic Prawns,Olive oil,,,Olive oil,,no-qty
7dfcf1c8-0004-4c41-8619-78548b909e80|1|3,Smoky Caramelised Red Pepper Orzo,Optional Garlic Prawns,"Salt, pepper and lemon",,,Salt,pepper and lemon,
7dfcf1c8-0004-4c41-8619-78548b909e80|2|0,Smoky Caramelised Red Pepper Orzo,To Serve,Feta,,,Feta,,no-qty
7dfcf1c8-0004-4c41-8619-78548b909e80|2|1,Smoky Caramelised Red Pepper Orzo,To Serve,More chives,,,More chives,,no-qty
ef770070-6513-47a5-8a8d-3b145c1b72c5|0|0,Smoky Chicken Tacos with Roasted Corn Salsa,Chicken,1.5 lbs boneless skinless chicken thighs,1.5,lb,boneless skinless chicken thighs,,
ef770070-6513-47a5-8a8d-3b145c1b72c5|0|1,Smoky Chicken Tacos with Roasted Corn Salsa,Chicken,1 tbsp olive oil,1,tbsp,olive oil,,
ef770070-6513-47a5-8a8d-3b145c1b72c5|0|2,Smoky Chicken Tacos with Roasted Corn Salsa,Chicken,juice of 1 large lime,,,juice of 1 large lime,,digit-in-name|no-qty
ef770070-6513-47a5-8a8d-3b145c1b72c5|0|3,Smoky Chicken Tacos with Roasted Corn Salsa,Chicken,2 tsp smoked paprika,2,tsp,smoked paprika,,
ef770070-6513-47a5-8a8d-3b145c1b72c5|0|4,Smoky Chicken Tacos with Roasted Corn Salsa,Chicken,½ tsp cayenne,0.5,tsp,cayenne,,
ef770070-6513-47a5-8a8d-3b145c1b72c5|0|5,Smoky Chicken Tacos with Roasted Corn Salsa,Chicken,2 tsp chipotle powder,2,tsp,chipotle powder,,
ef770070-6513-47a5-8a8d-3b145c1b72c5|0|6,Smoky Chicken Tacos with Roasted Corn Salsa,Chicken,½ tsp cumin,0.5,tsp,cumin,,
ef770070-6513-47a5-8a8d-3b145c1b72c5|0|7,Smoky Chicken Tacos with Roasted Corn Salsa,Chicken,2 tsp garlic powder,2,tsp,garlic powder,,
ef770070-6513-47a5-8a8d-3b145c1b72c5|0|8,Smoky Chicken Tacos with Roasted Corn Salsa,Chicken,salt & pepper,,,salt & pepper,,
ef770070-6513-47a5-8a8d-3b145c1b72c5|1|0,Smoky Chicken Tacos with Roasted Corn Salsa,Roasted Corn Salsa,2 cups roasted corn (canned works too),2,cup,roasted corn,canned works too,
ef770070-6513-47a5-8a8d-3b145c1b72c5|1|1,Smoky Chicken Tacos with Roasted Corn Salsa,Roasted Corn Salsa,1 diced avocado,1,,avocado,diced,
ef770070-6513-47a5-8a8d-3b145c1b72c5|1|2,Smoky Chicken Tacos with Roasted Corn Salsa,Roasted Corn Salsa,large handful chopped cilantro,1,handful,cilantro,chopped,
ef770070-6513-47a5-8a8d-3b145c1b72c5|1|3,Smoky Chicken Tacos with Roasted Corn Salsa,Roasted Corn Salsa,juice of 1 large lime,,,juice of 1 large lime,,digit-in-name|no-qty
ef770070-6513-47a5-8a8d-3b145c1b72c5|1|4,Smoky Chicken Tacos with Roasted Corn Salsa,Roasted Corn Salsa,¼ cup finely diced red onion,0.25,cup,red onion,finely diced,
ef770070-6513-47a5-8a8d-3b145c1b72c5|1|5,Smoky Chicken Tacos with Roasted Corn Salsa,Roasted Corn Salsa,salt to taste,,,salt,to taste,vague
ef770070-6513-47a5-8a8d-3b145c1b72c5|2|0,Smoky Chicken Tacos with Roasted Corn Salsa,To Serve,low-carb tortillas,,,low-carb tortillas,,no-qty
ef770070-6513-47a5-8a8d-3b145c1b72c5|2|1,Smoky Chicken Tacos with Roasted Corn Salsa,To Serve,shredded cheese,,,cheese,shredded,no-qty
ef770070-6513-47a5-8a8d-3b145c1b72c5|2|2,Smoky Chicken Tacos with Roasted Corn Salsa,To Serve,"jalapeños, avocado, hot sauce, lime",,,jalapeños,"avocado,  hot sauce,  lime",no-qty
0c738100-6f5f-4b47-ae04-675ceaaff2b0|0|0,Snickers Overnight Oats,Main,50g oats,50,g,oats,,
0c738100-6f5f-4b47-ae04-675ceaaff2b0|0|1,Snickers Overnight Oats,Main,130ml plant milk,130,ml,plant milk,,
0c738100-6f5f-4b47-ae04-675ceaaff2b0|0|2,Snickers Overnight Oats,Main,1 tsp chia seeds,1,tsp,chia seeds,,
0c738100-6f5f-4b47-ae04-675ceaaff2b0|0|3,Snickers Overnight Oats,Main,1 tbsp cocoa powder,1,tbsp,cocoa powder,,
0c738100-6f5f-4b47-ae04-675ceaaff2b0|0|4,Snickers Overnight Oats,Main,Pinch of salt,1,pinch,salt,,
0c738100-6f5f-4b47-ae04-675ceaaff2b0|0|5,Snickers Overnight Oats,Main,1 tsp sweetener (e.g. maple syrup),1,tsp,sweetener,e.g. maple syrup,
0c738100-6f5f-4b47-ae04-675ceaaff2b0|0|6,Snickers Overnight Oats,Main,1 tsp peanut butter,1,tsp,peanut butter,,
0c738100-6f5f-4b47-ae04-675ceaaff2b0|1|0,Snickers Overnight Oats,Topping,"30g dark chocolate, melted",30,g,dark chocolate,melted,
0c738100-6f5f-4b47-ae04-675ceaaff2b0|1|1,Snickers Overnight Oats,Topping,Peanuts,,,Peanuts,,no-qty
0c738100-6f5f-4b47-ae04-675ceaaff2b0|1|2,Snickers Overnight Oats,Topping,Pinch of sea salt,1,pinch,sea salt,,
a885cb88-1a81-42c9-8298-35d2e2290ece|0|0,Speedy Pad Thai Noodle Salad,,60g dry rice noodles,60,g,dry rice noodles,,
a885cb88-1a81-42c9-8298-35d2e2290ece|0|1,Speedy Pad Thai Noodle Salad,,1 heaped tsp peanut butter,1,,heaped tsp peanut butter,,
a885cb88-1a81-42c9-8298-35d2e2290ece|0|2,Speedy Pad Thai Noodle Salad,,"1 tsp each tamarind paste, honey, fish sauce, sriracha",1,tsp,each tamarind paste,"honey,  fish sauce,  sriracha",
a885cb88-1a81-42c9-8298-35d2e2290ece|0|3,Speedy Pad Thai Noodle Salad,,"1 lime, zest and juice",1,,lime,zest and juice,
a885cb88-1a81-42c9-8298-35d2e2290ece|0|4,Speedy Pad Thai Noodle Salad,,1 tsp water (plus more if needed),1,tsp,water,plus more if needed,
a885cb88-1a81-42c9-8298-35d2e2290ece|0|5,Speedy Pad Thai Noodle Salad,,100g cooked shredded chicken,100,g,cooked shredded chicken,,
a885cb88-1a81-42c9-8298-35d2e2290ece|0|6,Speedy Pad Thai Noodle Salad,,"2 spring onions, chopped",2,,spring onions,chopped,
a885cb88-1a81-42c9-8298-35d2e2290ece|0|7,Speedy Pad Thai Noodle Salad,,"handful cherry tomatoes, halved",1,handful,cherry tomatoes,halved,
a885cb88-1a81-42c9-8298-35d2e2290ece|0|8,Speedy Pad Thai Noodle Salad,,"1 carrot, julienned or grated",1,,carrot,julienned or grated,or-alt
a885cb88-1a81-42c9-8298-35d2e2290ece|0|9,Speedy Pad Thai Noodle Salad,,handful of coriander leaves,1,handful,coriander leaves,,
a885cb88-1a81-42c9-8298-35d2e2290ece|0|10,Speedy Pad Thai Noodle Salad,,"1 tbsp roasted peanuts, chopped",1,tbsp,roasted peanuts,chopped,
faf35148-7f5d-4cb7-8f5f-fe5660d464cb|0|0,Spicy Asian Noodles with Spinach and Chilli Crisp,Sauce,2 tbsp Chinese sesame paste (sub tahini or peanut butter),2,tbsp,Chinese sesame paste,sub tahini or peanut butter,or-alt
faf35148-7f5d-4cb7-8f5f-fe5660d464cb|0|1,Spicy Asian Noodles with Spinach and Chilli Crisp,Sauce,2 tbsp light soy sauce,2,tbsp,light soy sauce,,
faf35148-7f5d-4cb7-8f5f-fe5660d464cb|0|2,Spicy Asian Noodles with Spinach and Chilli Crisp,Sauce,1 tbsp rice vinegar,1,tbsp,rice vinegar,,
faf35148-7f5d-4cb7-8f5f-fe5660d464cb|0|3,Spicy Asian Noodles with Spinach and Chilli Crisp,Sauce,1 tsp white sugar (or honey or maple),1,tsp,white sugar,or honey or maple,or-alt
faf35148-7f5d-4cb7-8f5f-fe5660d464cb|0|4,Spicy Asian Noodles with Spinach and Chilli Crisp,Sauce,2 tsp sesame oil,2,tsp,sesame oil,,
faf35148-7f5d-4cb7-8f5f-fe5660d464cb|0|5,Spicy Asian Noodles with Spinach and Chilli Crisp,Sauce,1/8 tsp+ cooking/kosher salt,0.125,tsp,+ cooking/kosher salt,,
faf35148-7f5d-4cb7-8f5f-fe5660d464cb|0|6,Spicy Asian Noodles with Spinach and Chilli Crisp,Sauce,2 heaped tbsp chilli crisp (use oil + chili bits),2,,heaped tbsp chilli crisp,use oil + chili bits,
faf35148-7f5d-4cb7-8f5f-fe5660d464cb|0|7,Spicy Asian Noodles with Spinach and Chilli Crisp,Sauce,"1 tbsp each garlic and ginger, finely minced",1,tbsp,each garlic and ginger,finely minced,
faf35148-7f5d-4cb7-8f5f-fe5660d464cb|0|8,Spicy Asian Noodles with Spinach and Chilli Crisp,Sauce,"1 green onion stem, finely sliced",1,,green onion stem,finely sliced,
faf35148-7f5d-4cb7-8f5f-fe5660d464cb|0|9,Spicy Asian Noodles with Spinach and Chilli Crisp,Sauce,"1/3 cup coriander/cilantro, roughly chopped (optional)",0.333,cup,coriander/cilantro,roughly chopped; optional,
faf35148-7f5d-4cb7-8f5f-fe5660d464cb|1|0,Spicy Asian Noodles with Spinach and Chilli Crisp,Noodles,"140g / 5oz instant noodles, ramen, knife-cut or Taiwanese wide flat noodle (or 250g / 8oz fresh noodles like hokkien or lo mein)",140,g,/ 5oz instant noodles,"ramen,  knife-cut or Taiwanese wide flat noodle; or 250g / 8oz fresh noodles like hokkien or lo mein",digit-in-name|or-alt
faf35148-7f5d-4cb7-8f5f-fe5660d464cb|2|0,Spicy Asian Noodles with Spinach and Chilli Crisp,Greens,3 big handfuls fresh spinach leaves or 150g baby spinach,3,,big handfuls fresh spinach leaves or 150g baby spinach,,digit-in-name|or-alt|long
49fcd38f-bed3-46eb-931b-d542e55e210a|0|0,Spicy Chilli Rice Paper Wontons with Shrimp,Filling (per serving),"6oz Argentine red shrimp, raw",6,oz,Argentine red shrimp,raw,
49fcd38f-bed3-46eb-931b-d542e55e210a|0|1,Spicy Chilli Rice Paper Wontons with Shrimp,Filling (per serving),1/2 tbsp minced ginger,0.5,tbsp,ginger,minced,
49fcd38f-bed3-46eb-931b-d542e55e210a|0|2,Spicy Chilli Rice Paper Wontons with Shrimp,Filling (per serving),1 tbsp minced garlic,1,tbsp,garlic,minced,
49fcd38f-bed3-46eb-931b-d542e55e210a|0|3,Spicy Chilli Rice Paper Wontons with Shrimp,Filling (per serving),1 green onion,1,,green onion,,
49fcd38f-bed3-46eb-931b-d542e55e210a|0|4,Spicy Chilli Rice Paper Wontons with Shrimp,Filling (per serving),1 tsp soy sauce,1,tsp,soy sauce,,
49fcd38f-bed3-46eb-931b-d542e55e210a|0|5,Spicy Chilli Rice Paper Wontons with Shrimp,Filling (per serving),1 tsp cornstarch,1,tsp,cornstarch,,
49fcd38f-bed3-46eb-931b-d542e55e210a|0|6,Spicy Chilli Rice Paper Wontons with Shrimp,Filling (per serving),1 tsp white pepper,1,tsp,white pepper,,
49fcd38f-bed3-46eb-931b-d542e55e210a|0|7,Spicy Chilli Rice Paper Wontons with Shrimp,Filling (per serving),6 sheets of rice paper,6,sheet,rice paper,,
49fcd38f-bed3-46eb-931b-d542e55e210a|1|0,Spicy Chilli Rice Paper Wontons with Shrimp,Sauce,1/2 tbsp chili crisp,0.5,tbsp,chili crisp,,
49fcd38f-bed3-46eb-931b-d542e55e210a|1|1,Spicy Chilli Rice Paper Wontons with Shrimp,Sauce,1/2 tbsp rice vinegar,0.5,tbsp,rice vinegar,,
49fcd38f-bed3-46eb-931b-d542e55e210a|1|2,Spicy Chilli Rice Paper Wontons with Shrimp,Sauce,1 tbsp soy sauce,1,tbsp,soy sauce,,
49fcd38f-bed3-46eb-931b-d542e55e210a|1|3,Spicy Chilli Rice Paper Wontons with Shrimp,Sauce,1/2 tbsp minced garlic,0.5,tbsp,garlic,minced,
49fcd38f-bed3-46eb-931b-d542e55e210a|1|4,Spicy Chilli Rice Paper Wontons with Shrimp,Sauce,1/2 tbsp brown sugar,0.5,tbsp,brown sugar,,
49fcd38f-bed3-46eb-931b-d542e55e210a|1|5,Spicy Chilli Rice Paper Wontons with Shrimp,Sauce,"2 green onions, whole, medium",2,,green onions,"whole,  medium",
49fcd38f-bed3-46eb-931b-d542e55e210a|1|6,Spicy Chilli Rice Paper Wontons with Shrimp,Sauce,1/4 tbsp sesame oil,0.25,tbsp,sesame oil,,
49fcd38f-bed3-46eb-931b-d542e55e210a|1|7,Spicy Chilli Rice Paper Wontons with Shrimp,Sauce,1 tsp sesame seeds,1,tsp,sesame seeds,,
f6ea472a-c587-4242-952d-fe192377e552|0|0,Spicy Peanut Chicken Noodles,Miso Peanut Sauce,40g peanut butter,40,g,peanut butter,,
f6ea472a-c587-4242-952d-fe192377e552|0|1,Spicy Peanut Chicken Noodles,Miso Peanut Sauce,25g white miso,25,g,white miso,,
f6ea472a-c587-4242-952d-fe192377e552|0|2,Spicy Peanut Chicken Noodles,Miso Peanut Sauce,20ml rice vinegar,20,ml,rice vinegar,,
f6ea472a-c587-4242-952d-fe192377e552|0|3,Spicy Peanut Chicken Noodles,Miso Peanut Sauce,20ml soy sauce,20,ml,soy sauce,,
f6ea472a-c587-4242-952d-fe192377e552|0|4,Spicy Peanut Chicken Noodles,Miso Peanut Sauce,1 tbsp sugar,1,tbsp,sugar,,
f6ea472a-c587-4242-952d-fe192377e552|0|5,Spicy Peanut Chicken Noodles,Miso Peanut Sauce,½ tsp MSG (optional),0.5,tsp,MSG,optional,
f6ea472a-c587-4242-952d-fe192377e552|0|6,Spicy Peanut Chicken Noodles,Miso Peanut Sauce,65ml water,65,ml,water,,
f6ea472a-c587-4242-952d-fe192377e552|1|0,Spicy Peanut Chicken Noodles,Herb Salad,½ cucumber,0.5,,cucumber,,
f6ea472a-c587-4242-952d-fe192377e552|1|1,Spicy Peanut Chicken Noodles,Herb Salad,10g fresh coriander,10,g,fresh coriander,,
f6ea472a-c587-4242-952d-fe192377e552|1|2,Spicy Peanut Chicken Noodles,Herb Salad,4 spring onions,4,,spring onions,,
f6ea472a-c587-4242-952d-fe192377e552|2|0,Spicy Peanut Chicken Noodles,Spicy Chicken,1 garlic clove,1,,garlic clove,,
f6ea472a-c587-4242-952d-fe192377e552|2|1,Spicy Peanut Chicken Noodles,Spicy Chicken,1 tbsp gochujang,1,tbsp,gochujang,,
f6ea472a-c587-4242-952d-fe192377e552|2|2,Spicy Peanut Chicken Noodles,Spicy Chicken,1 tbsp Korean chilli flakes,1,tbsp,Korean chilli flakes,,
f6ea472a-c587-4242-952d-fe192377e552|2|3,Spicy Peanut Chicken Noodles,Spicy Chicken,1 tbsp dark soy sauce,1,tbsp,dark soy sauce,,
f6ea472a-c587-4242-952d-fe192377e552|2|4,Spicy Peanut Chicken Noodles,Spicy Chicken,1 tbsp rice vinegar,1,tbsp,rice vinegar,,
f6ea472a-c587-4242-952d-fe192377e552|2|5,Spicy Peanut Chicken Noodles,Spicy Chicken,1 tbsp sugar,1,tbsp,sugar,,
f6ea472a-c587-4242-952d-fe192377e552|2|6,Spicy Peanut Chicken Noodles,Spicy Chicken,400g chicken mince,400,g,chicken mince,,
f6ea472a-c587-4242-952d-fe192377e552|2|7,Spicy Peanut Chicken Noodles,Spicy Chicken,1 tbsp vegetable oil,1,tbsp,vegetable oil,,
f6ea472a-c587-4242-952d-fe192377e552|3|0,Spicy Peanut Chicken Noodles,To Serve,200g udon noodles,200,g,udon noodles,,
dbfbc4e8-686f-47dc-8e4a-5d67941a0353|0|0,Spicy Tofu Bowl,Main,1 pack soft tofu/silken tofu (13.5oz),1,pack,soft tofu/silken tofu,13.5oz,
dbfbc4e8-686f-47dc-8e4a-5d67941a0353|0|1,Spicy Tofu Bowl,Main,6 tbsp soy sauce,6,tbsp,soy sauce,,
dbfbc4e8-686f-47dc-8e4a-5d67941a0353|0|2,Spicy Tofu Bowl,Main,1.5 tbsp sesame oil,1.5,tbsp,sesame oil,,
dbfbc4e8-686f-47dc-8e4a-5d67941a0353|0|3,Spicy Tofu Bowl,Main,3 tsp brown sugar,3,tsp,brown sugar,,
dbfbc4e8-686f-47dc-8e4a-5d67941a0353|0|4,Spicy Tofu Bowl,Main,3 tsp gochugaru,3,tsp,gochugaru,,
dbfbc4e8-686f-47dc-8e4a-5d67941a0353|0|5,Spicy Tofu Bowl,Main,1.5 tsp sesame seeds,1.5,tsp,sesame seeds,,
dbfbc4e8-686f-47dc-8e4a-5d67941a0353|0|6,Spicy Tofu Bowl,Main,1 tsp garlic powder,1,tsp,garlic powder,,
dbfbc4e8-686f-47dc-8e4a-5d67941a0353|0|7,Spicy Tofu Bowl,Main,"1 tbsp jalapeño, diced",1,tbsp,jalapeño,diced,
dbfbc4e8-686f-47dc-8e4a-5d67941a0353|0|8,Spicy Tofu Bowl,Main,"Green onion, diced and sliced long",,,Green onion,diced and sliced long,no-qty
dbfbc4e8-686f-47dc-8e4a-5d67941a0353|0|9,Spicy Tofu Bowl,Main,"Lettuce, chopped",,,Lettuce,chopped,no-qty
dbfbc4e8-686f-47dc-8e4a-5d67941a0353|0|10,Spicy Tofu Bowl,Main,100-150g cooked rice,100,g,cooked rice,,range
89f4f3cf-b3b5-43e0-9919-e7c774fde0a2|0|0,Spicy Tom Kha Soup with Tofu,Broth,1 banana shallot,1,,banana shallot,,
89f4f3cf-b3b5-43e0-9919-e7c774fde0a2|0|1,Spicy Tom Kha Soup with Tofu,Broth,4 garlic cloves,4,,garlic cloves,,
89f4f3cf-b3b5-43e0-9919-e7c774fde0a2|0|2,Spicy Tom Kha Soup with Tofu,Broth,Thumb size knob of ginger / 1 tsp galangal,,,Thumb size knob of ginger / 1 tsp galangal,,digit-in-name|long|no-qty
89f4f3cf-b3b5-43e0-9919-e7c774fde0a2|0|3,Spicy Tom Kha Soup with Tofu,Broth,1/2 red chilli,0.5,,red chilli,,
89f4f3cf-b3b5-43e0-9919-e7c774fde0a2|0|4,Spicy Tom Kha Soup with Tofu,Broth,1 lemongrass stalk,1,,lemongrass stalk,,
89f4f3cf-b3b5-43e0-9919-e7c774fde0a2|0|5,Spicy Tom Kha Soup with Tofu,Broth,2 tbsp soy sauce,2,tbsp,soy sauce,,
89f4f3cf-b3b5-43e0-9919-e7c774fde0a2|0|6,Spicy Tom Kha Soup with Tofu,Broth,1 tbsp rice wine vinegar,1,tbsp,rice wine vinegar,,
89f4f3cf-b3b5-43e0-9919-e7c774fde0a2|0|7,Spicy Tom Kha Soup with Tofu,Broth,1 tbsp Thai red curry paste (optional),1,tbsp,Thai red curry paste,optional,
89f4f3cf-b3b5-43e0-9919-e7c774fde0a2|0|8,Spicy Tom Kha Soup with Tofu,Broth,1l vegetable stock (1-2 stock cubes),1,l,vegetable stock,1-2 stock cubes,
89f4f3cf-b3b5-43e0-9919-e7c774fde0a2|0|9,Spicy Tom Kha Soup with Tofu,Broth,400ml coconut milk,400,ml,coconut milk,,
89f4f3cf-b3b5-43e0-9919-e7c774fde0a2|0|10,Spicy Tom Kha Soup with Tofu,Broth,1 tsp brown/coconut sugar,1,tsp,brown/coconut sugar,,
89f4f3cf-b3b5-43e0-9919-e7c774fde0a2|0|11,Spicy Tom Kha Soup with Tofu,Broth,1 lime,1,,lime,,
89f4f3cf-b3b5-43e0-9919-e7c774fde0a2|0|12,Spicy Tom Kha Soup with Tofu,Broth,1 tbsp neutral oil (coconut or veg),1,tbsp,neutral oil,coconut or veg,or-alt
89f4f3cf-b3b5-43e0-9919-e7c774fde0a2|0|13,Spicy Tom Kha Soup with Tofu,Broth,Salt and pepper,,,Salt and pepper,,
89f4f3cf-b3b5-43e0-9919-e7c774fde0a2|1|0,Spicy Tom Kha Soup with Tofu,Filling,200g shiitake mushrooms,200,g,shiitake mushrooms,,
89f4f3cf-b3b5-43e0-9919-e7c774fde0a2|1|1,Spicy Tom Kha Soup with Tofu,Filling,"150g tofu, medium firm",150,g,tofu,medium firm,
89f4f3cf-b3b5-43e0-9919-e7c774fde0a2|1|2,Spicy Tom Kha Soup with Tofu,Filling,1 bunch spring onions,1,bunch,spring onions,,
89f4f3cf-b3b5-43e0-9919-e7c774fde0a2|1|3,Spicy Tom Kha Soup with Tofu,Filling,Handful fresh coriander,1,handful,fresh coriander,,
89f4f3cf-b3b5-43e0-9919-e7c774fde0a2|1|4,Spicy Tom Kha Soup with Tofu,Filling,Thai chilli oil to serve,,,Thai chilli oil,to serve,vague|no-qty
42f1e816-1ff9-4f32-be8e-3e52e707a455|0|0,Spicy Tuna Bowl,Main,"1/4 cucumber, thinly sliced",0.25,,cucumber,thinly sliced,
42f1e816-1ff9-4f32-be8e-3e52e707a455|0|1,Spicy Tuna Bowl,Main,"1 spring onion, finely sliced",1,,spring onion,finely sliced,
42f1e816-1ff9-4f32-be8e-3e52e707a455|0|2,Spicy Tuna Bowl,Main,Splash of dark soy sauce,1,splash,dark soy sauce,,
42f1e816-1ff9-4f32-be8e-3e52e707a455|0|3,Spicy Tuna Bowl,Main,Splash of rice vinegar,1,splash,rice vinegar,,
42f1e816-1ff9-4f32-be8e-3e52e707a455|0|4,Spicy Tuna Bowl,Main,Drizzle of honey,,,Drizzle of honey,,no-qty
42f1e816-1ff9-4f32-be8e-3e52e707a455|0|5,Spicy Tuna Bowl,Main,1 tin tuna,1,tin,tuna,,
42f1e816-1ff9-4f32-be8e-3e52e707a455|0|6,Spicy Tuna Bowl,Main,2 tbsp light mayo,2,tbsp,light mayo,,
42f1e816-1ff9-4f32-be8e-3e52e707a455|0|7,Spicy Tuna Bowl,Main,2 tsp crispy chilli oil,2,tsp,crispy chilli oil,,
42f1e816-1ff9-4f32-be8e-3e52e707a455|0|8,Spicy Tuna Bowl,Main,Juice of 1/2 lime,,,Juice of 1/2 lime,,digit-in-name|no-qty
42f1e816-1ff9-4f32-be8e-3e52e707a455|0|9,Spicy Tuna Bowl,Main,1/2 pouch jasmine rice,0.5,,pouch jasmine rice,,
42f1e816-1ff9-4f32-be8e-3e52e707a455|0|10,Spicy Tuna Bowl,Main,Handful of shelled edamame,1,handful,shelled edamame,,
42f1e816-1ff9-4f32-be8e-3e52e707a455|0|11,Spicy Tuna Bowl,Main,"1 sheet nori, torn",1,sheet,nori,torn,
42f1e816-1ff9-4f32-be8e-3e52e707a455|0|12,Spicy Tuna Bowl,Main,Sriracha,,,Sriracha,,no-qty
270409a5-df6a-4378-bdab-9aad9a382cc2|0|0,Spring Greens Carbonara,Main,140g spaghetti,140,g,spaghetti,,
270409a5-df6a-4378-bdab-9aad9a382cc2|0|1,Spring Greens Carbonara,Main,"1 large courgette (or 2 small), peeled into ribbons or julienned",1,,large courgette,peeled into ribbons or julienned; or 2 small,or-alt
270409a5-df6a-4378-bdab-9aad9a382cc2|0|2,Spring Greens Carbonara,Main,100g frozen peas,100,g,frozen peas,,
270409a5-df6a-4378-bdab-9aad9a382cc2|0|3,Spring Greens Carbonara,Main,"1 large leek, finely sliced",1,,large leek,finely sliced,
270409a5-df6a-4378-bdab-9aad9a382cc2|0|4,Spring Greens Carbonara,Main,1 tsp minced garlic,1,tsp,garlic,minced,
270409a5-df6a-4378-bdab-9aad9a382cc2|0|5,Spring Greens Carbonara,Main,1 large egg + 1 egg yolk,1,,large egg + 1 egg yolk,,digit-in-name
270409a5-df6a-4378-bdab-9aad9a382cc2|0|6,Spring Greens Carbonara,Main,25g grated Parmesan,25,g,Parmesan,grated,
270409a5-df6a-4378-bdab-9aad9a382cc2|0|7,Spring Greens Carbonara,Main,"2-3 slices Parma ham, diced",2,slice,Parma ham,diced,range
270409a5-df6a-4378-bdab-9aad9a382cc2|0|8,Spring Greens Carbonara,Main,Lots of black pepper,,,Lots of black pepper,,no-qty
270409a5-df6a-4378-bdab-9aad9a382cc2|0|9,Spring Greens Carbonara,Main,Optional: 120g cooked chicken breast / prawns / flaked hot smoked salmon,120,g,cooked chicken breast / prawns / flaked hot smoked salmon,,long
062e665f-8cbb-44b2-9104-774999753dd7|0|0,Steamed Rice Paper Dumplings with Shrimp,Dumpling Filling,"1 lb peeled and deveined shrimp, tails removed and minced",1,lb,and deveined shrimp,peeled; tails removed and minced,
062e665f-8cbb-44b2-9104-774999753dd7|0|1,Steamed Rice Paper Dumplings with Shrimp,Dumpling Filling,"3 tbsp fresh ginger, peeled and minced",3,tbsp,fresh ginger,peeled and minced,
062e665f-8cbb-44b2-9104-774999753dd7|0|2,Steamed Rice Paper Dumplings with Shrimp,Dumpling Filling,"4 cloves garlic, minced",4,clove,garlic,minced,
062e665f-8cbb-44b2-9104-774999753dd7|0|3,Steamed Rice Paper Dumplings with Shrimp,Dumpling Filling,"1/4 cup chives, finely chopped",0.25,cup,chives,finely chopped,
062e665f-8cbb-44b2-9104-774999753dd7|0|4,Steamed Rice Paper Dumplings with Shrimp,Dumpling Filling,2 tsp low sodium tamari,2,tsp,low sodium tamari,,
062e665f-8cbb-44b2-9104-774999753dd7|0|5,Steamed Rice Paper Dumplings with Shrimp,Dumpling Filling,1 tbsp arrowroot or cornstarch,1,tbsp,arrowroot or cornstarch,,or-alt
062e665f-8cbb-44b2-9104-774999753dd7|0|6,Steamed Rice Paper Dumplings with Shrimp,Dumpling Filling,Pinch of black pepper,1,pinch,black pepper,,
062e665f-8cbb-44b2-9104-774999753dd7|0|7,Steamed Rice Paper Dumplings with Shrimp,Dumpling Filling,15-20 sheets of rice paper,15,sheet,rice paper,,range
062e665f-8cbb-44b2-9104-774999753dd7|1|0,Steamed Rice Paper Dumplings with Shrimp,Sauce,2 tbsp chili crisp,2,tbsp,chili crisp,,
062e665f-8cbb-44b2-9104-774999753dd7|1|1,Steamed Rice Paper Dumplings with Shrimp,Sauce,1/3 cup rice vinegar,0.333,cup,rice vinegar,,
062e665f-8cbb-44b2-9104-774999753dd7|1|2,Steamed Rice Paper Dumplings with Shrimp,Sauce,1/3 cup low sodium tamari,0.333,cup,low sodium tamari,,
062e665f-8cbb-44b2-9104-774999753dd7|1|3,Steamed Rice Paper Dumplings with Shrimp,Sauce,"2 cloves garlic, grated",2,clove,garlic,grated,
062e665f-8cbb-44b2-9104-774999753dd7|1|4,Steamed Rice Paper Dumplings with Shrimp,Sauce,1 tbsp coconut sugar,1,tbsp,coconut sugar,,
062e665f-8cbb-44b2-9104-774999753dd7|1|5,Steamed Rice Paper Dumplings with Shrimp,Sauce,"4 green onions, finely chopped",4,,green onions,finely chopped,
062e665f-8cbb-44b2-9104-774999753dd7|1|6,Steamed Rice Paper Dumplings with Shrimp,Sauce,"1/4 cup cilantro, finely chopped",0.25,cup,cilantro,finely chopped,
062e665f-8cbb-44b2-9104-774999753dd7|1|7,Steamed Rice Paper Dumplings with Shrimp,Sauce,1/4 cup avocado oil,0.25,cup,avocado oil,,
2c7544ed-7a25-4bbf-9cfb-43998f7d0377|0|0,"Sticky Chicken, Gochujang & Coconut Broth on Sticky Rice",Broth,1 red onion,1,,red onion,,
2c7544ed-7a25-4bbf-9cfb-43998f7d0377|0|1,"Sticky Chicken, Gochujang & Coconut Broth on Sticky Rice",Broth,2 cloves garlic,2,clove,garlic,,
2c7544ed-7a25-4bbf-9cfb-43998f7d0377|0|2,"Sticky Chicken, Gochujang & Coconut Broth on Sticky Rice",Broth,20g ginger,20,g,ginger,,
2c7544ed-7a25-4bbf-9cfb-43998f7d0377|0|3,"Sticky Chicken, Gochujang & Coconut Broth on Sticky Rice",Broth,2 tbsp gochujang,2,tbsp,gochujang,,
2c7544ed-7a25-4bbf-9cfb-43998f7d0377|0|4,"Sticky Chicken, Gochujang & Coconut Broth on Sticky Rice",Broth,1.5 tbsp honey,1.5,tbsp,honey,,
2c7544ed-7a25-4bbf-9cfb-43998f7d0377|0|5,"Sticky Chicken, Gochujang & Coconut Broth on Sticky Rice",Broth,500ml stock,500,ml,stock,,
2c7544ed-7a25-4bbf-9cfb-43998f7d0377|0|6,"Sticky Chicken, Gochujang & Coconut Broth on Sticky Rice",Broth,1 tin coconut milk,1,tin,coconut milk,,
2c7544ed-7a25-4bbf-9cfb-43998f7d0377|0|7,"Sticky Chicken, Gochujang & Coconut Broth on Sticky Rice",Broth,2 tsp fish sauce,2,tsp,fish sauce,,
2c7544ed-7a25-4bbf-9cfb-43998f7d0377|1|0,"Sticky Chicken, Gochujang & Coconut Broth on Sticky Rice",Chicken,2 chicken breasts,2,,chicken breasts,,
2c7544ed-7a25-4bbf-9cfb-43998f7d0377|1|1,"Sticky Chicken, Gochujang & Coconut Broth on Sticky Rice",Chicken,2 tbsp soy sauce,2,tbsp,soy sauce,,
2c7544ed-7a25-4bbf-9cfb-43998f7d0377|1|2,"Sticky Chicken, Gochujang & Coconut Broth on Sticky Rice",Chicken,2 tbsp honey,2,tbsp,honey,,
2c7544ed-7a25-4bbf-9cfb-43998f7d0377|1|3,"Sticky Chicken, Gochujang & Coconut Broth on Sticky Rice",Chicken,1 tsp chilli crunch oil,1,tsp,chilli crunch oil,,
2c7544ed-7a25-4bbf-9cfb-43998f7d0377|2|0,"Sticky Chicken, Gochujang & Coconut Broth on Sticky Rice",Garnish,"bok choy, sliced lengthways",,,bok choy,sliced lengthways,no-qty
2c7544ed-7a25-4bbf-9cfb-43998f7d0377|2|1,"Sticky Chicken, Gochujang & Coconut Broth on Sticky Rice",Garnish,"spring onion, finely sliced",,,spring onion,finely sliced,no-qty
2c7544ed-7a25-4bbf-9cfb-43998f7d0377|2|2,"Sticky Chicken, Gochujang & Coconut Broth on Sticky Rice",Garnish,crispy onions,,,crispy onions,,no-qty
2c7544ed-7a25-4bbf-9cfb-43998f7d0377|2|3,"Sticky Chicken, Gochujang & Coconut Broth on Sticky Rice",Garnish,chilli oil,,,chilli oil,,no-qty
2c7544ed-7a25-4bbf-9cfb-43998f7d0377|2|4,"Sticky Chicken, Gochujang & Coconut Broth on Sticky Rice",Garnish,lime,,,lime,,no-qty
2c7544ed-7a25-4bbf-9cfb-43998f7d0377|2|5,"Sticky Chicken, Gochujang & Coconut Broth on Sticky Rice",Garnish,sesame seeds,,,sesame seeds,,no-qty
2c7544ed-7a25-4bbf-9cfb-43998f7d0377|2|6,"Sticky Chicken, Gochujang & Coconut Broth on Sticky Rice",Garnish,sticky rice (to serve),,,sticky rice,to serve,vague|no-qty
0dadbaca-edf5-4ed2-9efa-b948ae1b073c|0|0,Sticky Lemon Sesame Garlic Prawns,Prawns,180g raw king prawns,180,g,raw king prawns,,
0dadbaca-edf5-4ed2-9efa-b948ae1b073c|0|1,Sticky Lemon Sesame Garlic Prawns,Prawns,1 tsp cornflour,1,tsp,cornflour,,
0dadbaca-edf5-4ed2-9efa-b948ae1b073c|0|2,Sticky Lemon Sesame Garlic Prawns,Prawns,1/4 tsp white or black pepper,0.25,tsp,white or black pepper,,or-alt
0dadbaca-edf5-4ed2-9efa-b948ae1b073c|1|0,Sticky Lemon Sesame Garlic Prawns,Sauce,Juice of 1 lemon,,,Juice of 1 lemon,,digit-in-name|no-qty
0dadbaca-edf5-4ed2-9efa-b948ae1b073c|1|1,Sticky Lemon Sesame Garlic Prawns,Sauce,2 tsp sesame oil,2,tsp,sesame oil,,
0dadbaca-edf5-4ed2-9efa-b948ae1b073c|1|2,Sticky Lemon Sesame Garlic Prawns,Sauce,2 tsp honey,2,tsp,honey,,
0dadbaca-edf5-4ed2-9efa-b948ae1b073c|1|3,Sticky Lemon Sesame Garlic Prawns,Sauce,1 tbsp light soy sauce,1,tbsp,light soy sauce,,
0dadbaca-edf5-4ed2-9efa-b948ae1b073c|1|4,Sticky Lemon Sesame Garlic Prawns,Sauce,1 tsp cornflour mixed with 50ml water,1,tsp,cornflour mixed with 50ml water,,digit-in-name
0dadbaca-edf5-4ed2-9efa-b948ae1b073c|1|5,Sticky Lemon Sesame Garlic Prawns,Sauce,"1 garlic clove, minced",1,,garlic clove,minced,
0dadbaca-edf5-4ed2-9efa-b948ae1b073c|1|6,Sticky Lemon Sesame Garlic Prawns,Sauce,1 heaped tsp ginger paste,1,,heaped tsp ginger paste,,
0dadbaca-edf5-4ed2-9efa-b948ae1b073c|1|7,Sticky Lemon Sesame Garlic Prawns,Sauce,"2 spring onions, finely sliced",2,,spring onions,finely sliced,
0dadbaca-edf5-4ed2-9efa-b948ae1b073c|1|8,Sticky Lemon Sesame Garlic Prawns,Sauce,Pinch of chilli flakes (optional),1,pinch,chilli flakes,optional,
0dadbaca-edf5-4ed2-9efa-b948ae1b073c|2|0,Sticky Lemon Sesame Garlic Prawns,To Serve,250g cooked rice,250,g,cooked rice,,
0dadbaca-edf5-4ed2-9efa-b948ae1b073c|2|1,Sticky Lemon Sesame Garlic Prawns,To Serve,"1/4 cucumber, thinly sliced",0.25,,cucumber,thinly sliced,
0dadbaca-edf5-4ed2-9efa-b948ae1b073c|2|2,Sticky Lemon Sesame Garlic Prawns,To Serve,4 tbsp edamame,4,tbsp,edamame,,
eb280509-d517-453a-9cdb-f928dd79f204|0|0,Sticky Mango Chicken Prep Bowls,Chicken,2 chicken breasts (~120g each),2,,chicken breasts,~120g each,
eb280509-d517-453a-9cdb-f928dd79f204|0|1,Sticky Mango Chicken Prep Bowls,Chicken,1 tbsp mango chutney,1,tbsp,mango chutney,,
eb280509-d517-453a-9cdb-f928dd79f204|0|2,Sticky Mango Chicken Prep Bowls,Chicken,1 heaped tbsp yoghurt,1,,heaped tbsp yoghurt,,
eb280509-d517-453a-9cdb-f928dd79f204|0|3,Sticky Mango Chicken Prep Bowls,Chicken,juice of ½ lemon,,,juice of ½ lemon,,no-qty
eb280509-d517-453a-9cdb-f928dd79f204|0|4,Sticky Mango Chicken Prep Bowls,Chicken,"2 cloves garlic, minced",2,clove,garlic,minced,
eb280509-d517-453a-9cdb-f928dd79f204|0|5,Sticky Mango Chicken Prep Bowls,Chicken,1 tsp mild curry powder,1,tsp,mild curry powder,,
eb280509-d517-453a-9cdb-f928dd79f204|0|6,Sticky Mango Chicken Prep Bowls,Chicken,½ tsp chilli powder,0.5,tsp,chilli powder,,
eb280509-d517-453a-9cdb-f928dd79f204|1|0,Sticky Mango Chicken Prep Bowls,Yoghurt Mint Raita,"¼ cucumber, deseeded and diced",0.25,,cucumber,deseeded and diced,
eb280509-d517-453a-9cdb-f928dd79f204|1|1,Sticky Mango Chicken Prep Bowls,Yoghurt Mint Raita,150g thick strained yoghurt (Greek or Skyr),150,g,thick strained yoghurt,Greek or Skyr,or-alt
eb280509-d517-453a-9cdb-f928dd79f204|1|2,Sticky Mango Chicken Prep Bowls,Yoghurt Mint Raita,1 tsp garlic granules,1,tsp,garlic granules,,
eb280509-d517-453a-9cdb-f928dd79f204|1|3,Sticky Mango Chicken Prep Bowls,Yoghurt Mint Raita,juice of ½ lemon,,,juice of ½ lemon,,no-qty
eb280509-d517-453a-9cdb-f928dd79f204|1|4,Sticky Mango Chicken Prep Bowls,Yoghurt Mint Raita,1 tbsp chopped fresh mint,1,tbsp,fresh mint,chopped,
eb280509-d517-453a-9cdb-f928dd79f204|1|5,Sticky Mango Chicken Prep Bowls,Yoghurt Mint Raita,1 tsp mango chutney,1,tsp,mango chutney,,
eb280509-d517-453a-9cdb-f928dd79f204|2|0,Sticky Mango Chicken Prep Bowls,Chickpea Salad,"½ tin chickpeas, drained (~120g)",0.5,tin,chickpeas,drained; ~120g,
eb280509-d517-453a-9cdb-f928dd79f204|2|1,Sticky Mango Chicken Prep Bowls,Chickpea Salad,"½ red onion, finely sliced",0.5,,red onion,finely sliced,
eb280509-d517-453a-9cdb-f928dd79f204|2|2,Sticky Mango Chicken Prep Bowls,Chickpea Salad,"handful cherry tomatoes, halved",1,handful,cherry tomatoes,halved,
eb280509-d517-453a-9cdb-f928dd79f204|2|3,Sticky Mango Chicken Prep Bowls,Chickpea Salad,2 tbsp pomegranate seeds,2,tbsp,pomegranate seeds,,
eb280509-d517-453a-9cdb-f928dd79f204|2|4,Sticky Mango Chicken Prep Bowls,Chickpea Salad,"large handful parsley, chopped",1,handful,parsley,chopped,
eb280509-d517-453a-9cdb-f928dd79f204|2|5,Sticky Mango Chicken Prep Bowls,Chickpea Salad,1 tsp olive oil,1,tsp,olive oil,,
eb280509-d517-453a-9cdb-f928dd79f204|2|6,Sticky Mango Chicken Prep Bowls,Chickpea Salad,salt and pepper,,,salt and pepper,,
eb280509-d517-453a-9cdb-f928dd79f204|3|0,Sticky Mango Chicken Prep Bowls,Optional,rice or pita to serve,,,rice or pita,to serve,or-alt|vague|no-qty
2ddd4a3d-b8ce-4106-ad7a-567fe86ca116|0|0,Sticky Miso Chicken Bowl with Tahini Broccoli & Pickled Red Onion,Chicken,2 chicken breasts,2,,chicken breasts,,
2ddd4a3d-b8ce-4106-ad7a-567fe86ca116|0|1,Sticky Miso Chicken Bowl with Tahini Broccoli & Pickled Red Onion,Chicken,1 tbsp miso paste,1,tbsp,miso paste,,
2ddd4a3d-b8ce-4106-ad7a-567fe86ca116|0|2,Sticky Miso Chicken Bowl with Tahini Broccoli & Pickled Red Onion,Chicken,1 tbsp soy sauce,1,tbsp,soy sauce,,
2ddd4a3d-b8ce-4106-ad7a-567fe86ca116|0|3,Sticky Miso Chicken Bowl with Tahini Broccoli & Pickled Red Onion,Chicken,1 tsp honey,1,tsp,honey,,
2ddd4a3d-b8ce-4106-ad7a-567fe86ca116|0|4,Sticky Miso Chicken Bowl with Tahini Broccoli & Pickled Red Onion,Chicken,1 tsp toasted sesame oil,1,tsp,sesame oil,toasted,
2ddd4a3d-b8ce-4106-ad7a-567fe86ca116|0|5,Sticky Miso Chicken Bowl with Tahini Broccoli & Pickled Red Onion,Chicken,juice of ½ lime,,,juice of ½ lime,,no-qty
2ddd4a3d-b8ce-4106-ad7a-567fe86ca116|0|6,Sticky Miso Chicken Bowl with Tahini Broccoli & Pickled Red Onion,Chicken,1 tsp chilli paste,1,tsp,chilli paste,,
2ddd4a3d-b8ce-4106-ad7a-567fe86ca116|0|7,Sticky Miso Chicken Bowl with Tahini Broccoli & Pickled Red Onion,Chicken,"1 garlic clove, grated",1,,garlic clove,grated,
2ddd4a3d-b8ce-4106-ad7a-567fe86ca116|0|8,Sticky Miso Chicken Bowl with Tahini Broccoli & Pickled Red Onion,Chicken,1 tsp ginger paste,1,tsp,ginger paste,,
2ddd4a3d-b8ce-4106-ad7a-567fe86ca116|1|0,Sticky Miso Chicken Bowl with Tahini Broccoli & Pickled Red Onion,Tahini Broccoli,"1 head of broccoli, cut into florets",1,head,broccoli,cut into florets,
2ddd4a3d-b8ce-4106-ad7a-567fe86ca116|1|1,Sticky Miso Chicken Bowl with Tahini Broccoli & Pickled Red Onion,Tahini Broccoli,1 tbsp tahini,1,tbsp,tahini,,
2ddd4a3d-b8ce-4106-ad7a-567fe86ca116|1|2,Sticky Miso Chicken Bowl with Tahini Broccoli & Pickled Red Onion,Tahini Broccoli,1 tbsp soy sauce,1,tbsp,soy sauce,,
2ddd4a3d-b8ce-4106-ad7a-567fe86ca116|1|3,Sticky Miso Chicken Bowl with Tahini Broccoli & Pickled Red Onion,Tahini Broccoli,1 tsp ginger paste,1,tsp,ginger paste,,
2ddd4a3d-b8ce-4106-ad7a-567fe86ca116|1|4,Sticky Miso Chicken Bowl with Tahini Broccoli & Pickled Red Onion,Tahini Broccoli,1 tsp honey,1,tsp,honey,,
2ddd4a3d-b8ce-4106-ad7a-567fe86ca116|2|0,Sticky Miso Chicken Bowl with Tahini Broccoli & Pickled Red Onion,Pickled Onion,"1 red onion, thinly sliced",1,,red onion,thinly sliced,
2ddd4a3d-b8ce-4106-ad7a-567fe86ca116|2|1,Sticky Miso Chicken Bowl with Tahini Broccoli & Pickled Red Onion,Pickled Onion,50ml white wine vinegar,50,ml,white wine vinegar,,
2ddd4a3d-b8ce-4106-ad7a-567fe86ca116|2|2,Sticky Miso Chicken Bowl with Tahini Broccoli & Pickled Red Onion,Pickled Onion,30ml water,30,ml,water,,
2ddd4a3d-b8ce-4106-ad7a-567fe86ca116|2|3,Sticky Miso Chicken Bowl with Tahini Broccoli & Pickled Red Onion,Pickled Onion,½ tsp sugar,0.5,tsp,sugar,,
2ddd4a3d-b8ce-4106-ad7a-567fe86ca116|3|0,Sticky Miso Chicken Bowl with Tahini Broccoli & Pickled Red Onion,To Serve,250g precooked jasmine or sushi rice (125g per portion),250,g,precooked jasmine or sushi rice,125g per portion,or-alt
2ddd4a3d-b8ce-4106-ad7a-567fe86ca116|3|1,Sticky Miso Chicken Bowl with Tahini Broccoli & Pickled Red Onion,To Serve,spring onion & sesame seeds for garnish,,,spring onion & sesame seeds,for garnish,vague|no-qty
18997e47-12fe-47fe-b81b-322bb3f900c4|0|0,Sticky Miso Chicken Prep Boxes,Miso Chicken,350g mini chicken breast fillets,350,g,mini chicken breast fillets,,
18997e47-12fe-47fe-b81b-322bb3f900c4|0|1,Sticky Miso Chicken Prep Boxes,Miso Chicken,2 tsp white miso,2,tsp,white miso,,
18997e47-12fe-47fe-b81b-322bb3f900c4|0|2,Sticky Miso Chicken Prep Boxes,Miso Chicken,2 tsp honey,2,tsp,honey,,
18997e47-12fe-47fe-b81b-322bb3f900c4|0|3,Sticky Miso Chicken Prep Boxes,Miso Chicken,2 tbsp soy sauce,2,tbsp,soy sauce,,
18997e47-12fe-47fe-b81b-322bb3f900c4|0|4,Sticky Miso Chicken Prep Boxes,Miso Chicken,"2 garlic cloves, minced",2,,garlic cloves,minced,
18997e47-12fe-47fe-b81b-322bb3f900c4|0|5,Sticky Miso Chicken Prep Boxes,Miso Chicken,1 tsp grated ginger,1,tsp,ginger,grated,
18997e47-12fe-47fe-b81b-322bb3f900c4|0|6,Sticky Miso Chicken Prep Boxes,Miso Chicken,1 tbsp toasted sesame oil,1,tbsp,sesame oil,toasted,
18997e47-12fe-47fe-b81b-322bb3f900c4|1|0,Sticky Miso Chicken Prep Boxes,Rice Salad,"250g cooked brown rice, cooled",250,g,cooked brown rice,cooled,
18997e47-12fe-47fe-b81b-322bb3f900c4|1|1,Sticky Miso Chicken Prep Boxes,Rice Salad,"1 cucumber, deseeded and diced",1,,cucumber,deseeded and diced,
18997e47-12fe-47fe-b81b-322bb3f900c4|1|2,Sticky Miso Chicken Prep Boxes,Rice Salad,"4 spring onions, chopped",4,,spring onions,chopped,
18997e47-12fe-47fe-b81b-322bb3f900c4|1|3,Sticky Miso Chicken Prep Boxes,Rice Salad,"large handful coriander, chopped",1,handful,coriander,chopped,
18997e47-12fe-47fe-b81b-322bb3f900c4|1|4,Sticky Miso Chicken Prep Boxes,Rice Salad,soy sauce + rice vinegar to season,,,soy sauce + rice vinegar to season,,no-qty
18997e47-12fe-47fe-b81b-322bb3f900c4|2|0,Sticky Miso Chicken Prep Boxes,Edamame Hummus,160g edamame,160,g,edamame,,
18997e47-12fe-47fe-b81b-322bb3f900c4|2|1,Sticky Miso Chicken Prep Boxes,Edamame Hummus,1 tbsp tahini,1,tbsp,tahini,,
18997e47-12fe-47fe-b81b-322bb3f900c4|2|2,Sticky Miso Chicken Prep Boxes,Edamame Hummus,2 tbsp Greek yoghurt,2,tbsp,Greek yoghurt,,
18997e47-12fe-47fe-b81b-322bb3f900c4|2|3,Sticky Miso Chicken Prep Boxes,Edamame Hummus,juice and zest of 1 lime,,,juice and zest of 1 lime,,digit-in-name|no-qty
18997e47-12fe-47fe-b81b-322bb3f900c4|2|4,Sticky Miso Chicken Prep Boxes,Edamame Hummus,1 tsp honey,1,tsp,honey,,
18997e47-12fe-47fe-b81b-322bb3f900c4|2|5,Sticky Miso Chicken Prep Boxes,Edamame Hummus,1 tsp toasted sesame oil,1,tsp,sesame oil,toasted,
18997e47-12fe-47fe-b81b-322bb3f900c4|2|6,Sticky Miso Chicken Prep Boxes,Edamame Hummus,½ garlic clove,0.5,,garlic clove,,
18997e47-12fe-47fe-b81b-322bb3f900c4|2|7,Sticky Miso Chicken Prep Boxes,Edamame Hummus,2 spring onions,2,,spring onions,,
18997e47-12fe-47fe-b81b-322bb3f900c4|2|8,Sticky Miso Chicken Prep Boxes,Edamame Hummus,generous salt + pepper,,,salt + pepper,,
18997e47-12fe-47fe-b81b-322bb3f900c4|3|0,Sticky Miso Chicken Prep Boxes,To Finish,pumpkin seeds to garnish,,,pumpkin seeds,to garnish,vague|no-qty
4f1e46fe-4e8d-4135-a20b-32b72eba1f0f|0|0,Sticky Soy Chicken with Garlic Rice in Spicy Broth,Broth,300ml chicken stock,300,ml,chicken stock,,
4f1e46fe-4e8d-4135-a20b-32b72eba1f0f|0|1,Sticky Soy Chicken with Garlic Rice in Spicy Broth,Broth,1 tbsp gochujang paste,1,tbsp,gochujang paste,,
4f1e46fe-4e8d-4135-a20b-32b72eba1f0f|0|2,Sticky Soy Chicken with Garlic Rice in Spicy Broth,Broth,"1 white onion, finely sliced",1,,white onion,finely sliced,
4f1e46fe-4e8d-4135-a20b-32b72eba1f0f|0|3,Sticky Soy Chicken with Garlic Rice in Spicy Broth,Broth,"2 garlic cloves, finely sliced",2,,garlic cloves,finely sliced,
4f1e46fe-4e8d-4135-a20b-32b72eba1f0f|0|4,Sticky Soy Chicken with Garlic Rice in Spicy Broth,Broth,"3cm piece of ginger, roughly chopped",3,,cm piece of ginger,roughly chopped,
4f1e46fe-4e8d-4135-a20b-32b72eba1f0f|0|5,Sticky Soy Chicken with Garlic Rice in Spicy Broth,Broth,1 tbsp soy sauce,1,tbsp,soy sauce,,
4f1e46fe-4e8d-4135-a20b-32b72eba1f0f|1|0,Sticky Soy Chicken with Garlic Rice in Spicy Broth,Garlic Rice,"4 garlic cloves, finely sliced",4,,garlic cloves,finely sliced,
4f1e46fe-4e8d-4135-a20b-32b72eba1f0f|1|1,Sticky Soy Chicken with Garlic Rice in Spicy Broth,Garlic Rice,2 tbsp neutral oil,2,tbsp,neutral oil,,
4f1e46fe-4e8d-4135-a20b-32b72eba1f0f|1|2,Sticky Soy Chicken with Garlic Rice in Spicy Broth,Garlic Rice,1 tbsp sesame oil,1,tbsp,sesame oil,,
4f1e46fe-4e8d-4135-a20b-32b72eba1f0f|1|3,Sticky Soy Chicken with Garlic Rice in Spicy Broth,Garlic Rice,"1 cup jasmine rice, washed",1,cup,jasmine rice,washed,
4f1e46fe-4e8d-4135-a20b-32b72eba1f0f|1|4,Sticky Soy Chicken with Garlic Rice in Spicy Broth,Garlic Rice,1.5 cups water,1.5,cup,water,,
4f1e46fe-4e8d-4135-a20b-32b72eba1f0f|1|5,Sticky Soy Chicken with Garlic Rice in Spicy Broth,Garlic Rice,1 tbsp sesame seeds,1,tbsp,sesame seeds,,
4f1e46fe-4e8d-4135-a20b-32b72eba1f0f|2|0,Sticky Soy Chicken with Garlic Rice in Spicy Broth,Chicken,1 chicken breast,1,,chicken breast,,
4f1e46fe-4e8d-4135-a20b-32b72eba1f0f|2|1,Sticky Soy Chicken with Garlic Rice in Spicy Broth,Chicken,2 tbsp oyster sauce,2,tbsp,oyster sauce,,
4f1e46fe-4e8d-4135-a20b-32b72eba1f0f|2|2,Sticky Soy Chicken with Garlic Rice in Spicy Broth,Chicken,¼ cup soy sauce,0.25,cup,soy sauce,,
4f1e46fe-4e8d-4135-a20b-32b72eba1f0f|2|3,Sticky Soy Chicken with Garlic Rice in Spicy Broth,Chicken,1 tbsp honey,1,tbsp,honey,,
4f1e46fe-4e8d-4135-a20b-32b72eba1f0f|3|0,Sticky Soy Chicken with Garlic Rice in Spicy Broth,To Serve,bunch of gai lan,,,bunch of gai lan,,no-qty
4f1e46fe-4e8d-4135-a20b-32b72eba1f0f|3|1,Sticky Soy Chicken with Garlic Rice in Spicy Broth,To Serve,"1 spring onion, finely sliced",1,,spring onion,finely sliced,
4f1e46fe-4e8d-4135-a20b-32b72eba1f0f|3|2,Sticky Soy Chicken with Garlic Rice in Spicy Broth,To Serve,sesame seeds for garnish,,,sesame seeds,for garnish,vague|no-qty
165b9869-1c17-4c63-8a7e-6c5211452666|0|0,Sticky Toffee Chia Pudding,Pudding,1 cup coconut yoghurt (natural),1,cup,coconut yoghurt,natural,
165b9869-1c17-4c63-8a7e-6c5211452666|0|1,Sticky Toffee Chia Pudding,Pudding,1/3 cup soy milk,0.333,cup,soy milk,,
165b9869-1c17-4c63-8a7e-6c5211452666|0|2,Sticky Toffee Chia Pudding,Pudding,3 tbsp chia seeds,3,tbsp,chia seeds,,
165b9869-1c17-4c63-8a7e-6c5211452666|0|3,Sticky Toffee Chia Pudding,Pudding,6 medjool dates,6,,medjool dates,,
165b9869-1c17-4c63-8a7e-6c5211452666|0|4,Sticky Toffee Chia Pudding,Pudding,2 tsp cinnamon,2,tsp,cinnamon,,
165b9869-1c17-4c63-8a7e-6c5211452666|0|5,Sticky Toffee Chia Pudding,Pudding,1 tsp vanilla extract,1,tsp,vanilla extract,,
165b9869-1c17-4c63-8a7e-6c5211452666|1|0,Sticky Toffee Chia Pudding,Caramel Topping (optional),2 tbsp maple syrup,2,tbsp,maple syrup,,
165b9869-1c17-4c63-8a7e-6c5211452666|1|1,Sticky Toffee Chia Pudding,Caramel Topping (optional),1/4 cup cashew butter,0.25,cup,cashew butter,,
165b9869-1c17-4c63-8a7e-6c5211452666|1|2,Sticky Toffee Chia Pudding,Caramel Topping (optional),2 tbsp soy milk,2,tbsp,soy milk,,
39c2d509-2e93-4ace-83af-e63e19ba0497|0|0,Sticky Toffee Date Oats,Oats,¾ cup (ish) oats,0.75,cup,oats,ish,
39c2d509-2e93-4ace-83af-e63e19ba0497|0|1,Sticky Toffee Date Oats,Oats,1 tbsp flaxseeds,1,tbsp,flaxseeds,,
39c2d509-2e93-4ace-83af-e63e19ba0497|0|2,Sticky Toffee Date Oats,Oats,2–3 chopped Medjool dates,2,,Medjool dates,chopped,range
39c2d509-2e93-4ace-83af-e63e19ba0497|0|3,Sticky Toffee Date Oats,Oats,Dash maple syrup or honey,1,dash,maple syrup or honey,,or-alt
39c2d509-2e93-4ace-83af-e63e19ba0497|0|4,Sticky Toffee Date Oats,Oats,Pinch salt,1,pinch,salt,,
39c2d509-2e93-4ace-83af-e63e19ba0497|0|5,Sticky Toffee Date Oats,Oats,Dash cinnamon,1,dash,cinnamon,,
39c2d509-2e93-4ace-83af-e63e19ba0497|0|6,Sticky Toffee Date Oats,Oats,Dash ginger,1,dash,ginger,,
39c2d509-2e93-4ace-83af-e63e19ba0497|0|7,Sticky Toffee Date Oats,Oats,Milk of choice,,,Milk of choice,,no-qty
39c2d509-2e93-4ace-83af-e63e19ba0497|1|0,Sticky Toffee Date Oats,Sticky Toffee Sauce,1 tbsp nut butter,1,tbsp,nut butter,,
39c2d509-2e93-4ace-83af-e63e19ba0497|1|1,Sticky Toffee Date Oats,Sticky Toffee Sauce,1 tbsp maple syrup or honey,1,tbsp,maple syrup or honey,,or-alt
39c2d509-2e93-4ace-83af-e63e19ba0497|1|2,Sticky Toffee Date Oats,Sticky Toffee Sauce,Milk to thin,,,Milk to thin,,no-qty
39c2d509-2e93-4ace-83af-e63e19ba0497|1|3,Sticky Toffee Date Oats,Sticky Toffee Sauce,Dash salt and cinnamon,1,dash,salt and cinnamon,,
1da115b2-b6e7-4cbd-a166-d161173683e7|0|0,Strawberry Ice Cream,Main,,,,,,NULL_LINE re-enter
1da115b2-b6e7-4cbd-a166-d161173683e7|0|1,Strawberry Ice Cream,Main,,,,,,NULL_LINE re-enter
1da115b2-b6e7-4cbd-a166-d161173683e7|0|2,Strawberry Ice Cream,Main,,,,,,NULL_LINE re-enter
1da115b2-b6e7-4cbd-a166-d161173683e7|0|3,Strawberry Ice Cream,Main,,,,,,NULL_LINE re-enter
1da115b2-b6e7-4cbd-a166-d161173683e7|0|4,Strawberry Ice Cream,Main,,,,,,NULL_LINE re-enter
d4b9c131-1373-490f-84b8-5ab555a5caa0|0|0,Stuffed Breakfast Chicken Sausage Pitas,Pitas,1 wholemeal pita bread,1,,wholemeal pita bread,,
d4b9c131-1373-490f-84b8-5ab555a5caa0|0|1,Stuffed Breakfast Chicken Sausage Pitas,Pitas,"1 medium tomato, deseeded and diced",1,,medium tomato,deseeded and diced,
d4b9c131-1373-490f-84b8-5ab555a5caa0|0|2,Stuffed Breakfast Chicken Sausage Pitas,Pitas,handful of spinach,1,handful,spinach,,
d4b9c131-1373-490f-84b8-5ab555a5caa0|0|3,Stuffed Breakfast Chicken Sausage Pitas,Pitas,"1 large spring onion, finely chopped",1,,large spring onion,finely chopped,
d4b9c131-1373-490f-84b8-5ab555a5caa0|0|4,Stuffed Breakfast Chicken Sausage Pitas,Pitas,roughly 120g seasoned chicken sausage meat,120,g,seasoned chicken sausage meat,,
d4b9c131-1373-490f-84b8-5ab555a5caa0|1|0,Stuffed Breakfast Chicken Sausage Pitas,Optional to Serve,½ avocado,0.5,,avocado,,
d4b9c131-1373-490f-84b8-5ab555a5caa0|1|1,Stuffed Breakfast Chicken Sausage Pitas,Optional to Serve,"½ lemon, juiced",0.5,,lemon,juiced,
d4b9c131-1373-490f-84b8-5ab555a5caa0|1|2,Stuffed Breakfast Chicken Sausage Pitas,Optional to Serve,pinch of chilli flakes,1,pinch,chilli flakes,,
d4b9c131-1373-490f-84b8-5ab555a5caa0|1|3,Stuffed Breakfast Chicken Sausage Pitas,Optional to Serve,½ tsp honey,0.5,tsp,honey,,
d20966a9-0dbb-4df6-aa67-e06bf2ae13c5|0|0,Summer Peach Chia Pudding,Pudding,2 tbsp chia seeds,2,tbsp,chia seeds,,
d20966a9-0dbb-4df6-aa67-e06bf2ae13c5|0|1,Summer Peach Chia Pudding,Pudding,130ml coconut milk,130,ml,coconut milk,,
d20966a9-0dbb-4df6-aa67-e06bf2ae13c5|0|2,Summer Peach Chia Pudding,Pudding,3 tbsp coconut yoghurt,3,tbsp,coconut yoghurt,,
d20966a9-0dbb-4df6-aa67-e06bf2ae13c5|0|3,Summer Peach Chia Pudding,Pudding,2 peaches,2,,peaches,,
d20966a9-0dbb-4df6-aa67-e06bf2ae13c5|1|0,Summer Peach Chia Pudding,Topping,1 tbsp coconut yoghurt,1,tbsp,coconut yoghurt,,
d20966a9-0dbb-4df6-aa67-e06bf2ae13c5|1|1,Summer Peach Chia Pudding,Topping,Peach slices,,,Peach slices,,no-qty
d20966a9-0dbb-4df6-aa67-e06bf2ae13c5|1|2,Summer Peach Chia Pudding,Topping,Agave (optional),,,Agave,optional,no-qty
2d8ff39e-3a53-49a0-a898-51368a6a1707|0|0,Summer Salmon and Blackberry Salad,Salad,1 large head of romaine,1,,large head of romaine,,
2d8ff39e-3a53-49a0-a898-51368a6a1707|0|1,Summer Salmon and Blackberry Salad,Salad,1 pak choy,1,,pak choy,,
2d8ff39e-3a53-49a0-a898-51368a6a1707|0|2,Summer Salmon and Blackberry Salad,Salad,1 medium cucumber,1,,medium cucumber,,
2d8ff39e-3a53-49a0-a898-51368a6a1707|0|3,Summer Salmon and Blackberry Salad,Salad,Handful of green beans,1,handful,green beans,,
2d8ff39e-3a53-49a0-a898-51368a6a1707|0|4,Summer Salmon and Blackberry Salad,Salad,4 sprigs of spring onion,4,sprig,spring onion,,
2d8ff39e-3a53-49a0-a898-51368a6a1707|0|5,Summer Salmon and Blackberry Salad,Salad,1 tsp pickled chilli,1,tsp,pickled chilli,,
2d8ff39e-3a53-49a0-a898-51368a6a1707|0|6,Summer Salmon and Blackberry Salad,Salad,1 tsp sesame seeds,1,tsp,sesame seeds,,
2d8ff39e-3a53-49a0-a898-51368a6a1707|0|7,Summer Salmon and Blackberry Salad,Salad,1 avocado,1,,avocado,,
2d8ff39e-3a53-49a0-a898-51368a6a1707|1|0,Summer Salmon and Blackberry Salad,Salmon,2 salmon fillets,2,,salmon fillets,,
2d8ff39e-3a53-49a0-a898-51368a6a1707|1|1,Summer Salmon and Blackberry Salad,Salmon,2 tbsp soy sauce,2,tbsp,soy sauce,,
2d8ff39e-3a53-49a0-a898-51368a6a1707|1|2,Summer Salmon and Blackberry Salad,Salmon,1 tsp honey,1,tsp,honey,,
2d8ff39e-3a53-49a0-a898-51368a6a1707|1|3,Summer Salmon and Blackberry Salad,Salmon,1 tsp rice wine vinegar,1,tsp,rice wine vinegar,,
2d8ff39e-3a53-49a0-a898-51368a6a1707|2|0,Summer Salmon and Blackberry Salad,Dressing,1 garlic clove,1,,garlic clove,,
2d8ff39e-3a53-49a0-a898-51368a6a1707|2|1,Summer Salmon and Blackberry Salad,Dressing,1 inch piece of ginger,1,,inch piece of ginger,,
2d8ff39e-3a53-49a0-a898-51368a6a1707|2|2,Summer Salmon and Blackberry Salad,Dressing,2 tbsp ponzu,2,tbsp,ponzu,,
2d8ff39e-3a53-49a0-a898-51368a6a1707|2|3,Summer Salmon and Blackberry Salad,Dressing,2 tbsp sesame oil,2,tbsp,sesame oil,,
2d8ff39e-3a53-49a0-a898-51368a6a1707|2|4,Summer Salmon and Blackberry Salad,Dressing,1 tsp honey,1,tsp,honey,,
2d8ff39e-3a53-49a0-a898-51368a6a1707|2|5,Summer Salmon and Blackberry Salad,Dressing,1 tbsp rice wine vinegar,1,tbsp,rice wine vinegar,,
aa9db8b7-150c-48d2-b3e9-35cd2c5177aa|0|0,Sunflower Sesame Date Chocolate Bites,Main,1 cup ground sunflower and sesame seed blend (radiant blend),1,cup,ground sunflower and sesame seed blend,radiant blend,long
aa9db8b7-150c-48d2-b3e9-35cd2c5177aa|0|1,Sunflower Sesame Date Chocolate Bites,Main,3/4 cup pitted medjool dates,0.75,cup,pitted medjool dates,,
aa9db8b7-150c-48d2-b3e9-35cd2c5177aa|0|2,Sunflower Sesame Date Chocolate Bites,Main,1/2 tbsp coconut oil,0.5,tbsp,coconut oil,,
aa9db8b7-150c-48d2-b3e9-35cd2c5177aa|0|3,Sunflower Sesame Date Chocolate Bites,Main,3/4 cup dark chocolate chips,0.75,cup,dark chocolate chips,,
bd055e99-95c5-484e-8785-103cb151c7e6|0|0,Sushi Salad,Salad,"1 medium avocado, diced",1,,medium avocado,diced,
bd055e99-95c5-484e-8785-103cb151c7e6|0|1,Sushi Salad,Salad,"1/2 cucumber, deseeded and diced",0.5,,cucumber,deseeded and diced,
bd055e99-95c5-484e-8785-103cb151c7e6|0|2,Sushi Salad,Salad,250g pack brown precooked rice,250,g,pack brown precooked rice,,
bd055e99-95c5-484e-8785-103cb151c7e6|0|3,Sushi Salad,Salad,"2 spring onions, diced",2,,spring onions,diced,
bd055e99-95c5-484e-8785-103cb151c7e6|0|4,Sushi Salad,Salad,"2 Nori sheets, shredded",2,,Nori sheets,shredded,
bd055e99-95c5-484e-8785-103cb151c7e6|0|5,Sushi Salad,Salad,"2 tins tuna, drained",2,tin,tuna,drained,
bd055e99-95c5-484e-8785-103cb151c7e6|1|0,Sushi Salad,Pickle,10 pink radishes,10,,pink radishes,,
bd055e99-95c5-484e-8785-103cb151c7e6|1|1,Sushi Salad,Pickle,100ml rice vinegar,100,ml,rice vinegar,,
bd055e99-95c5-484e-8785-103cb151c7e6|1|2,Sushi Salad,Pickle,100ml water,100,ml,water,,
bd055e99-95c5-484e-8785-103cb151c7e6|1|3,Sushi Salad,Pickle,1 heaped tsp sugar,1,,heaped tsp sugar,,
bd055e99-95c5-484e-8785-103cb151c7e6|2|0,Sushi Salad,Dressing,3 tbsp light soy sauce,3,tbsp,light soy sauce,,
bd055e99-95c5-484e-8785-103cb151c7e6|2|1,Sushi Salad,Dressing,1 heaped tsp tahini,1,,heaped tsp tahini,,
bd055e99-95c5-484e-8785-103cb151c7e6|2|2,Sushi Salad,Dressing,1 tsp wasabi paste,1,tsp,wasabi paste,,
bd055e99-95c5-484e-8785-103cb151c7e6|2|3,Sushi Salad,Dressing,1-2 tbsp mirin to taste,1,tbsp,mirin,to taste,range|vague
7ab48a15-f865-4547-8e7a-04736ee0d041|0|0,Sweet and Salty Date Caramel Oat Cookie Slice,Biscuit Base,2 cups rolled oats,2,cup,rolled oats,,
7ab48a15-f865-4547-8e7a-04736ee0d041|0|1,Sweet and Salty Date Caramel Oat Cookie Slice,Biscuit Base,1 cup plain flour,1,cup,plain flour,,
7ab48a15-f865-4547-8e7a-04736ee0d041|0|2,Sweet and Salty Date Caramel Oat Cookie Slice,Biscuit Base,1/2 cup desiccated coconut,0.5,cup,desiccated coconut,,
7ab48a15-f865-4547-8e7a-04736ee0d041|0|3,Sweet and Salty Date Caramel Oat Cookie Slice,Biscuit Base,1/2 tsp bicarb soda,0.5,tsp,bicarb soda,,
7ab48a15-f865-4547-8e7a-04736ee0d041|0|4,Sweet and Salty Date Caramel Oat Cookie Slice,Biscuit Base,1/2 cup coconut sugar (or brown sugar),0.5,cup,coconut sugar,or brown sugar,or-alt
7ab48a15-f865-4547-8e7a-04736ee0d041|0|5,Sweet and Salty Date Caramel Oat Cookie Slice,Biscuit Base,"1/2 cup coconut oil, melted",0.5,cup,coconut oil,melted,
7ab48a15-f865-4547-8e7a-04736ee0d041|0|6,Sweet and Salty Date Caramel Oat Cookie Slice,Biscuit Base,1/2 cup honey,0.5,cup,honey,,
7ab48a15-f865-4547-8e7a-04736ee0d041|0|7,Sweet and Salty Date Caramel Oat Cookie Slice,Biscuit Base,1 tsp vanilla essence,1,tsp,vanilla essence,,
7ab48a15-f865-4547-8e7a-04736ee0d041|1|0,Sweet and Salty Date Caramel Oat Cookie Slice,Date Caramel,450g pitted medjool dates,450,g,pitted medjool dates,,
7ab48a15-f865-4547-8e7a-04736ee0d041|1|1,Sweet and Salty Date Caramel Oat Cookie Slice,Date Caramel,1 tsp bicarb soda,1,tsp,bicarb soda,,
7ab48a15-f865-4547-8e7a-04736ee0d041|1|2,Sweet and Salty Date Caramel Oat Cookie Slice,Date Caramel,Boiling water,,,Boiling water,,no-qty
7ab48a15-f865-4547-8e7a-04736ee0d041|1|3,Sweet and Salty Date Caramel Oat Cookie Slice,Date Caramel,1 tsp vanilla essence,1,tsp,vanilla essence,,
4ba77a2d-0ad6-4223-a29c-4cc15ccef496|0|0,Sweet Potato and Kale with Tahini Dressing,Tahini Mustard Dressing,2 tbsp tahini,2,tbsp,tahini,,
4ba77a2d-0ad6-4223-a29c-4cc15ccef496|0|1,Sweet Potato and Kale with Tahini Dressing,Tahini Mustard Dressing,Juice of ½ lemon,,,Juice of ½ lemon,,no-qty
4ba77a2d-0ad6-4223-a29c-4cc15ccef496|0|2,Sweet Potato and Kale with Tahini Dressing,Tahini Mustard Dressing,1 tsp smooth Dijon mustard,1,tsp,smooth Dijon mustard,,
4ba77a2d-0ad6-4223-a29c-4cc15ccef496|0|3,Sweet Potato and Kale with Tahini Dressing,Tahini Mustard Dressing,1 tsp maple syrup,1,tsp,maple syrup,,
4ba77a2d-0ad6-4223-a29c-4cc15ccef496|0|4,Sweet Potato and Kale with Tahini Dressing,Tahini Mustard Dressing,2 tbsp boiling water,2,tbsp,boiling water,,
4ba77a2d-0ad6-4223-a29c-4cc15ccef496|1|0,Sweet Potato and Kale with Tahini Dressing,Bowl,"1 sweet potato, peeled and cut into 2cm pieces",1,,sweet potato,peeled and cut into 2cm pieces,
4ba77a2d-0ad6-4223-a29c-4cc15ccef496|1|1,Sweet Potato and Kale with Tahini Dressing,Bowl,"2 large handfuls curly kale, destalked and roughly shredded",2,,large handfuls curly kale,destalked and roughly shredded,
4ba77a2d-0ad6-4223-a29c-4cc15ccef496|1|2,Sweet Potato and Kale with Tahini Dressing,Bowl,Juice of 1 lemon,,,Juice of 1 lemon,,digit-in-name|no-qty
4ba77a2d-0ad6-4223-a29c-4cc15ccef496|1|3,Sweet Potato and Kale with Tahini Dressing,Bowl,150g quinoa,150,g,quinoa,,
4ba77a2d-0ad6-4223-a29c-4cc15ccef496|1|4,Sweet Potato and Kale with Tahini Dressing,Bowl,"1 ripe avocado, sliced",1,,ripe avocado,sliced,
4ba77a2d-0ad6-4223-a29c-4cc15ccef496|1|5,Sweet Potato and Kale with Tahini Dressing,Bowl,Olive oil,,,Olive oil,,no-qty
4ba77a2d-0ad6-4223-a29c-4cc15ccef496|1|6,Sweet Potato and Kale with Tahini Dressing,Bowl,Salt and pepper,,,Salt and pepper,,
72847f83-1cfc-4c67-a3bd-3c3e9dfa9792|0|0,Sweet Potato Beef Taco Bowl,Bowl,500g lean beef mince,500,g,lean beef mince,,
72847f83-1cfc-4c67-a3bd-3c3e9dfa9792|0|1,Sweet Potato Beef Taco Bowl,Bowl,1 packet taco seasoning,1,packet,taco seasoning,,
72847f83-1cfc-4c67-a3bd-3c3e9dfa9792|0|2,Sweet Potato Beef Taco Bowl,Bowl,2 medium sweet potatoes,2,,medium sweet potatoes,,
72847f83-1cfc-4c67-a3bd-3c3e9dfa9792|0|3,Sweet Potato Beef Taco Bowl,Bowl,2 cups cottage cheese,2,cup,cottage cheese,,
72847f83-1cfc-4c67-a3bd-3c3e9dfa9792|0|4,Sweet Potato Beef Taco Bowl,Bowl,1 avocado,1,,avocado,,
72847f83-1cfc-4c67-a3bd-3c3e9dfa9792|0|5,Sweet Potato Beef Taco Bowl,Bowl,1-2 tbsp honey or hot honey or Nando's Perinaise,1,tbsp,honey or hot honey or Nando's Perinaise,,range|or-alt|long
72847f83-1cfc-4c67-a3bd-3c3e9dfa9792|0|6,Sweet Potato Beef Taco Bowl,Bowl,Chilli flakes (if using regular honey),,,Chilli flakes,if using regular honey,no-qty
72847f83-1cfc-4c67-a3bd-3c3e9dfa9792|0|7,Sweet Potato Beef Taco Bowl,Bowl,Olive oil,,,Olive oil,,no-qty
09fad2f7-ce32-4e6b-b41f-a1fd4593d5f7|0|0,Sweet Potato Blondies,Main,2/3 cup mashed sweet potatoes (room temperature),0.667,cup,sweet potatoes,mashed; room temperature,
09fad2f7-ce32-4e6b-b41f-a1fd4593d5f7|0|1,Sweet Potato Blondies,Main,1/3 cup maple syrup,0.333,cup,maple syrup,,
09fad2f7-ce32-4e6b-b41f-a1fd4593d5f7|0|2,Sweet Potato Blondies,Main,1/2 cup cashew butter,0.5,cup,cashew butter,,
09fad2f7-ce32-4e6b-b41f-a1fd4593d5f7|0|3,Sweet Potato Blondies,Main,2 tbsp coconut oil,2,tbsp,coconut oil,,
09fad2f7-ce32-4e6b-b41f-a1fd4593d5f7|0|4,Sweet Potato Blondies,Main,2 tsp pure vanilla extract,2,tsp,pure vanilla extract,,
09fad2f7-ce32-4e6b-b41f-a1fd4593d5f7|0|5,Sweet Potato Blondies,Main,2/3 cup oat flour,0.667,cup,oat flour,,
09fad2f7-ce32-4e6b-b41f-a1fd4593d5f7|0|6,Sweet Potato Blondies,Main,1/3 cup fine blanched almond flour,0.333,cup,fine blanched almond flour,,
09fad2f7-ce32-4e6b-b41f-a1fd4593d5f7|0|7,Sweet Potato Blondies,Main,1 tsp baking powder,1,tsp,baking powder,,
09fad2f7-ce32-4e6b-b41f-a1fd4593d5f7|0|8,Sweet Potato Blondies,Main,1/4 tsp fine sea salt,0.25,tsp,fine sea salt,,
09fad2f7-ce32-4e6b-b41f-a1fd4593d5f7|0|9,Sweet Potato Blondies,Main,1/3 cup mini dark chocolate chips,0.333,cup,mini dark chocolate chips,,
09fad2f7-ce32-4e6b-b41f-a1fd4593d5f7|0|10,Sweet Potato Blondies,Main,1/3 cup chopped pecans for topping,0.333,cup,pecans for topping,chopped,
24e951f3-b6d6-434a-b481-2084b046590b|0|0,Sweet Potato Chicken Enchilada Skillet,,1 tablespoon olive oil,1,tbsp,olive oil,,
24e951f3-b6d6-434a-b481-2084b046590b|0|1,Sweet Potato Chicken Enchilada Skillet,,"1 small yellow onion, diced",1,,small yellow onion,diced,
24e951f3-b6d6-434a-b481-2084b046590b|0|2,Sweet Potato Chicken Enchilada Skillet,,"2 garlic cloves, minced",2,,garlic cloves,minced,
24e951f3-b6d6-434a-b481-2084b046590b|0|3,Sweet Potato Chicken Enchilada Skillet,,"1 medium sweet potato, peeled and diced small (½-inch pieces)",1,,medium sweet potato,peeled and diced small; ½-inch pieces,
24e951f3-b6d6-434a-b481-2084b046590b|0|4,Sweet Potato Chicken Enchilada Skillet,,"1 red bell pepper, chopped",1,,red bell pepper,chopped,
24e951f3-b6d6-434a-b481-2084b046590b|0|5,Sweet Potato Chicken Enchilada Skillet,,"1 (15 oz) can black beans, drained and rinsed",1,can,black beans,drained and rinsed; 15 oz,
24e951f3-b6d6-434a-b481-2084b046590b|0|6,Sweet Potato Chicken Enchilada Skillet,,1½ cups cooked shredded chicken (rotisserie or leftovers),1,,½ cups cooked shredded chicken,rotisserie or leftovers,or-alt
24e951f3-b6d6-434a-b481-2084b046590b|0|7,Sweet Potato Chicken Enchilada Skillet,,1½ cups enchilada sauce (sugar-free),1,,½ cups enchilada sauce,sugar-free,
24e951f3-b6d6-434a-b481-2084b046590b|0|8,Sweet Potato Chicken Enchilada Skillet,,1 teaspoon ground cumin,1,tsp,ground cumin,,
24e951f3-b6d6-434a-b481-2084b046590b|0|9,Sweet Potato Chicken Enchilada Skillet,,½ teaspoon smoked paprika,0.5,tsp,smoked paprika,,
24e951f3-b6d6-434a-b481-2084b046590b|0|10,Sweet Potato Chicken Enchilada Skillet,,salt and black pepper to taste,,,salt and black pepper,to taste,vague
24e951f3-b6d6-434a-b481-2084b046590b|0|11,Sweet Potato Chicken Enchilada Skillet,,1–2 handfuls baby spinach or chopped kale (optional),1,handful,baby spinach or chopped kale,optional,range|or-alt
24e951f3-b6d6-434a-b481-2084b046590b|0|12,Sweet Potato Chicken Enchilada Skillet,,sliced green onions or cilantro for garnish,,,green onions or cilantro,for garnish; sliced,or-alt|vague|no-qty
24e951f3-b6d6-434a-b481-2084b046590b|0|13,Sweet Potato Chicken Enchilada Skillet,,"warm tortillas, avocado slices, lime wedges for serving",,,warm tortillas,"avocado slices,  lime wedges for serving",no-qty
111ceece-2736-4ffa-b087-53d74f0bd506|0|0,Sweet Potato Chocolate Cake,Cake,3 normal sweet potatoes,3,,normal sweet potatoes,,
111ceece-2736-4ffa-b087-53d74f0bd506|0|1,Sweet Potato Chocolate Cake,Cake,200g dark chocolate (70%),200,g,dark chocolate,70%,
111ceece-2736-4ffa-b087-53d74f0bd506|1|0,Sweet Potato Chocolate Cake,Topping,100g dark chocolate (70%),100,g,dark chocolate,70%,
111ceece-2736-4ffa-b087-53d74f0bd506|1|1,Sweet Potato Chocolate Cake,Topping,50ml unsweetened almond milk,50,ml,unsweetened almond milk,,
1ce96bf7-d51e-4a0c-9c36-3ba2a12b2bc0|0|0,Sweet Potato Chocolate Chip Cookies,Main,1/2 cup mashed cooked sweet potato,0.5,cup,cooked sweet potato,mashed,
1ce96bf7-d51e-4a0c-9c36-3ba2a12b2bc0|0|1,Sweet Potato Chocolate Chip Cookies,Main,1/3 cup coconut sugar,0.333,cup,coconut sugar,,
1ce96bf7-d51e-4a0c-9c36-3ba2a12b2bc0|0|2,Sweet Potato Chocolate Chip Cookies,Main,1 large egg,1,,large egg,,
1ce96bf7-d51e-4a0c-9c36-3ba2a12b2bc0|0|3,Sweet Potato Chocolate Chip Cookies,Main,"1/4 cup refined coconut oil, melted and cooled",0.25,cup,refined coconut oil,melted and cooled,
1ce96bf7-d51e-4a0c-9c36-3ba2a12b2bc0|0|4,Sweet Potato Chocolate Chip Cookies,Main,2 tsp vanilla paste,2,tsp,vanilla paste,,
1ce96bf7-d51e-4a0c-9c36-3ba2a12b2bc0|0|5,Sweet Potato Chocolate Chip Cookies,Main,2 cups blanched almond flour,2,cup,blanched almond flour,,
1ce96bf7-d51e-4a0c-9c36-3ba2a12b2bc0|0|6,Sweet Potato Chocolate Chip Cookies,Main,1/2 tsp baking soda,0.5,tsp,baking soda,,
1ce96bf7-d51e-4a0c-9c36-3ba2a12b2bc0|0|7,Sweet Potato Chocolate Chip Cookies,Main,1/4 tsp sea salt,0.25,tsp,sea salt,,
1ce96bf7-d51e-4a0c-9c36-3ba2a12b2bc0|0|8,Sweet Potato Chocolate Chip Cookies,Main,1 1/2 tsp ground cinnamon,1.5,tsp,ground cinnamon,,
1ce96bf7-d51e-4a0c-9c36-3ba2a12b2bc0|0|9,Sweet Potato Chocolate Chip Cookies,Main,1/3 cup dark chocolate chips,0.333,cup,dark chocolate chips,,
f31ed2c7-a868-4a28-bcd1-eb5c20eeeb35|0|0,Sweet Potato Olive Oil Cake,Cake,2/3 cup olive oil,0.667,cup,olive oil,,
f31ed2c7-a868-4a28-bcd1-eb5c20eeeb35|0|1,Sweet Potato Olive Oil Cake,Cake,1 cup cooked and blended sweet potato (from 1 large or 2 medium potatoes),1,cup,cooked and blended sweet potato,from 1 large or 2 medium potatoes,or-alt
f31ed2c7-a868-4a28-bcd1-eb5c20eeeb35|0|2,Sweet Potato Olive Oil Cake,Cake,1/2 cup maple syrup,0.5,cup,maple syrup,,
f31ed2c7-a868-4a28-bcd1-eb5c20eeeb35|0|3,Sweet Potato Olive Oil Cake,Cake,3 tbsp coconut sugar,3,tbsp,coconut sugar,,
f31ed2c7-a868-4a28-bcd1-eb5c20eeeb35|0|4,Sweet Potato Olive Oil Cake,Cake,3 eggs,3,,eggs,,
f31ed2c7-a868-4a28-bcd1-eb5c20eeeb35|0|5,Sweet Potato Olive Oil Cake,Cake,2 tsp vanilla extract,2,tsp,vanilla extract,,
f31ed2c7-a868-4a28-bcd1-eb5c20eeeb35|0|6,Sweet Potato Olive Oil Cake,Cake,1 1/2 cups almond flour,1.5,cup,almond flour,,
f31ed2c7-a868-4a28-bcd1-eb5c20eeeb35|0|7,Sweet Potato Olive Oil Cake,Cake,1 cup oat flour,1,cup,oat flour,,
f31ed2c7-a868-4a28-bcd1-eb5c20eeeb35|0|8,Sweet Potato Olive Oil Cake,Cake,1.25 tsp baking soda,1.25,tsp,baking soda,,
f31ed2c7-a868-4a28-bcd1-eb5c20eeeb35|0|9,Sweet Potato Olive Oil Cake,Cake,1/2 tsp salt,0.5,tsp,salt,,
f31ed2c7-a868-4a28-bcd1-eb5c20eeeb35|1|0,Sweet Potato Olive Oil Cake,Caramel Sauce,1/4 cup coconut oil,0.25,cup,coconut oil,,
f31ed2c7-a868-4a28-bcd1-eb5c20eeeb35|1|1,Sweet Potato Olive Oil Cake,Caramel Sauce,1/4 cup maple syrup,0.25,cup,maple syrup,,
f31ed2c7-a868-4a28-bcd1-eb5c20eeeb35|1|2,Sweet Potato Olive Oil Cake,Caramel Sauce,2 tbsp almond butter,2,tbsp,almond butter,,
f31ed2c7-a868-4a28-bcd1-eb5c20eeeb35|1|3,Sweet Potato Olive Oil Cake,Caramel Sauce,Pinch of sea salt,1,pinch,sea salt,,
b665de53-e4a6-42ca-96dc-9abe755819d4|0|0,Sweet Potato Toast with Avocado and Tofu Scramble,Sweet Potato Toast,1 large sweet potato,1,,large sweet potato,,
b665de53-e4a6-42ca-96dc-9abe755819d4|0|1,Sweet Potato Toast with Avocado and Tofu Scramble,Sweet Potato Toast,½ tbsp olive oil,0.5,tbsp,olive oil,,
b665de53-e4a6-42ca-96dc-9abe755819d4|1|0,Sweet Potato Toast with Avocado and Tofu Scramble,Tofu Scramble,300g firm tofu,300,g,firm tofu,,
b665de53-e4a6-42ca-96dc-9abe755819d4|1|1,Sweet Potato Toast with Avocado and Tofu Scramble,Tofu Scramble,½ tbsp olive oil,0.5,tbsp,olive oil,,
b665de53-e4a6-42ca-96dc-9abe755819d4|1|2,Sweet Potato Toast with Avocado and Tofu Scramble,Tofu Scramble,1 tbsp garlic powder,1,tbsp,garlic powder,,
b665de53-e4a6-42ca-96dc-9abe755819d4|1|3,Sweet Potato Toast with Avocado and Tofu Scramble,Tofu Scramble,2 tbsp nutritional yeast,2,tbsp,nutritional yeast,,
b665de53-e4a6-42ca-96dc-9abe755819d4|1|4,Sweet Potato Toast with Avocado and Tofu Scramble,Tofu Scramble,1 tbsp chickpea flour,1,tbsp,chickpea flour,,
b665de53-e4a6-42ca-96dc-9abe755819d4|1|5,Sweet Potato Toast with Avocado and Tofu Scramble,Tofu Scramble,1 tsp turmeric,1,tsp,turmeric,,
b665de53-e4a6-42ca-96dc-9abe755819d4|1|6,Sweet Potato Toast with Avocado and Tofu Scramble,Tofu Scramble,1 tsp black pepper,1,tsp,black pepper,,
b665de53-e4a6-42ca-96dc-9abe755819d4|1|7,Sweet Potato Toast with Avocado and Tofu Scramble,Tofu Scramble,½ tsp black salt,0.5,tsp,black salt,,
b665de53-e4a6-42ca-96dc-9abe755819d4|1|8,Sweet Potato Toast with Avocado and Tofu Scramble,Tofu Scramble,150ml plant milk,150,ml,plant milk,,
b665de53-e4a6-42ca-96dc-9abe755819d4|2|0,Sweet Potato Toast with Avocado and Tofu Scramble,To Serve,2 small avocados,2,,small avocados,,
49a72863-e924-4307-af80-a01c82a5b66c|0|0,Tahini Oat Chocolate Chip Bars,Main,1.5 cups almond flour,1.5,cup,almond flour,,
49a72863-e924-4307-af80-a01c82a5b66c|0|1,Tahini Oat Chocolate Chip Bars,Main,3/4 cup oats,0.75,cup,oats,,
49a72863-e924-4307-af80-a01c82a5b66c|0|2,Tahini Oat Chocolate Chip Bars,Main,2 eggs,2,,eggs,,
49a72863-e924-4307-af80-a01c82a5b66c|0|3,Tahini Oat Chocolate Chip Bars,Main,1/3 cup tahini,0.333,cup,tahini,,
49a72863-e924-4307-af80-a01c82a5b66c|0|4,Tahini Oat Chocolate Chip Bars,Main,2 tbsp coconut oil,2,tbsp,coconut oil,,
49a72863-e924-4307-af80-a01c82a5b66c|0|5,Tahini Oat Chocolate Chip Bars,Main,1 tsp vanilla extract,1,tsp,vanilla extract,,
49a72863-e924-4307-af80-a01c82a5b66c|0|6,Tahini Oat Chocolate Chip Bars,Main,1 tsp baking soda,1,tsp,baking soda,,
49a72863-e924-4307-af80-a01c82a5b66c|0|7,Tahini Oat Chocolate Chip Bars,Main,1/2 cup maple syrup,0.5,cup,maple syrup,,
49a72863-e924-4307-af80-a01c82a5b66c|0|8,Tahini Oat Chocolate Chip Bars,Main,1/3 cup dark chocolate chips,0.333,cup,dark chocolate chips,,
dc4e67d8-22c4-45ef-a55a-cda2d7534e5f|0|0,Thai Chicken Noodle Soup,Soup,2 large banana shallots,2,,large banana shallots,,
dc4e67d8-22c4-45ef-a55a-cda2d7534e5f|0|1,Thai Chicken Noodle Soup,Soup,2 cloves garlic,2,clove,garlic,,
dc4e67d8-22c4-45ef-a55a-cda2d7534e5f|0|2,Thai Chicken Noodle Soup,Soup,30g fresh ginger,30,g,fresh ginger,,
dc4e67d8-22c4-45ef-a55a-cda2d7534e5f|0|3,Thai Chicken Noodle Soup,Soup,"1 red chilli, seeds removed",1,,red chilli,seeds removed,
dc4e67d8-22c4-45ef-a55a-cda2d7534e5f|0|4,Thai Chicken Noodle Soup,Soup,2 tbsp red curry paste,2,tbsp,red curry paste,,
dc4e67d8-22c4-45ef-a55a-cda2d7534e5f|0|5,Thai Chicken Noodle Soup,Soup,2 large carrots,2,,large carrots,,
dc4e67d8-22c4-45ef-a55a-cda2d7534e5f|0|6,Thai Chicken Noodle Soup,Soup,2 stock cubes,2,,stock cubes,,
dc4e67d8-22c4-45ef-a55a-cda2d7534e5f|0|7,Thai Chicken Noodle Soup,Soup,2 litres water,2,l,water,,
dc4e67d8-22c4-45ef-a55a-cda2d7534e5f|0|8,Thai Chicken Noodle Soup,Soup,2 chicken breasts,2,,chicken breasts,,
dc4e67d8-22c4-45ef-a55a-cda2d7534e5f|0|9,Thai Chicken Noodle Soup,Soup,120g egg noodles (two nests),120,g,egg noodles,two nests,
dc4e67d8-22c4-45ef-a55a-cda2d7534e5f|0|10,Thai Chicken Noodle Soup,Soup,200g Pak Choi,200,g,Pak Choi,,
dc4e67d8-22c4-45ef-a55a-cda2d7534e5f|0|11,Thai Chicken Noodle Soup,Soup,1 tin bamboo shoots,1,tin,bamboo shoots,,
dc4e67d8-22c4-45ef-a55a-cda2d7534e5f|0|12,Thai Chicken Noodle Soup,Soup,1 tin water chestnuts,1,tin,water chestnuts,,
dc4e67d8-22c4-45ef-a55a-cda2d7534e5f|0|13,Thai Chicken Noodle Soup,Soup,1 tbsp soy sauce,1,tbsp,soy sauce,,
dc4e67d8-22c4-45ef-a55a-cda2d7534e5f|0|14,Thai Chicken Noodle Soup,Soup,1 tbsp fish sauce,1,tbsp,fish sauce,,
dc4e67d8-22c4-45ef-a55a-cda2d7534e5f|0|15,Thai Chicken Noodle Soup,Soup,1 tbsp honey,1,tbsp,honey,,
dc4e67d8-22c4-45ef-a55a-cda2d7534e5f|0|16,Thai Chicken Noodle Soup,Soup,"half lime, juice only",,,half lime,juice only,no-qty
dc4e67d8-22c4-45ef-a55a-cda2d7534e5f|1|0,Thai Chicken Noodle Soup,Garnish,fresh coriander,,,fresh coriander,,no-qty
dc4e67d8-22c4-45ef-a55a-cda2d7534e5f|1|1,Thai Chicken Noodle Soup,Garnish,sesame seeds,,,sesame seeds,,no-qty
dc4e67d8-22c4-45ef-a55a-cda2d7534e5f|1|2,Thai Chicken Noodle Soup,Garnish,chilli oil,,,chilli oil,,no-qty
f08bc247-1aae-46bf-8618-79b3ab3f52a8|0|0,Thai Drunken Noodles (Pad Kee Mao),Stir Fry,"200g dried wide rice noodles, prepared per packet",200,g,dried wide rice noodles,prepared per packet,
f08bc247-1aae-46bf-8618-79b3ab3f52a8|0|1,Thai Drunken Noodles (Pad Kee Mao),Stir Fry,2 tbsp oil,2,tbsp,oil,,
f08bc247-1aae-46bf-8618-79b3ab3f52a8|0|2,Thai Drunken Noodles (Pad Kee Mao),Stir Fry,"3 large garlic cloves, minced",3,,large garlic cloves,minced,
f08bc247-1aae-46bf-8618-79b3ab3f52a8|0|3,Thai Drunken Noodles (Pad Kee Mao),Stir Fry,"2 birds eye chillies, deseeded and very finely chopped",2,,birds eye chillies,deseeded and very finely chopped,
f08bc247-1aae-46bf-8618-79b3ab3f52a8|0|4,Thai Drunken Noodles (Pad Kee Mao),Stir Fry,"½ onion, sliced",0.5,,onion,sliced,
f08bc247-1aae-46bf-8618-79b3ab3f52a8|0|5,Thai Drunken Noodles (Pad Kee Mao),Stir Fry,"200g chicken thighs, cut into bite-size pieces",200,g,chicken thighs,cut into bite-size pieces,
f08bc247-1aae-46bf-8618-79b3ab3f52a8|0|6,Thai Drunken Noodles (Pad Kee Mao),Stir Fry,2 tsp fish sauce (or soy sauce),2,tsp,fish sauce,or soy sauce,or-alt
f08bc247-1aae-46bf-8618-79b3ab3f52a8|0|7,Thai Drunken Noodles (Pad Kee Mao),Stir Fry,"2 green onions, cut into 3cm pieces",2,,green onions,cut into 3cm pieces,
f08bc247-1aae-46bf-8618-79b3ab3f52a8|0|8,Thai Drunken Noodles (Pad Kee Mao),Stir Fry,1 cup Thai basil leaves (sub regular basil),1,cup,Thai basil leaves,sub regular basil,
f08bc247-1aae-46bf-8618-79b3ab3f52a8|1|0,Thai Drunken Noodles (Pad Kee Mao),Sauce,3 tbsp oyster sauce,3,tbsp,oyster sauce,,
f08bc247-1aae-46bf-8618-79b3ab3f52a8|1|1,Thai Drunken Noodles (Pad Kee Mao),Sauce,1½ tbsp light soy sauce,1,,½ tbsp light soy sauce,,
f08bc247-1aae-46bf-8618-79b3ab3f52a8|1|2,Thai Drunken Noodles (Pad Kee Mao),Sauce,1½ tbsp dark soy sauce,1,,½ tbsp dark soy sauce,,
f08bc247-1aae-46bf-8618-79b3ab3f52a8|1|3,Thai Drunken Noodles (Pad Kee Mao),Sauce,2 tsp sugar,2,tsp,sugar,,
f08bc247-1aae-46bf-8618-79b3ab3f52a8|1|4,Thai Drunken Noodles (Pad Kee Mao),Sauce,1 tbsp water,1,tbsp,water,,
37a12403-d36f-4929-b090-b03b19744ee0|0|0,Thai Glass Noodle Salad with Prawns,Dressing,"2 Thai chillies, chopped finely",2,,Thai chillies,chopped finely,
37a12403-d36f-4929-b090-b03b19744ee0|0|1,Thai Glass Noodle Salad with Prawns,Dressing,1 tsp chilli flakes,1,tsp,chilli flakes,,
37a12403-d36f-4929-b090-b03b19744ee0|0|2,Thai Glass Noodle Salad with Prawns,Dressing,"1 medium garlic clove, grated",1,,medium garlic clove,grated,
37a12403-d36f-4929-b090-b03b19744ee0|0|3,Thai Glass Noodle Salad with Prawns,Dressing,2½ tbsp fish sauce,2,,½ tbsp fish sauce,,
37a12403-d36f-4929-b090-b03b19744ee0|0|4,Thai Glass Noodle Salad with Prawns,Dressing,1 tbsp grated palm sugar (or brown sugar),1,tbsp,palm sugar,grated; or brown sugar,or-alt
37a12403-d36f-4929-b090-b03b19744ee0|0|5,Thai Glass Noodle Salad with Prawns,Dressing,3 tbsp freshly squeezed lime juice,3,tbsp,freshly squeezed lime juice,,
37a12403-d36f-4929-b090-b03b19744ee0|0|6,Thai Glass Noodle Salad with Prawns,Dressing,2 tbsp peanut oil (or any neutral oil),2,tbsp,peanut oil,or any neutral oil,or-alt
37a12403-d36f-4929-b090-b03b19744ee0|1|0,Thai Glass Noodle Salad with Prawns,Salad,150g vermicelli (thin mung bean noodles),150,g,vermicelli,thin mung bean noodles,
37a12403-d36f-4929-b090-b03b19744ee0|1|1,Thai Glass Noodle Salad with Prawns,Salad,"150g prawns, peeled and deveined",150,g,prawns,peeled and deveined,
37a12403-d36f-4929-b090-b03b19744ee0|1|2,Thai Glass Noodle Salad with Prawns,Salad,150g minced pork,150,g,pork,minced,
37a12403-d36f-4929-b090-b03b19744ee0|1|3,Thai Glass Noodle Salad with Prawns,Salad,"1 small red onion, thinly sliced",1,,small red onion,thinly sliced,
37a12403-d36f-4929-b090-b03b19744ee0|1|4,Thai Glass Noodle Salad with Prawns,Salad,"1 cup cherry tomatoes, halved",1,cup,cherry tomatoes,halved,
37a12403-d36f-4929-b090-b03b19744ee0|1|5,Thai Glass Noodle Salad with Prawns,Salad,"1 bunch coriander, chopped",1,bunch,coriander,chopped,
37a12403-d36f-4929-b090-b03b19744ee0|1|6,Thai Glass Noodle Salad with Prawns,Salad,"2 spring onions, chopped",2,,spring onions,chopped,
37a12403-d36f-4929-b090-b03b19744ee0|1|7,Thai Glass Noodle Salad with Prawns,Salad,"1/3 cup roasted peanuts, chopped",0.333,cup,roasted peanuts,chopped,
107f6d37-18f0-4984-a376-a38889a51a58|0|0,Thai Prawn Meatball Bowl with Spicy Peanut Sauce,Prawn Meatballs,150g raw prawns,150,g,raw prawns,,
107f6d37-18f0-4984-a376-a38889a51a58|0|1,Thai Prawn Meatball Bowl with Spicy Peanut Sauce,Prawn Meatballs,1 egg,1,,egg,,
107f6d37-18f0-4984-a376-a38889a51a58|0|2,Thai Prawn Meatball Bowl with Spicy Peanut Sauce,Prawn Meatballs,3 tbsp plain flour,3,tbsp,plain flour,,
107f6d37-18f0-4984-a376-a38889a51a58|0|3,Thai Prawn Meatball Bowl with Spicy Peanut Sauce,Prawn Meatballs,"1 spring onion, finely chopped",1,,spring onion,finely chopped,
107f6d37-18f0-4984-a376-a38889a51a58|0|4,Thai Prawn Meatball Bowl with Spicy Peanut Sauce,Prawn Meatballs,Zest of 1 lime,,,Zest of 1 lime,,digit-in-name|no-qty
107f6d37-18f0-4984-a376-a38889a51a58|0|5,Thai Prawn Meatball Bowl with Spicy Peanut Sauce,Prawn Meatballs,1 tbsp chopped coriander,1,tbsp,coriander,chopped,
107f6d37-18f0-4984-a376-a38889a51a58|0|6,Thai Prawn Meatball Bowl with Spicy Peanut Sauce,Prawn Meatballs,1 tsp garlic paste and ginger paste,1,tsp,garlic paste and ginger paste,,
107f6d37-18f0-4984-a376-a38889a51a58|0|7,Thai Prawn Meatball Bowl with Spicy Peanut Sauce,Prawn Meatballs,Pinch of salt and pepper,1,pinch,salt and pepper,,
107f6d37-18f0-4984-a376-a38889a51a58|1|0,Thai Prawn Meatball Bowl with Spicy Peanut Sauce,Spicy Peanut Sauce,1 tbsp peanut butter,1,tbsp,peanut butter,,
107f6d37-18f0-4984-a376-a38889a51a58|1|1,Thai Prawn Meatball Bowl with Spicy Peanut Sauce,Spicy Peanut Sauce,2 heaped tbsp thick yoghurt (0% or full-fat),2,,heaped tbsp thick yoghurt,0% or full-fat,or-alt
107f6d37-18f0-4984-a376-a38889a51a58|1|2,Thai Prawn Meatball Bowl with Spicy Peanut Sauce,Spicy Peanut Sauce,Juice of 1 lime,,,Juice of 1 lime,,digit-in-name|no-qty
107f6d37-18f0-4984-a376-a38889a51a58|1|3,Thai Prawn Meatball Bowl with Spicy Peanut Sauce,Spicy Peanut Sauce,1-2 tbsp sriracha,1,tbsp,sriracha,,range
107f6d37-18f0-4984-a376-a38889a51a58|1|4,Thai Prawn Meatball Bowl with Spicy Peanut Sauce,Spicy Peanut Sauce,1 tsp honey,1,tsp,honey,,
107f6d37-18f0-4984-a376-a38889a51a58|1|5,Thai Prawn Meatball Bowl with Spicy Peanut Sauce,Spicy Peanut Sauce,2 tbsp light soy sauce,2,tbsp,light soy sauce,,
107f6d37-18f0-4984-a376-a38889a51a58|1|6,Thai Prawn Meatball Bowl with Spicy Peanut Sauce,Spicy Peanut Sauce,1/2 tsp garlic paste,0.5,tsp,garlic paste,,
107f6d37-18f0-4984-a376-a38889a51a58|2|0,Thai Prawn Meatball Bowl with Spicy Peanut Sauce,Shaved Salad,"1 carrot, shaved",1,,carrot,shaved,
107f6d37-18f0-4984-a376-a38889a51a58|2|1,Thai Prawn Meatball Bowl with Spicy Peanut Sauce,Shaved Salad,"1/4 cucumber, shaved",0.25,,cucumber,shaved,
107f6d37-18f0-4984-a376-a38889a51a58|2|2,Thai Prawn Meatball Bowl with Spicy Peanut Sauce,Shaved Salad,2 tbsp peas or edamame,2,tbsp,peas or edamame,,or-alt
107f6d37-18f0-4984-a376-a38889a51a58|2|3,Thai Prawn Meatball Bowl with Spicy Peanut Sauce,Shaved Salad,"1 spring onion, finely sliced",1,,spring onion,finely sliced,
107f6d37-18f0-4984-a376-a38889a51a58|3|0,Thai Prawn Meatball Bowl with Spicy Peanut Sauce,To Serve,120g cooked sticky rice,120,g,cooked sticky rice,,
107f6d37-18f0-4984-a376-a38889a51a58|3|1,Thai Prawn Meatball Bowl with Spicy Peanut Sauce,To Serve,"1/4 avocado, sliced",0.25,,avocado,sliced,
107f6d37-18f0-4984-a376-a38889a51a58|3|2,Thai Prawn Meatball Bowl with Spicy Peanut Sauce,To Serve,Fresh coriander,,,Fresh coriander,,no-qty
15de62d0-23e0-4497-9465-8279663b2436|0|0,Thai Red Curry Pot Roast Chicken,,1.8 kg whole chicken,1.8,kg,whole chicken,,
15de62d0-23e0-4497-9465-8279663b2436|0|1,Thai Red Curry Pot Roast Chicken,,1 tsp cooking/kosher salt,1,tsp,cooking/kosher salt,,
15de62d0-23e0-4497-9465-8279663b2436|0|2,Thai Red Curry Pot Roast Chicken,,3 tbsp vegetable oil,3,tbsp,vegetable oil,,
15de62d0-23e0-4497-9465-8279663b2436|0|3,Thai Red Curry Pot Roast Chicken,,115g (½ cup) Thai red curry paste (Maesri recommended),115,g,Thai red curry paste,½ cup; Maesri recommended,
15de62d0-23e0-4497-9465-8279663b2436|0|4,Thai Red Curry Pot Roast Chicken,,2 large garlic cloves,2,,large garlic cloves,,
15de62d0-23e0-4497-9465-8279663b2436|0|5,Thai Red Curry Pot Roast Chicken,,2 tsp fresh ginger,2,tsp,fresh ginger,,
15de62d0-23e0-4497-9465-8279663b2436|0|6,Thai Red Curry Pot Roast Chicken,,"2 tsp fresh lemongrass, finely grated, white part only (sub 1 tbsp paste)",2,tsp,fresh lemongrass,"finely grated,  white part only; sub 1 tbsp paste",
15de62d0-23e0-4497-9465-8279663b2436|0|7,Thai Red Curry Pot Roast Chicken,,1 cup (250ml) low sodium chicken stock,1,cup,low sodium chicken stock,250ml,
15de62d0-23e0-4497-9465-8279663b2436|0|8,Thai Red Curry Pot Roast Chicken,,400ml coconut cream,400,ml,coconut cream,,
15de62d0-23e0-4497-9465-8279663b2436|0|9,Thai Red Curry Pot Roast Chicken,,"6 kaffir lime leaves, crushed in hand",6,,kaffir lime leaves,crushed in hand,
15de62d0-23e0-4497-9465-8279663b2436|0|10,Thai Red Curry Pot Roast Chicken,,1 tbsp white sugar,1,tbsp,white sugar,,
15de62d0-23e0-4497-9465-8279663b2436|0|11,Thai Red Curry Pot Roast Chicken,,2 tsp fish sauce,2,tsp,fish sauce,,
15de62d0-23e0-4497-9465-8279663b2436|0|12,Thai Red Curry Pot Roast Chicken,,"600g small potatoes, skin on",600,g,small potatoes,skin on,
15de62d0-23e0-4497-9465-8279663b2436|0|13,Thai Red Curry Pot Roast Chicken,,"120g green beans, cut in half",120,g,green beans,cut in half,
15de62d0-23e0-4497-9465-8279663b2436|0|14,Thai Red Curry Pot Roast Chicken,,15+ Thai basil leaves (sub Italian basil),15,,+ Thai basil leaves,sub Italian basil,
f600107c-21f7-4ded-8f8b-514920c0b81d|0|0,Thai Style Chicken Satay,Chicken,"600g skinless boneless chicken thighs, cut into bite-sized pieces",600,g,skinless boneless chicken thighs,cut into bite-sized pieces,
f600107c-21f7-4ded-8f8b-514920c0b81d|0|1,Thai Style Chicken Satay,Chicken,2 tsp Thai red curry paste,2,tsp,Thai red curry paste,,
f600107c-21f7-4ded-8f8b-514920c0b81d|0|2,Thai Style Chicken Satay,Chicken,1 tsp curry powder,1,tsp,curry powder,,
f600107c-21f7-4ded-8f8b-514920c0b81d|0|3,Thai Style Chicken Satay,Chicken,a drizzle of oil,,,drizzle of oil,,no-qty
f600107c-21f7-4ded-8f8b-514920c0b81d|0|4,Thai Style Chicken Satay,Chicken,salt,,,salt,,
f600107c-21f7-4ded-8f8b-514920c0b81d|1|0,Thai Style Chicken Satay,Satay Sauce,2 tbsp peanut butter,2,tbsp,peanut butter,,
f600107c-21f7-4ded-8f8b-514920c0b81d|1|1,Thai Style Chicken Satay,Satay Sauce,1 tbsp Thai red curry paste,1,tbsp,Thai red curry paste,,
f600107c-21f7-4ded-8f8b-514920c0b81d|1|2,Thai Style Chicken Satay,Satay Sauce,1 tbsp soy sauce,1,tbsp,soy sauce,,
f600107c-21f7-4ded-8f8b-514920c0b81d|1|3,Thai Style Chicken Satay,Satay Sauce,1 tbsp maple syrup,1,tbsp,maple syrup,,
f600107c-21f7-4ded-8f8b-514920c0b81d|1|4,Thai Style Chicken Satay,Satay Sauce,200ml coconut milk,200,ml,coconut milk,,
f600107c-21f7-4ded-8f8b-514920c0b81d|1|5,Thai Style Chicken Satay,Satay Sauce,1 tsp fish sauce (optional),1,tsp,fish sauce,optional,
f600107c-21f7-4ded-8f8b-514920c0b81d|1|6,Thai Style Chicken Satay,Satay Sauce,juice of ½ lime,,,juice of ½ lime,,no-qty
f600107c-21f7-4ded-8f8b-514920c0b81d|2|0,Thai Style Chicken Satay,For Serving,sticky rice,,,sticky rice,,no-qty
f600107c-21f7-4ded-8f8b-514920c0b81d|2|1,Thai Style Chicken Satay,For Serving,"quick pickled ribbons of cucumber and carrot (rice vinegar, maple syrup, salt)",,,quick pickled ribbons of cucumber and carrot,"rice vinegar, maple syrup, salt",long|no-qty
f600107c-21f7-4ded-8f8b-514920c0b81d|2|2,Thai Style Chicken Satay,For Serving,spring onion,,,spring onion,,no-qty
f600107c-21f7-4ded-8f8b-514920c0b81d|2|3,Thai Style Chicken Satay,For Serving,red chilli,,,red chilli,,no-qty
67a799b6-1819-4860-8393-78879d5ce912|0|0,The Easiest Soy Chicken,,1.5 cups jasmine rice,1.5,cup,jasmine rice,,
67a799b6-1819-4860-8393-78879d5ce912|0|1,The Easiest Soy Chicken,,2 cups chicken stock,2,cup,chicken stock,,
67a799b6-1819-4860-8393-78879d5ce912|0|2,The Easiest Soy Chicken,,"2 pak choi, roughly chopped",2,,pak choi,roughly chopped,
67a799b6-1819-4860-8393-78879d5ce912|0|3,The Easiest Soy Chicken,,handful frozen edamame beans,1,handful,frozen edamame beans,,
67a799b6-1819-4860-8393-78879d5ce912|0|4,The Easiest Soy Chicken,,"500g skinless boneless chicken thighs, diced",500,g,skinless boneless chicken thighs,diced,
67a799b6-1819-4860-8393-78879d5ce912|0|5,The Easiest Soy Chicken,,1 heaped tbsp dark soy sauce,1,,heaped tbsp dark soy sauce,,
67a799b6-1819-4860-8393-78879d5ce912|0|6,The Easiest Soy Chicken,,2 tsp ginger & garlic paste (or use fresh),2,tsp,ginger & garlic paste,or use fresh,or-alt
67a799b6-1819-4860-8393-78879d5ce912|0|7,The Easiest Soy Chicken,,½ tbsp rice vinegar,0.5,tbsp,rice vinegar,,
67a799b6-1819-4860-8393-78879d5ce912|0|8,The Easiest Soy Chicken,,1 tsp sesame oil,1,tsp,sesame oil,,
67a799b6-1819-4860-8393-78879d5ce912|0|9,The Easiest Soy Chicken,,¼ tsp white pepper,0.25,tsp,white pepper,,
67a799b6-1819-4860-8393-78879d5ce912|0|10,The Easiest Soy Chicken,,"spring onions, coriander & sesame seeds to serve",,,spring onions,coriander & sesame seeds to serve,vague|no-qty
b4546d6b-3657-4ae6-972d-84f4713aab01|0|0,Tiramisu Inspired Rice Cake Tower,Main,3 rice cakes,3,,rice cakes,,
b4546d6b-3657-4ae6-972d-84f4713aab01|0|1,Tiramisu Inspired Rice Cake Tower,Main,100ml coffee (sweetened to taste),100,ml,coffee,sweetened to taste,vague
b4546d6b-3657-4ae6-972d-84f4713aab01|0|2,Tiramisu Inspired Rice Cake Tower,Main,200g soy skyr,200,g,soy skyr,,
b4546d6b-3657-4ae6-972d-84f4713aab01|0|3,Tiramisu Inspired Rice Cake Tower,Main,Splash of plant-based milk,1,splash,plant-based milk,,
b4546d6b-3657-4ae6-972d-84f4713aab01|0|4,Tiramisu Inspired Rice Cake Tower,Main,30g vegan protein powder,30,g,vegan protein powder,,
b4546d6b-3657-4ae6-972d-84f4713aab01|0|5,Tiramisu Inspired Rice Cake Tower,Main,Baking cacao for topping,,,Baking cacao for topping,,no-qty
ef222ac5-f64c-4a4e-ad1f-4143192107ef|0|0,Toffee Pecan Apple Crumble,Apples,6 apples (mix of sweet and tart e.g. Gala and Bramley),6,,apples,mix of sweet and tart e.g. Gala and Bramley,
ef222ac5-f64c-4a4e-ad1f-4143192107ef|0|1,Toffee Pecan Apple Crumble,Apples,1 tbsp coconut oil,1,tbsp,coconut oil,,
ef222ac5-f64c-4a4e-ad1f-4143192107ef|0|2,Toffee Pecan Apple Crumble,Apples,1 tsp cinnamon,1,tsp,cinnamon,,
ef222ac5-f64c-4a4e-ad1f-4143192107ef|0|3,Toffee Pecan Apple Crumble,Apples,Juice of 1/2 lemon,,,Juice of 1/2 lemon,,digit-in-name|no-qty
ef222ac5-f64c-4a4e-ad1f-4143192107ef|1|0,Toffee Pecan Apple Crumble,Date Toffee,"200g medjool dates, pitted",200,g,medjool dates,pitted,
ef222ac5-f64c-4a4e-ad1f-4143192107ef|1|1,Toffee Pecan Apple Crumble,Date Toffee,2 heaped tbsp smooth peanut butter,2,,heaped tbsp smooth peanut butter,,
ef222ac5-f64c-4a4e-ad1f-4143192107ef|1|2,Toffee Pecan Apple Crumble,Date Toffee,1 tsp vanilla extract,1,tsp,vanilla extract,,
ef222ac5-f64c-4a4e-ad1f-4143192107ef|1|3,Toffee Pecan Apple Crumble,Date Toffee,Pinch of flaky salt,1,pinch,flaky salt,,
ef222ac5-f64c-4a4e-ad1f-4143192107ef|2|0,Toffee Pecan Apple Crumble,Crumble,60g pecans,60,g,pecans,,
ef222ac5-f64c-4a4e-ad1f-4143192107ef|2|1,Toffee Pecan Apple Crumble,Crumble,100g rolled oats,100,g,rolled oats,,
ef222ac5-f64c-4a4e-ad1f-4143192107ef|2|2,Toffee Pecan Apple Crumble,Crumble,60g flour,60,g,flour,,
ef222ac5-f64c-4a4e-ad1f-4143192107ef|2|3,Toffee Pecan Apple Crumble,Crumble,80g coconut oil,80,g,coconut oil,,
ef222ac5-f64c-4a4e-ad1f-4143192107ef|2|4,Toffee Pecan Apple Crumble,Crumble,1 tsp cinnamon,1,tsp,cinnamon,,
ef222ac5-f64c-4a4e-ad1f-4143192107ef|2|5,Toffee Pecan Apple Crumble,Crumble,Pinch of flaky salt,1,pinch,flaky salt,,
ef222ac5-f64c-4a4e-ad1f-4143192107ef|2|6,Toffee Pecan Apple Crumble,Crumble,Vanilla ice cream to serve,,,Vanilla ice cream,to serve,vague|no-qty
9b44ebcc-2f1c-4b6a-a1d7-98c1598f5af3|0|0,Tuna Avocado Wrap,Tunacado Filling,"1 tin tuna in spring water, drained",1,tin,tuna in spring water,drained,
9b44ebcc-2f1c-4b6a-a1d7-98c1598f5af3|0|1,Tuna Avocado Wrap,Tunacado Filling,"1/4 small red onion, finely chopped",0.25,,small red onion,finely chopped,
9b44ebcc-2f1c-4b6a-a1d7-98c1598f5af3|0|2,Tuna Avocado Wrap,Tunacado Filling,0.5 tbsp minced garlic,0.5,tbsp,garlic,minced,
9b44ebcc-2f1c-4b6a-a1d7-98c1598f5af3|0|3,Tuna Avocado Wrap,Tunacado Filling,"1 small gherkin, finely chopped",1,,small gherkin,finely chopped,
9b44ebcc-2f1c-4b6a-a1d7-98c1598f5af3|0|4,Tuna Avocado Wrap,Tunacado Filling,1 tbsp pickle juice,1,tbsp,pickle juice,,
9b44ebcc-2f1c-4b6a-a1d7-98c1598f5af3|0|5,Tuna Avocado Wrap,Tunacado Filling,2 tbsp light mayonnaise,2,tbsp,light mayonnaise,,
9b44ebcc-2f1c-4b6a-a1d7-98c1598f5af3|0|6,Tuna Avocado Wrap,Tunacado Filling,"1 tbsp dill/parsley, finely chopped",1,tbsp,dill/parsley,finely chopped,
9b44ebcc-2f1c-4b6a-a1d7-98c1598f5af3|0|7,Tuna Avocado Wrap,Tunacado Filling,0.5 tsp dijon mustard,0.5,tsp,dijon mustard,,
9b44ebcc-2f1c-4b6a-a1d7-98c1598f5af3|0|8,Tuna Avocado Wrap,Tunacado Filling,1 tbsp hot sauce,1,tbsp,hot sauce,,
9b44ebcc-2f1c-4b6a-a1d7-98c1598f5af3|0|9,Tuna Avocado Wrap,Tunacado Filling,Salt & black pepper to taste,,,Salt & black pepper,to taste,vague
9b44ebcc-2f1c-4b6a-a1d7-98c1598f5af3|1|0,Tuna Avocado Wrap,Sandwich,1.5 tbsp green pesto,1.5,tbsp,green pesto,,
9b44ebcc-2f1c-4b6a-a1d7-98c1598f5af3|1|1,Tuna Avocado Wrap,Sandwich,"Half an avocado, sliced",,,Half an avocado,sliced,no-qty
9b44ebcc-2f1c-4b6a-a1d7-98c1598f5af3|1|2,Tuna Avocado Wrap,Sandwich,Hot sauce (optional),,,Hot sauce,optional,no-qty
9b44ebcc-2f1c-4b6a-a1d7-98c1598f5af3|1|3,Tuna Avocado Wrap,Sandwich,"1 small tomato, sliced",1,,small tomato,sliced,
9b44ebcc-2f1c-4b6a-a1d7-98c1598f5af3|1|4,Tuna Avocado Wrap,Sandwich,1 soft pitta,1,,soft pitta,,
43e999f7-3a1b-47ab-bde4-12cb2f187b5e|0|0,Tuna Chilli Crunch Salad,Main,"1/2 cucumber, sliced thinly",0.5,,cucumber,sliced thinly,
43e999f7-3a1b-47ab-bde4-12cb2f187b5e|0|1,Tuna Chilli Crunch Salad,Main,"A handful of radishes, sliced thinly",1,handful,radishes,sliced thinly,
43e999f7-3a1b-47ab-bde4-12cb2f187b5e|0|2,Tuna Chilli Crunch Salad,Main,"1 tin tuna, drained",1,tin,tuna,drained,
43e999f7-3a1b-47ab-bde4-12cb2f187b5e|0|3,Tuna Chilli Crunch Salad,Main,"1 large spring onion, finely diced",1,,large spring onion,finely diced,
43e999f7-3a1b-47ab-bde4-12cb2f187b5e|0|4,Tuna Chilli Crunch Salad,Main,"1/2 medium avocado, diced",0.5,,medium avocado,diced,
43e999f7-3a1b-47ab-bde4-12cb2f187b5e|0|5,Tuna Chilli Crunch Salad,Main,1 tbsp yoghurt,1,tbsp,yoghurt,,
43e999f7-3a1b-47ab-bde4-12cb2f187b5e|0|6,Tuna Chilli Crunch Salad,Main,1 tbsp garlic ginger paste,1,tbsp,garlic ginger paste,,
43e999f7-3a1b-47ab-bde4-12cb2f187b5e|0|7,Tuna Chilli Crunch Salad,Main,1 tbsp soy sauce,1,tbsp,soy sauce,,
43e999f7-3a1b-47ab-bde4-12cb2f187b5e|0|8,Tuna Chilli Crunch Salad,Main,Some chopped coriander (omit if you don't like),,,coriander,chopped; omit if you don't like,no-qty
43e999f7-3a1b-47ab-bde4-12cb2f187b5e|0|9,Tuna Chilli Crunch Salad,Main,1 tsp toasted sesame oil,1,tsp,sesame oil,toasted,
43e999f7-3a1b-47ab-bde4-12cb2f187b5e|0|10,Tuna Chilli Crunch Salad,Main,2 heaped tbsp chickpeas,2,,heaped tbsp chickpeas,,
43e999f7-3a1b-47ab-bde4-12cb2f187b5e|0|11,Tuna Chilli Crunch Salad,Main,Juice of 1/2 lime,,,Juice of 1/2 lime,,digit-in-name|no-qty
43e999f7-3a1b-47ab-bde4-12cb2f187b5e|0|12,Tuna Chilli Crunch Salad,Main,Optional: chilli flakes and crispy chilli oil,,,chilli flakes and crispy chilli oil,,long|no-qty
68f02130-74c9-433d-bb93-a871a7d39dde|0|0,Tuna Gnocchi Bake,Main,"1/2 red onion, finely diced",0.5,,red onion,finely diced,
68f02130-74c9-433d-bb93-a871a7d39dde|0|1,Tuna Gnocchi Bake,Main,"2 garlic cloves, finely chopped",2,,garlic cloves,finely chopped,
68f02130-74c9-433d-bb93-a871a7d39dde|0|2,Tuna Gnocchi Bake,Main,"4 sun-dried tomatoes, finely chopped",4,,sun-dried tomatoes,finely chopped,
68f02130-74c9-433d-bb93-a871a7d39dde|0|3,Tuna Gnocchi Bake,Main,"2 roasted red peppers (jarred), chopped",2,,roasted red peppers,chopped; jarred,
68f02130-74c9-433d-bb93-a871a7d39dde|0|4,Tuna Gnocchi Bake,Main,1 tsp dried oregano,1,tsp,dried oregano,,
68f02130-74c9-433d-bb93-a871a7d39dde|0|5,Tuna Gnocchi Bake,Main,1 tbsp harissa,1,tbsp,harissa,,
68f02130-74c9-433d-bb93-a871a7d39dde|0|6,Tuna Gnocchi Bake,Main,1 tbsp tomato purée,1,tbsp,tomato purée,,
68f02130-74c9-433d-bb93-a871a7d39dde|0|7,Tuna Gnocchi Bake,Main,"Handful of olives, halved",1,handful,olives,halved,
68f02130-74c9-433d-bb93-a871a7d39dde|0|8,Tuna Gnocchi Bake,Main,2 tins tuna,2,tin,tuna,,
68f02130-74c9-433d-bb93-a871a7d39dde|0|9,Tuna Gnocchi Bake,Main,400g passata,400,g,passata,,
68f02130-74c9-433d-bb93-a871a7d39dde|0|10,Tuna Gnocchi Bake,Main,500g gnocchi,500,g,gnocchi,,
68f02130-74c9-433d-bb93-a871a7d39dde|0|11,Tuna Gnocchi Bake,Main,Grated parmesan,,,parmesan,Grated,no-qty
cc78c8db-64b2-45c8-b9ee-5790ee61b228|0|0,Tuna Melt Sandwich,Tuna Salad,1 can of tuna,1,can,tuna,,
cc78c8db-64b2-45c8-b9ee-5790ee61b228|0|1,Tuna Melt Sandwich,Tuna Salad,"Finely diced red onion, celery, and dill pickles",,,red onion,"Finely diced; celery,  and dill pickles",no-qty
cc78c8db-64b2-45c8-b9ee-5790ee61b228|0|2,Tuna Melt Sandwich,Tuna Salad,1 tbsp light mayo,1,tbsp,light mayo,,
cc78c8db-64b2-45c8-b9ee-5790ee61b228|0|3,Tuna Melt Sandwich,Tuna Salad,1/2 avocado,0.5,,avocado,,
cc78c8db-64b2-45c8-b9ee-5790ee61b228|0|4,Tuna Melt Sandwich,Tuna Salad,Splash of lemon juice,1,splash,lemon juice,,
cc78c8db-64b2-45c8-b9ee-5790ee61b228|0|5,Tuna Melt Sandwich,Tuna Salad,Salt and pepper to taste,,,Salt and pepper,to taste,vague
cc78c8db-64b2-45c8-b9ee-5790ee61b228|0|6,Tuna Melt Sandwich,Tuna Salad,1 tsp garlic powder,1,tsp,garlic powder,,
cc78c8db-64b2-45c8-b9ee-5790ee61b228|0|7,Tuna Melt Sandwich,Tuna Salad,1 tsp dried dill,1,tsp,dried dill,,
cc78c8db-64b2-45c8-b9ee-5790ee61b228|1|0,Tuna Melt Sandwich,Sandwich,2 slices of sourdough,2,slice,sourdough,,
cc78c8db-64b2-45c8-b9ee-5790ee61b228|1|1,Tuna Melt Sandwich,Sandwich,Hummus,,,Hummus,,no-qty
cc78c8db-64b2-45c8-b9ee-5790ee61b228|1|2,Tuna Melt Sandwich,Sandwich,Sliced tomato,,,tomato,Sliced,no-qty
cc78c8db-64b2-45c8-b9ee-5790ee61b228|1|3,Tuna Melt Sandwich,Sandwich,Cheddar cheese,,,Cheddar cheese,,no-qty
82ec8921-3d4e-44c2-880c-f8c16bc1af36|0|0,Tuna Salad Meal Prep,Main,4 x 5oz cans tuna in water,4,,x 5oz cans tuna in water,,digit-in-name
82ec8921-3d4e-44c2-880c-f8c16bc1af36|0|1,Tuna Salad Meal Prep,Main,"1-2 medium stalks celery (40-80g), finely chopped",1,,medium stalks celery,finely chopped; 40-80g,range
82ec8921-3d4e-44c2-880c-f8c16bc1af36|0|2,Tuna Salad Meal Prep,Main,"1/4 cup red onion (28g), finely chopped",0.25,cup,red onion,finely chopped; 28g,
82ec8921-3d4e-44c2-880c-f8c16bc1af36|0|3,Tuna Salad Meal Prep,Main,"4-5 baby dill pickles, chopped",4,,baby dill pickles,chopped,range
82ec8921-3d4e-44c2-880c-f8c16bc1af36|0|4,Tuna Salad Meal Prep,Main,1/2 cup miracle whip (120g) or mayo,0.5,cup,miracle whip or mayo,120g,or-alt
82ec8921-3d4e-44c2-880c-f8c16bc1af36|0|5,Tuna Salad Meal Prep,Main,1/2 cup non fat plain Greek yogurt (113g),0.5,cup,non fat plain Greek yogurt,113g,
82ec8921-3d4e-44c2-880c-f8c16bc1af36|0|6,Tuna Salad Meal Prep,Main,Salt and pepper to taste,,,Salt and pepper,to taste,vague
82ec8921-3d4e-44c2-880c-f8c16bc1af36|0|7,Tuna Salad Meal Prep,Main,1-2 tbsp dill,1,tbsp,dill,,range
82ec8921-3d4e-44c2-880c-f8c16bc1af36|0|8,Tuna Salad Meal Prep,Main,1-2 tbsp chives,1,tbsp,chives,,range
02a298aa-2a3d-48a2-a13f-40c4c712791c|0|0,Turkey Burgers,,1 lb lean ground turkey (99/1 for maximum protein),1,lb,lean ground turkey,99/1 for maximum protein,
02a298aa-2a3d-48a2-a13f-40c4c712791c|0|1,Turkey Burgers,,1 large egg,1,,large egg,,
02a298aa-2a3d-48a2-a13f-40c4c712791c|0|2,Turkey Burgers,,1 tbsp olive oil (14g),1,tbsp,olive oil,14g,
02a298aa-2a3d-48a2-a13f-40c4c712791c|0|3,Turkey Burgers,,1 tbsp Worcestershire sauce (15g),1,tbsp,Worcestershire sauce,15g,
02a298aa-2a3d-48a2-a13f-40c4c712791c|0|4,Turkey Burgers,,"½ tsp each: salt, pepper, garlic powder, smoked paprika",0.5,tsp,each: salt,"pepper,  garlic powder,  smoked paprika",
02a298aa-2a3d-48a2-a13f-40c4c712791c|0|5,Turkey Burgers,,"¼ cup green onions (18g), chopped",0.25,cup,green onions,chopped; 18g,
3f719bee-09d6-4de9-be72-a50e8ad3266c|0|0,Turkey Taco Scramble,Eggs,"8 large eggs, beaten",8,,large eggs,beaten,
3f719bee-09d6-4de9-be72-a50e8ad3266c|0|1,Turkey Taco Scramble,Eggs,¼ tsp adobo seasoning salt,0.25,tsp,adobo seasoning salt,,
3f719bee-09d6-4de9-be72-a50e8ad3266c|0|2,Turkey Taco Scramble,Eggs,½ cup reduced fat Mexican blend shredded cheese (omit or sub DF cheese to keep DF),0.5,cup,reduced fat Mexican blend shredded cheese,omit or sub DF cheese to keep DF,or-alt|long
3f719bee-09d6-4de9-be72-a50e8ad3266c|1|0,Turkey Taco Scramble,Turkey Taco Meat,450g (1 lb) 99% lean ground turkey,450,g,99% lean ground turkey,1 lb,digit-in-name
3f719bee-09d6-4de9-be72-a50e8ad3266c|1|1,Turkey Taco Scramble,Turkey Taco Meat,2 tbsp taco seasoning (check GF),2,tbsp,taco seasoning,check GF,
3f719bee-09d6-4de9-be72-a50e8ad3266c|1|2,Turkey Taco Scramble,Turkey Taco Meat,"½ small onion, minced",0.5,,small onion,minced,
3f719bee-09d6-4de9-be72-a50e8ad3266c|1|3,Turkey Taco Scramble,Turkey Taco Meat,"2 tbsp bell pepper, minced",2,tbsp,bell pepper,minced,
3f719bee-09d6-4de9-be72-a50e8ad3266c|1|4,Turkey Taco Scramble,Turkey Taco Meat,115g (4oz) tin tomato sauce,115,g,tin tomato sauce,4oz,
3f719bee-09d6-4de9-be72-a50e8ad3266c|1|5,Turkey Taco Scramble,Turkey Taco Meat,¼ cup water,0.25,cup,water,,
3f719bee-09d6-4de9-be72-a50e8ad3266c|2|0,Turkey Taco Scramble,Potatoes,"450g sweet potato, quartered",450,g,sweet potato,quartered,
3f719bee-09d6-4de9-be72-a50e8ad3266c|2|1,Turkey Taco Scramble,Potatoes,4 tsp olive oil,4,tsp,olive oil,,
3f719bee-09d6-4de9-be72-a50e8ad3266c|2|2,Turkey Taco Scramble,Potatoes,¾ tsp salt,0.75,tsp,salt,,
3f719bee-09d6-4de9-be72-a50e8ad3266c|2|3,Turkey Taco Scramble,Potatoes,½ tsp garlic powder,0.5,tsp,garlic powder,,
3f719bee-09d6-4de9-be72-a50e8ad3266c|2|4,Turkey Taco Scramble,Potatoes,Fresh black pepper,,,Fresh black pepper,,no-qty
3f719bee-09d6-4de9-be72-a50e8ad3266c|3|0,Turkey Taco Scramble,Homemade Taco Seasoning,1 tsp garlic powder,1,tsp,garlic powder,,
3f719bee-09d6-4de9-be72-a50e8ad3266c|3|1,Turkey Taco Scramble,Homemade Taco Seasoning,1 tsp cumin,1,tsp,cumin,,
3f719bee-09d6-4de9-be72-a50e8ad3266c|3|2,Turkey Taco Scramble,Homemade Taco Seasoning,1 tsp kosher salt,1,tsp,kosher salt,,
3f719bee-09d6-4de9-be72-a50e8ad3266c|3|3,Turkey Taco Scramble,Homemade Taco Seasoning,1 tsp chilli powder,1,tsp,chilli powder,,
3f719bee-09d6-4de9-be72-a50e8ad3266c|3|4,Turkey Taco Scramble,Homemade Taco Seasoning,1 tsp paprika,1,tsp,paprika,,
3f719bee-09d6-4de9-be72-a50e8ad3266c|3|5,Turkey Taco Scramble,Homemade Taco Seasoning,½ tsp oregano,0.5,tsp,oregano,,
3f719bee-09d6-4de9-be72-a50e8ad3266c|4|0,Turkey Taco Scramble,To Serve,¼ cup chopped scallions or coriander,0.25,cup,scallions or coriander,chopped,or-alt
3f719bee-09d6-4de9-be72-a50e8ad3266c|4|1,Turkey Taco Scramble,To Serve,Salsa,,,Salsa,,no-qty
3f719bee-09d6-4de9-be72-a50e8ad3266c|4|2,Turkey Taco Scramble,To Serve,Avocado,,,Avocado,,no-qty
3f719bee-09d6-4de9-be72-a50e8ad3266c|4|3,Turkey Taco Scramble,To Serve,Yoghurt / sour cream,,,Yoghurt / sour cream,,no-qty
3f719bee-09d6-4de9-be72-a50e8ad3266c|4|4,Turkey Taco Scramble,To Serve,Pickled onions,,,Pickled onions,,no-qty
3f719bee-09d6-4de9-be72-a50e8ad3266c|4|5,Turkey Taco Scramble,To Serve,Pickled jalapeno,,,Pickled jalapeno,,no-qty
22049488-1d4c-4d15-b4ee-35e64823061e|0|0,Tuscan-Style Chicken Meatballs & Baby Mushrooms,,500g chicken mince,500,g,chicken mince,,
22049488-1d4c-4d15-b4ee-35e64823061e|0|1,Tuscan-Style Chicken Meatballs & Baby Mushrooms,,1 onion (or 2 shallots),1,,onion,or 2 shallots,or-alt
22049488-1d4c-4d15-b4ee-35e64823061e|0|2,Tuscan-Style Chicken Meatballs & Baby Mushrooms,,10–12 sundried tomatoes in oil,10,,sundried tomatoes in oil,,range
22049488-1d4c-4d15-b4ee-35e64823061e|0|3,Tuscan-Style Chicken Meatballs & Baby Mushrooms,,2 punnets baby mushrooms,2,,punnets baby mushrooms,,
22049488-1d4c-4d15-b4ee-35e64823061e|0|4,Tuscan-Style Chicken Meatballs & Baby Mushrooms,,1 tsp dried parsley,1,tsp,dried parsley,,
22049488-1d4c-4d15-b4ee-35e64823061e|0|5,Tuscan-Style Chicken Meatballs & Baby Mushrooms,,1 tsp sweet paprika,1,tsp,sweet paprika,,
22049488-1d4c-4d15-b4ee-35e64823061e|0|6,Tuscan-Style Chicken Meatballs & Baby Mushrooms,,1 slice white bread (blitzed to breadcrumbs),1,slice,white bread,blitzed to breadcrumbs,
22049488-1d4c-4d15-b4ee-35e64823061e|0|7,Tuscan-Style Chicken Meatballs & Baby Mushrooms,,2 garlic cloves,2,,garlic cloves,,
22049488-1d4c-4d15-b4ee-35e64823061e|0|8,Tuscan-Style Chicken Meatballs & Baby Mushrooms,,0.5 tsp sugar,0.5,tsp,sugar,,
22049488-1d4c-4d15-b4ee-35e64823061e|0|9,Tuscan-Style Chicken Meatballs & Baby Mushrooms,,1 tin chopped tomatoes,1,tin,tomatoes,chopped,
22049488-1d4c-4d15-b4ee-35e64823061e|0|10,Tuscan-Style Chicken Meatballs & Baby Mushrooms,,250ml cream (oat cream works),250,ml,cream,oat cream works,
22049488-1d4c-4d15-b4ee-35e64823061e|0|11,Tuscan-Style Chicken Meatballs & Baby Mushrooms,,handful fresh parsley,1,handful,fresh parsley,,
22049488-1d4c-4d15-b4ee-35e64823061e|0|12,Tuscan-Style Chicken Meatballs & Baby Mushrooms,,salt & pepper,,,salt & pepper,,
9abf33d7-cada-48bd-8efb-36556a2f8de2|0|0,Ultimate Christmas Pasta Salad,Pasta Salad,120g dry-weight pasta,120,g,dry-weight pasta,,
9abf33d7-cada-48bd-8efb-36556a2f8de2|0|1,Ultimate Christmas Pasta Salad,Pasta Salad,4 slices smoked streaky bacon,4,slice,smoked streaky bacon,,
9abf33d7-cada-48bd-8efb-36556a2f8de2|0|2,Ultimate Christmas Pasta Salad,Pasta Salad,120g shredded turkey or chicken,120,g,turkey or chicken,shredded,or-alt
9abf33d7-cada-48bd-8efb-36556a2f8de2|0|3,Ultimate Christmas Pasta Salad,Pasta Salad,2 tbsp dried cranberries,2,tbsp,dried cranberries,,
9abf33d7-cada-48bd-8efb-36556a2f8de2|0|4,Ultimate Christmas Pasta Salad,Pasta Salad,80g crumbled stilton,80,g,stilton,crumbled,
9abf33d7-cada-48bd-8efb-36556a2f8de2|0|5,Ultimate Christmas Pasta Salad,Pasta Salad,handful of rocket,1,handful,rocket,,
9abf33d7-cada-48bd-8efb-36556a2f8de2|1|0,Ultimate Christmas Pasta Salad,Breadcrumb Topping,60g granary breadcrumbs (blitzed from granary bread),60,g,granary breadcrumbs,blitzed from granary bread,
9abf33d7-cada-48bd-8efb-36556a2f8de2|1|1,Ultimate Christmas Pasta Salad,Breadcrumb Topping,1 banana shallot,1,,banana shallot,,
9abf33d7-cada-48bd-8efb-36556a2f8de2|1|2,Ultimate Christmas Pasta Salad,Breadcrumb Topping,"handful walnuts, chopped",1,handful,walnuts,chopped,
9abf33d7-cada-48bd-8efb-36556a2f8de2|2|0,Ultimate Christmas Pasta Salad,Dressing,1 tsp Dijon mustard (or wholegrain),1,tsp,Dijon mustard,or wholegrain,or-alt
9abf33d7-cada-48bd-8efb-36556a2f8de2|2|1,Ultimate Christmas Pasta Salad,Dressing,1 tbsp honey,1,tbsp,honey,,
9abf33d7-cada-48bd-8efb-36556a2f8de2|2|2,Ultimate Christmas Pasta Salad,Dressing,2 tbsp red wine vinegar,2,tbsp,red wine vinegar,,
9abf33d7-cada-48bd-8efb-36556a2f8de2|2|3,Ultimate Christmas Pasta Salad,Dressing,1 heaped tbsp Greek yoghurt or mayo,1,,heaped tbsp Greek yoghurt or mayo,,or-alt
9abf33d7-cada-48bd-8efb-36556a2f8de2|2|4,Ultimate Christmas Pasta Salad,Dressing,pinch salt and pepper,1,pinch,salt and pepper,,
9abf33d7-cada-48bd-8efb-36556a2f8de2|2|5,Ultimate Christmas Pasta Salad,Dressing,1–2 tbsp reserved pasta water,1,tbsp,reserved pasta water,,range
49108bee-8400-4e0a-8597-4492b3b28b8e|0|0,Vegan Blueberry Protein Pancakes with Sticky Toffee Sauce,Pancakes,¾ cup plain flour (sub GF plain flour or oat flour to keep GF),0.75,cup,plain flour,sub GF plain flour or oat flour to keep GF,or-alt
49108bee-8400-4e0a-8597-4492b3b28b8e|0|1,Vegan Blueberry Protein Pancakes with Sticky Toffee Sauce,Pancakes,1 scoop vanilla protein powder,1,scoop,vanilla protein powder,,
49108bee-8400-4e0a-8597-4492b3b28b8e|0|2,Vegan Blueberry Protein Pancakes with Sticky Toffee Sauce,Pancakes,1 tbsp baking powder,1,tbsp,baking powder,,
49108bee-8400-4e0a-8597-4492b3b28b8e|0|3,Vegan Blueberry Protein Pancakes with Sticky Toffee Sauce,Pancakes,1 tbsp agave syrup,1,tbsp,agave syrup,,
49108bee-8400-4e0a-8597-4492b3b28b8e|0|4,Vegan Blueberry Protein Pancakes with Sticky Toffee Sauce,Pancakes,1 tsp vanilla,1,tsp,vanilla,,
49108bee-8400-4e0a-8597-4492b3b28b8e|0|5,Vegan Blueberry Protein Pancakes with Sticky Toffee Sauce,Pancakes,1 tsp apple cider vinegar,1,tsp,apple cider vinegar,,
49108bee-8400-4e0a-8597-4492b3b28b8e|0|6,Vegan Blueberry Protein Pancakes with Sticky Toffee Sauce,Pancakes,Approx. 1 cup milk of choice,1,cup,milk of choice,,
49108bee-8400-4e0a-8597-4492b3b28b8e|0|7,Vegan Blueberry Protein Pancakes with Sticky Toffee Sauce,Pancakes,Pinch cinnamon,1,pinch,cinnamon,,
49108bee-8400-4e0a-8597-4492b3b28b8e|0|8,Vegan Blueberry Protein Pancakes with Sticky Toffee Sauce,Pancakes,Pinch salt,1,pinch,salt,,
49108bee-8400-4e0a-8597-4492b3b28b8e|0|9,Vegan Blueberry Protein Pancakes with Sticky Toffee Sauce,Pancakes,Frozen blueberries,,,Frozen blueberries,,no-qty
49108bee-8400-4e0a-8597-4492b3b28b8e|1|0,Vegan Blueberry Protein Pancakes with Sticky Toffee Sauce,Sticky Toffee Sauce,1 tbsp nut butter,1,tbsp,nut butter,,
49108bee-8400-4e0a-8597-4492b3b28b8e|1|1,Vegan Blueberry Protein Pancakes with Sticky Toffee Sauce,Sticky Toffee Sauce,1 tbsp maple or agave syrup,1,tbsp,maple or agave syrup,,or-alt
49108bee-8400-4e0a-8597-4492b3b28b8e|1|2,Vegan Blueberry Protein Pancakes with Sticky Toffee Sauce,Sticky Toffee Sauce,Dash cinnamon and ginger,1,dash,cinnamon and ginger,,
49108bee-8400-4e0a-8597-4492b3b28b8e|1|3,Vegan Blueberry Protein Pancakes with Sticky Toffee Sauce,Sticky Toffee Sauce,Pinch salt,1,pinch,salt,,
49108bee-8400-4e0a-8597-4492b3b28b8e|1|4,Vegan Blueberry Protein Pancakes with Sticky Toffee Sauce,Sticky Toffee Sauce,Milk to thin,,,Milk to thin,,no-qty
a075d975-447b-4f4d-b7b7-0e1a11e7cfd6|0|0,Vegan Chocolate Brownie Pancakes,Batter,225ml soy milk (~1 cup),225,ml,soy milk,~1 cup,
a075d975-447b-4f4d-b7b7-0e1a11e7cfd6|0|1,Vegan Chocolate Brownie Pancakes,Batter,1 tbsp apple cider vinegar (or white vinegar),1,tbsp,apple cider vinegar,or white vinegar,or-alt
a075d975-447b-4f4d-b7b7-0e1a11e7cfd6|0|2,Vegan Chocolate Brownie Pancakes,Batter,100g flour (sub GF plain flour or oat flour to keep GF — 0.8 cups),100,g,flour,sub GF plain flour or oat flour to keep GF — 0.8 cups,or-alt
a075d975-447b-4f4d-b7b7-0e1a11e7cfd6|0|3,Vegan Chocolate Brownie Pancakes,Batter,25g cacao powder (~¼ cup),25,g,cacao powder,~¼ cup,
a075d975-447b-4f4d-b7b7-0e1a11e7cfd6|0|4,Vegan Chocolate Brownie Pancakes,Batter,1 tsp baking powder,1,tsp,baking powder,,
a075d975-447b-4f4d-b7b7-0e1a11e7cfd6|0|5,Vegan Chocolate Brownie Pancakes,Batter,1 tsp vanilla,1,tsp,vanilla,,
a075d975-447b-4f4d-b7b7-0e1a11e7cfd6|0|6,Vegan Chocolate Brownie Pancakes,Batter,Pinch of salt,1,pinch,salt,,
a075d975-447b-4f4d-b7b7-0e1a11e7cfd6|0|7,Vegan Chocolate Brownie Pancakes,Batter,2 tbsp maple syrup,2,tbsp,maple syrup,,
a075d975-447b-4f4d-b7b7-0e1a11e7cfd6|0|8,Vegan Chocolate Brownie Pancakes,Batter,1 tbsp vegetable oil,1,tbsp,vegetable oil,,
bbfa4a73-1d92-4ad8-994c-8292698c5545|0|0,Vegan Chocolate Cake Baked Oats,Batter,60g oats,60,g,oats,,
bbfa4a73-1d92-4ad8-994c-8292698c5545|0|1,Vegan Chocolate Cake Baked Oats,Batter,10g vegan vanilla protein powder,10,g,vegan vanilla protein powder,,
bbfa4a73-1d92-4ad8-994c-8292698c5545|0|2,Vegan Chocolate Cake Baked Oats,Batter,1 tsp raw cacao powder,1,tsp,raw cacao powder,,
bbfa4a73-1d92-4ad8-994c-8292698c5545|0|3,Vegan Chocolate Cake Baked Oats,Batter,1 tsp baking powder,1,tsp,baking powder,,
bbfa4a73-1d92-4ad8-994c-8292698c5545|0|4,Vegan Chocolate Cake Baked Oats,Batter,100ml almond or milk of choice,100,ml,almond or milk of choice,,or-alt
bbfa4a73-1d92-4ad8-994c-8292698c5545|0|5,Vegan Chocolate Cake Baked Oats,Batter,40g vegan yoghurt,40,g,vegan yoghurt,,
bbfa4a73-1d92-4ad8-994c-8292698c5545|1|0,Vegan Chocolate Cake Baked Oats,Fold-in & Topping,Chocolate chips or chunks,,,Chocolate chips or chunks,,or-alt|no-qty
bbfa4a73-1d92-4ad8-994c-8292698c5545|1|1,Vegan Chocolate Cake Baked Oats,Fold-in & Topping,Extra milk for pouring over,,,Extra milk for pouring over,,no-qty
5ebdd5bb-297b-4af3-940b-42325dcf1535|0|0,Vegan Chocolate Fudge Cake Oats,Cake,1 egg (or ½ flax egg to make vegan),1,,egg,or ½ flax egg to make vegan,or-alt
5ebdd5bb-297b-4af3-940b-42325dcf1535|0|1,Vegan Chocolate Fudge Cake Oats,Cake,1 tbsp yoghurt (use dairy-free soya or coconut yoghurt),1,tbsp,yoghurt,use dairy-free soya or coconut yoghurt,or-alt
5ebdd5bb-297b-4af3-940b-42325dcf1535|0|2,Vegan Chocolate Fudge Cake Oats,Cake,1 tbsp cocoa powder,1,tbsp,cocoa powder,,
5ebdd5bb-297b-4af3-940b-42325dcf1535|0|3,Vegan Chocolate Fudge Cake Oats,Cake,40g oat flour,40,g,oat flour,,
5ebdd5bb-297b-4af3-940b-42325dcf1535|0|4,Vegan Chocolate Fudge Cake Oats,Cake,2 tbsp protein powder,2,tbsp,protein powder,,
5ebdd5bb-297b-4af3-940b-42325dcf1535|0|5,Vegan Chocolate Fudge Cake Oats,Cake,½ tsp baking powder,0.5,tsp,baking powder,,
5ebdd5bb-297b-4af3-940b-42325dcf1535|0|6,Vegan Chocolate Fudge Cake Oats,Cake,80–90ml milk of choice,80,ml,milk of choice,,range
5ebdd5bb-297b-4af3-940b-42325dcf1535|1|0,Vegan Chocolate Fudge Cake Oats,Topping,Yoghurt (dairy-free),,,Yoghurt,dairy-free,no-qty
5ebdd5bb-297b-4af3-940b-42325dcf1535|1|1,Vegan Chocolate Fudge Cake Oats,Topping,Maple syrup,,,Maple syrup,,no-qty
5ebdd5bb-297b-4af3-940b-42325dcf1535|1|2,Vegan Chocolate Fudge Cake Oats,Topping,Cocoa powder,,,Cocoa powder,,no-qty
c6a9663b-edbb-4e17-9e22-8148dd4dbb53|0|0,Vegan Protein Waffles,Batter,½ cup flour (sub GF plain flour or oat flour to keep GF),0.5,cup,flour,sub GF plain flour or oat flour to keep GF,or-alt
c6a9663b-edbb-4e17-9e22-8148dd4dbb53|0|1,Vegan Protein Waffles,Batter,¼ cup oats,0.25,cup,oats,,
c6a9663b-edbb-4e17-9e22-8148dd4dbb53|0|2,Vegan Protein Waffles,Batter,1 tbsp sugar,1,tbsp,sugar,,
c6a9663b-edbb-4e17-9e22-8148dd4dbb53|0|3,Vegan Protein Waffles,Batter,½ tbsp baking powder,0.5,tbsp,baking powder,,
c6a9663b-edbb-4e17-9e22-8148dd4dbb53|0|4,Vegan Protein Waffles,Batter,1 cup plant milk,1,cup,plant milk,,
c6a9663b-edbb-4e17-9e22-8148dd4dbb53|0|5,Vegan Protein Waffles,Batter,⅛ cup coconut oil,0.125,cup,coconut oil,,
c6a9663b-edbb-4e17-9e22-8148dd4dbb53|0|6,Vegan Protein Waffles,Batter,¼ cup vanilla protein powder,0.25,cup,vanilla protein powder,,
c6a9663b-edbb-4e17-9e22-8148dd4dbb53|1|0,Vegan Protein Waffles,Topping,Dairy-free yoghurt,,,Dairy-free yoghurt,,no-qty
c6a9663b-edbb-4e17-9e22-8148dd4dbb53|1|1,Vegan Protein Waffles,Topping,Fresh or frozen berries,,,Fresh or frozen berries,,or-alt|no-qty
5bf0af52-b6c6-4949-85a0-88f51fde25b9|0|0,Vegan Tahini Brownies,Main,2 tbsp flax meal,2,tbsp,flax meal,,
5bf0af52-b6c6-4949-85a0-88f51fde25b9|0|1,Vegan Tahini Brownies,Main,1/4 cup water,0.25,cup,water,,
5bf0af52-b6c6-4949-85a0-88f51fde25b9|0|2,Vegan Tahini Brownies,Main,3/4 cup tahini,0.75,cup,tahini,,
5bf0af52-b6c6-4949-85a0-88f51fde25b9|0|3,Vegan Tahini Brownies,Main,1/4 cup maple syrup,0.25,cup,maple syrup,,
5bf0af52-b6c6-4949-85a0-88f51fde25b9|0|4,Vegan Tahini Brownies,Main,1/2 cup brown sugar,0.5,cup,brown sugar,,
5bf0af52-b6c6-4949-85a0-88f51fde25b9|0|5,Vegan Tahini Brownies,Main,1 tsp vanilla extract,1,tsp,vanilla extract,,
5bf0af52-b6c6-4949-85a0-88f51fde25b9|0|6,Vegan Tahini Brownies,Main,100g dairy-free dark chocolate,100,g,dairy-free dark chocolate,,
5bf0af52-b6c6-4949-85a0-88f51fde25b9|0|7,Vegan Tahini Brownies,Main,1/2 cup plain flour,0.5,cup,plain flour,,
5bf0af52-b6c6-4949-85a0-88f51fde25b9|0|8,Vegan Tahini Brownies,Main,1/3 cup cocoa powder,0.333,cup,cocoa powder,,
5bf0af52-b6c6-4949-85a0-88f51fde25b9|0|9,Vegan Tahini Brownies,Main,1 tsp baking soda,1,tsp,baking soda,,
5bf0af52-b6c6-4949-85a0-88f51fde25b9|0|10,Vegan Tahini Brownies,Main,Pinch of salt,1,pinch,salt,,
93f977ef-c14f-4462-810a-272468c36115|0|0,Vietnamese Chicken & Noodle Bowls,Chicken,600g skinless chicken thighs,600,g,skinless chicken thighs,,
93f977ef-c14f-4462-810a-272468c36115|0|1,Vietnamese Chicken & Noodle Bowls,Chicken,1–2 tablespoons dark soy sauce,1,tbsp,dark soy sauce,,range
93f977ef-c14f-4462-810a-272468c36115|0|2,Vietnamese Chicken & Noodle Bowls,Chicken,"1 clove garlic, finely chopped",1,clove,garlic,finely chopped,
93f977ef-c14f-4462-810a-272468c36115|0|3,Vietnamese Chicken & Noodle Bowls,Chicken,1 teaspoon honey,1,tsp,honey,,
93f977ef-c14f-4462-810a-272468c36115|0|4,Vietnamese Chicken & Noodle Bowls,Chicken,1 teaspoon corn flour,1,tsp,corn flour,,
93f977ef-c14f-4462-810a-272468c36115|1|0,Vietnamese Chicken & Noodle Bowls,Noodle Bowl,"270g vermicelli noodles, somen or soba noodles",270,g,vermicelli noodles,somen or soba noodles,or-alt
93f977ef-c14f-4462-810a-272468c36115|1|1,Vietnamese Chicken & Noodle Bowls,Noodle Bowl,"2 Lebanese cucumbers, sliced into rounds",2,,Lebanese cucumbers,sliced into rounds,
93f977ef-c14f-4462-810a-272468c36115|1|2,Vietnamese Chicken & Noodle Bowls,Noodle Bowl,"2 carrots, grated or julienned",2,,carrots,grated or julienned,or-alt
93f977ef-c14f-4462-810a-272468c36115|1|3,Vietnamese Chicken & Noodle Bowls,Noodle Bowl,"4 spring onions, thinly sliced",4,,spring onions,thinly sliced,
93f977ef-c14f-4462-810a-272468c36115|1|4,Vietnamese Chicken & Noodle Bowls,Noodle Bowl,"1 cup red cabbage, very thinly shredded",1,cup,red cabbage,very thinly shredded,
93f977ef-c14f-4462-810a-272468c36115|1|5,Vietnamese Chicken & Noodle Bowls,Noodle Bowl,"1 cup coriander, finely chopped",1,cup,coriander,finely chopped,
93f977ef-c14f-4462-810a-272468c36115|1|6,Vietnamese Chicken & Noodle Bowls,Noodle Bowl,"1 cup mint, finely chopped",1,cup,mint,finely chopped,
93f977ef-c14f-4462-810a-272468c36115|1|7,Vietnamese Chicken & Noodle Bowls,Noodle Bowl,"½ cup cashews, crushed",0.5,cup,cashews,crushed,
93f977ef-c14f-4462-810a-272468c36115|2|0,Vietnamese Chicken & Noodle Bowls,Nuoc Mam Dressing,2 tablespoons fish sauce,2,tbsp,fish sauce,,
93f977ef-c14f-4462-810a-272468c36115|2|1,Vietnamese Chicken & Noodle Bowls,Nuoc Mam Dressing,2 tablespoons lime juice,2,tbsp,lime juice,,
93f977ef-c14f-4462-810a-272468c36115|2|2,Vietnamese Chicken & Noodle Bowls,Nuoc Mam Dressing,1 tablespoon rice vinegar,1,tbsp,rice vinegar,,
93f977ef-c14f-4462-810a-272468c36115|2|3,Vietnamese Chicken & Noodle Bowls,Nuoc Mam Dressing,1 tablespoon brown sugar or coconut sugar,1,tbsp,brown sugar or coconut sugar,,or-alt
93f977ef-c14f-4462-810a-272468c36115|2|4,Vietnamese Chicken & Noodle Bowls,Nuoc Mam Dressing,"1 garlic clove, finely minced",1,,garlic clove,finely minced,
93f977ef-c14f-4462-810a-272468c36115|2|5,Vietnamese Chicken & Noodle Bowls,Nuoc Mam Dressing,"1 small red chilli, finely chopped (optional)",1,,small red chilli,finely chopped; optional,
93f977ef-c14f-4462-810a-272468c36115|2|6,Vietnamese Chicken & Noodle Bowls,Nuoc Mam Dressing,2 tablespoons water (to taste),2,tbsp,water,to taste,vague
e3817a54-4aca-4158-85dd-8f024ece17e2|0|0,Vietnamese Lettuce Wraps with Peanut Sauce,Lettuce Cups,"300g / 10oz peeled whole cooked prawns/shrimp, split in half horizontally, poop short removed",300,g,/ 10oz peeled whole cooked prawns/shrimp,"split in half horizontally,  poop short removed",digit-in-name|long
e3817a54-4aca-4158-85dd-8f024ece17e2|0|1,Vietnamese Lettuce Wraps with Peanut Sauce,Lettuce Cups,75g / 2.5oz dried vermicelli noodles (or glass noodles or rice),75,g,/ 2.5oz dried vermicelli noodles,or glass noodles or rice,digit-in-name|or-alt
e3817a54-4aca-4158-85dd-8f024ece17e2|0|2,Vietnamese Lettuce Wraps with Peanut Sauce,Lettuce Cups,"12 large or 16-20 small lettuce leaves (baby cos/romaine, iceberg or butter lettuce)",12,,large or 16-20 small lettuce leaves,"baby cos/romaine, iceberg or butter lettuce",digit-in-name|or-alt|long
e3817a54-4aca-4158-85dd-8f024ece17e2|1|0,Vietnamese Lettuce Wraps with Peanut Sauce,Veg and Herbs,1 batch quick pickled carrots and daikon (see below) OR 2 carrots finely julienned,1,,batch quick pickled carrots and daikon OR 2 carrots,finely julienned; see below,digit-in-name|or-alt|long
e3817a54-4aca-4158-85dd-8f024ece17e2|1|1,Vietnamese Lettuce Wraps with Peanut Sauce,Veg and Herbs,2 cups beansprouts,2,cup,beansprouts,,
e3817a54-4aca-4158-85dd-8f024ece17e2|1|2,Vietnamese Lettuce Wraps with Peanut Sauce,Veg and Herbs,"2 cucumbers, julienned",2,,cucumbers,julienned,
e3817a54-4aca-4158-85dd-8f024ece17e2|1|3,Vietnamese Lettuce Wraps with Peanut Sauce,Veg and Herbs,2 cups each mint leaves + coriander/cilantro sprigs,2,cup,each mint leaves + coriander/cilantro sprigs,,long
e3817a54-4aca-4158-85dd-8f024ece17e2|1|4,Vietnamese Lettuce Wraps with Peanut Sauce,Veg and Herbs,"3 birds eye red chilli, finely sliced (optional)",3,,birds eye red chilli,finely sliced; optional,
e3817a54-4aca-4158-85dd-8f024ece17e2|1|5,Vietnamese Lettuce Wraps with Peanut Sauce,Veg and Herbs,"1/4 cup roasted peanuts, finely chopped",0.25,cup,roasted peanuts,finely chopped,
e3817a54-4aca-4158-85dd-8f024ece17e2|2|0,Vietnamese Lettuce Wraps with Peanut Sauce,Vietnamese Peanut Sauce,"2 tbsp natural peanut butter, smooth",2,tbsp,natural peanut butter,smooth,
e3817a54-4aca-4158-85dd-8f024ece17e2|2|1,Vietnamese Lettuce Wraps with Peanut Sauce,Vietnamese Peanut Sauce,2 tbsp hoisin,2,tbsp,hoisin,,
e3817a54-4aca-4158-85dd-8f024ece17e2|2|2,Vietnamese Lettuce Wraps with Peanut Sauce,Vietnamese Peanut Sauce,1-2 tbsp lime juice,1,tbsp,lime juice,,range
e3817a54-4aca-4158-85dd-8f024ece17e2|2|3,Vietnamese Lettuce Wraps with Peanut Sauce,Vietnamese Peanut Sauce,1/3 cup low fat coconut milk (or 1/4 cup full fat topped up with water),0.333,cup,low fat coconut milk,or 1/4 cup full fat topped up with water,or-alt
e3817a54-4aca-4158-85dd-8f024ece17e2|2|4,Vietnamese Lettuce Wraps with Peanut Sauce,Vietnamese Peanut Sauce,"1 large garlic clove, finely grated",1,,large garlic clove,finely grated,
e3817a54-4aca-4158-85dd-8f024ece17e2|2|5,Vietnamese Lettuce Wraps with Peanut Sauce,Vietnamese Peanut Sauce,1 tsp+ sambal oelak or other chilli sauce (optional),1,tsp,+ sambal oelak or other chilli sauce,optional,or-alt|long
e3817a54-4aca-4158-85dd-8f024ece17e2|2|6,Vietnamese Lettuce Wraps with Peanut Sauce,Vietnamese Peanut Sauce,1 tsp dark soy (sub regular),1,tsp,dark soy,sub regular,
e3817a54-4aca-4158-85dd-8f024ece17e2|2|7,Vietnamese Lettuce Wraps with Peanut Sauce,Vietnamese Peanut Sauce,1 tsp white sugar,1,tsp,white sugar,,
e3817a54-4aca-4158-85dd-8f024ece17e2|2|8,Vietnamese Lettuce Wraps with Peanut Sauce,Vietnamese Peanut Sauce,1/2 tsp cooking salt / kosher salt,0.5,tsp,cooking salt / kosher salt,,
e3817a54-4aca-4158-85dd-8f024ece17e2|3|0,Vietnamese Lettuce Wraps with Peanut Sauce,Quick Pickled Vegetables (optional),1/2 cup white sugar + 4 tsp salt dissolved in 1½ cups boiling water,0.5,cup,white sugar + 4 tsp salt dissolved in 1 ½ cups boiling water,,digit-in-name|long
e3817a54-4aca-4158-85dd-8f024ece17e2|3|1,Vietnamese Lettuce Wraps with Peanut Sauce,Quick Pickled Vegetables (optional),3/4 cup rice wine vinegar (sub apple cider vinegar),0.75,cup,rice wine vinegar,sub apple cider vinegar,
e3817a54-4aca-4158-85dd-8f024ece17e2|3|2,Vietnamese Lettuce Wraps with Peanut Sauce,Quick Pickled Vegetables (optional),"2 medium carrots and 1/2 large white radish (daikon), peeled and cut into 2mm batons",2,,medium carrots and 1/2 large white radish,peeled and cut into 2mm batons; daikon,digit-in-name|long
d21e2346-29c6-45d3-a8a9-0995a8e98e80|0|0,Vietnamese Noodles with Lemongrass Chicken,Marinade,600–800g chicken thigh fillets,600,g,chicken thigh fillets,,range
d21e2346-29c6-45d3-a8a9-0995a8e98e80|0|1,Vietnamese Noodles with Lemongrass Chicken,Marinade,"2 garlic cloves, minced",2,,garlic cloves,minced,
d21e2346-29c6-45d3-a8a9-0995a8e98e80|0|2,Vietnamese Noodles with Lemongrass Chicken,Marinade,"2 tbsp each lime juice, fish sauce, brown sugar",2,tbsp,each lime juice,"fish sauce,  brown sugar",
d21e2346-29c6-45d3-a8a9-0995a8e98e80|0|3,Vietnamese Noodles with Lemongrass Chicken,Marinade,"1 tbsp each soy sauce, vegetable oil",1,tbsp,each soy sauce,vegetable oil,
d21e2346-29c6-45d3-a8a9-0995a8e98e80|0|4,Vietnamese Noodles with Lemongrass Chicken,Marinade,"1 stalk lemongrass, white part only, bruised then sliced into chunks",1,stalk,lemongrass,"white part only,  bruised then sliced into chunks",
d21e2346-29c6-45d3-a8a9-0995a8e98e80|1|0,Vietnamese Noodles with Lemongrass Chicken,Nuoc Cham Sauce,¼ cup fish sauce,0.25,cup,fish sauce,,
d21e2346-29c6-45d3-a8a9-0995a8e98e80|1|1,Vietnamese Noodles with Lemongrass Chicken,Nuoc Cham Sauce,4 tbsp rice vinegar,4,tbsp,rice vinegar,,
d21e2346-29c6-45d3-a8a9-0995a8e98e80|1|2,Vietnamese Noodles with Lemongrass Chicken,Nuoc Cham Sauce,3 tbsp lime juice,3,tbsp,lime juice,,
d21e2346-29c6-45d3-a8a9-0995a8e98e80|1|3,Vietnamese Noodles with Lemongrass Chicken,Nuoc Cham Sauce,2 tbsp white sugar,2,tbsp,white sugar,,
d21e2346-29c6-45d3-a8a9-0995a8e98e80|1|4,Vietnamese Noodles with Lemongrass Chicken,Nuoc Cham Sauce,½ cup water,0.5,cup,water,,
d21e2346-29c6-45d3-a8a9-0995a8e98e80|1|5,Vietnamese Noodles with Lemongrass Chicken,Nuoc Cham Sauce,"2 garlic cloves, finely chopped",2,,garlic cloves,finely chopped,
d21e2346-29c6-45d3-a8a9-0995a8e98e80|1|6,Vietnamese Noodles with Lemongrass Chicken,Nuoc Cham Sauce,"1 red birdseye chilli, finely chopped (or other hot chili)",1,,red birdseye chilli,finely chopped; or other hot chili,or-alt
d21e2346-29c6-45d3-a8a9-0995a8e98e80|2|0,Vietnamese Noodles with Lemongrass Chicken,Noodle Bowl,½ tbsp oil (to cook chicken),0.5,tbsp,oil,to cook chicken,
d21e2346-29c6-45d3-a8a9-0995a8e98e80|2|1,Vietnamese Noodles with Lemongrass Chicken,Noodle Bowl,"200g vermicelli noodles, prepared per packet",200,g,vermicelli noodles,prepared per packet,
d21e2346-29c6-45d3-a8a9-0995a8e98e80|2|2,Vietnamese Noodles with Lemongrass Chicken,Noodle Bowl,"2 carrots + 2 cucumbers, julienned",2,,carrots + 2 cucumbers,julienned,digit-in-name
d21e2346-29c6-45d3-a8a9-0995a8e98e80|2|3,Vietnamese Noodles with Lemongrass Chicken,Noodle Bowl,"5 cups iceberg lettuce, finely sliced",5,cup,iceberg lettuce,finely sliced,
d21e2346-29c6-45d3-a8a9-0995a8e98e80|2|4,Vietnamese Noodles with Lemongrass Chicken,Noodle Bowl,3 cups bean sprouts,3,cup,bean sprouts,,
d21e2346-29c6-45d3-a8a9-0995a8e98e80|2|5,Vietnamese Noodles with Lemongrass Chicken,Noodle Bowl,handful of mint and coriander/cilantro leaves,1,handful,mint and coriander/cilantro leaves,,
d21e2346-29c6-45d3-a8a9-0995a8e98e80|2|6,Vietnamese Noodles with Lemongrass Chicken,Noodle Bowl,lime wedges & sliced chilli to serve,,,lime wedges & sliced chilli,to serve,vague|no-qty
bae33954-41a4-4543-9f0f-a15dd2cf6404|0|0,Viral Boiled Egg Chocolate Mousse,Main,"8 boiled eggs, cooled in fridge",8,,boiled eggs,cooled in fridge,
bae33954-41a4-4543-9f0f-a15dd2cf6404|0|1,Viral Boiled Egg Chocolate Mousse,Main,60g sugar,60,g,sugar,,
bae33954-41a4-4543-9f0f-a15dd2cf6404|0|2,Viral Boiled Egg Chocolate Mousse,Main,75g cocoa powder,75,g,cocoa powder,,
bae33954-41a4-4543-9f0f-a15dd2cf6404|0|3,Viral Boiled Egg Chocolate Mousse,Main,200ml milk of choice,200,ml,milk of choice,,
bae33954-41a4-4543-9f0f-a15dd2cf6404|0|4,Viral Boiled Egg Chocolate Mousse,Main,1 tsp vanilla essence,1,tsp,vanilla essence,,
bae33954-41a4-4543-9f0f-a15dd2cf6404|0|5,Viral Boiled Egg Chocolate Mousse,Main,"Optional toppings: banana, Biscoff, berries, mint",,,toppings: banana,"Biscoff,  berries,  mint",no-qty
8dc1941d-ab97-476f-a382-2893535f3d3a|0|0,Viral Carrot Cake Baked Oats,Batter,"2 medium ripe bananas, mashed (sub 200g unsweetened applesauce to make banana-free)",2,,medium ripe bananas,mashed; sub 200g unsweetened applesauce to make banana-free,
8dc1941d-ab97-476f-a382-2893535f3d3a|0|1,Viral Carrot Cake Baked Oats,Batter,2 cups rolled oats,2,cup,rolled oats,,
8dc1941d-ab97-476f-a382-2893535f3d3a|0|2,Viral Carrot Cake Baked Oats,Batter,~30g vanilla plant protein powder (or ¼ cup wholemeal plain flour — sub GF oat flour to keep GF),,,~30g vanilla plant protein powder,or ¼ cup wholemeal plain flour — sub GF oat flour to keep GF,digit-in-name|or-alt|no-qty
8dc1941d-ab97-476f-a382-2893535f3d3a|0|3,Viral Carrot Cake Baked Oats,Batter,½ tsp cinnamon,0.5,tsp,cinnamon,,
8dc1941d-ab97-476f-a382-2893535f3d3a|0|4,Viral Carrot Cake Baked Oats,Batter,1 flat tsp baking powder,1,,flat tsp baking powder,,
8dc1941d-ab97-476f-a382-2893535f3d3a|0|5,Viral Carrot Cake Baked Oats,Batter,"1 medium carrot, grated",1,,medium carrot,grated,
8dc1941d-ab97-476f-a382-2893535f3d3a|0|6,Viral Carrot Cake Baked Oats,Batter,"¼ cup pecans or walnuts, crushed",0.25,cup,pecans or walnuts,crushed,or-alt
8dc1941d-ab97-476f-a382-2893535f3d3a|0|7,Viral Carrot Cake Baked Oats,Batter,"1–2 tbsp honey, maple syrup, or alternative sweetener",1,tbsp,honey,"maple syrup,  or alternative sweetener",range|or-alt
8dc1941d-ab97-476f-a382-2893535f3d3a|0|8,Viral Carrot Cake Baked Oats,Batter,1.5 cups milk of choice,1.5,cup,milk of choice,,
8dc1941d-ab97-476f-a382-2893535f3d3a|1|0,Viral Carrot Cake Baked Oats,Topping,1 pot (~160g) yoghurt of choice (use dairy-free coconut or soya yoghurt to keep DF),1,,pot yoghurt of choice,~160g; use dairy-free coconut or soya yoghurt to keep DF,or-alt
8dc1941d-ab97-476f-a382-2893535f3d3a|1|1,Viral Carrot Cake Baked Oats,Topping,50g reduced fat cream cheese (sub dairy-free cream cheese e.g. Violife to keep DF),50,g,reduced fat cream cheese,sub dairy-free cream cheese e.g. Violife to keep DF,
8dc1941d-ab97-476f-a382-2893535f3d3a|1|2,Viral Carrot Cake Baked Oats,Topping,Leftover crushed nuts (optional),,,Leftover crushed nuts,optional,no-qty
65ffb628-d698-4e27-9a88-7ecbcc9b0ff9|0|0,Viral Green Goddess Salad,Salad,1 small head green cabbage,1,,small head green cabbage,,
65ffb628-d698-4e27-9a88-7ecbcc9b0ff9|0|1,Viral Green Goddess Salad,Salad,1 large cucumber,1,,large cucumber,,
65ffb628-d698-4e27-9a88-7ecbcc9b0ff9|0|2,Viral Green Goddess Salad,Salad,20g bunch of chives,20,g,bunch of chives,,
65ffb628-d698-4e27-9a88-7ecbcc9b0ff9|0|3,Viral Green Goddess Salad,Salad,4-5 spring onions,4,,spring onions,,range
65ffb628-d698-4e27-9a88-7ecbcc9b0ff9|0|4,Viral Green Goddess Salad,Salad,"1 apple, grated (optional)",1,,apple,grated; optional,
65ffb628-d698-4e27-9a88-7ecbcc9b0ff9|1|0,Viral Green Goddess Salad,Green Goddess Dressing,30g basil leaves,30,g,basil leaves,,
65ffb628-d698-4e27-9a88-7ecbcc9b0ff9|1|1,Viral Green Goddess Salad,Green Goddess Dressing,30g fresh spinach,30,g,fresh spinach,,
65ffb628-d698-4e27-9a88-7ecbcc9b0ff9|1|2,Viral Green Goddess Salad,Green Goddess Dressing,1 clove of garlic,1,clove,garlic,,
65ffb628-d698-4e27-9a88-7ecbcc9b0ff9|1|3,Viral Green Goddess Salad,Green Goddess Dressing,1 banana shallot,1,,banana shallot,,
65ffb628-d698-4e27-9a88-7ecbcc9b0ff9|1|4,Viral Green Goddess Salad,Green Goddess Dressing,"2 lemons, juiced",2,,lemons,juiced,
65ffb628-d698-4e27-9a88-7ecbcc9b0ff9|1|5,Viral Green Goddess Salad,Green Goddess Dressing,60ml olive oil,60,ml,olive oil,,
65ffb628-d698-4e27-9a88-7ecbcc9b0ff9|1|6,Viral Green Goddess Salad,Green Goddess Dressing,30g nuts (cashews and walnuts),30,g,nuts,cashews and walnuts,
65ffb628-d698-4e27-9a88-7ecbcc9b0ff9|1|7,Viral Green Goddess Salad,Green Goddess Dressing,25g nutritional yeast,25,g,nutritional yeast,,
65ffb628-d698-4e27-9a88-7ecbcc9b0ff9|1|8,Viral Green Goddess Salad,Green Goddess Dressing,5g salt,5,g,salt,,
65ffb628-d698-4e27-9a88-7ecbcc9b0ff9|1|9,Viral Green Goddess Salad,Green Goddess Dressing,1 tbsp white wine vinegar,1,tbsp,white wine vinegar,,
daf4379f-3e35-4acd-9173-c434d6c77ade|0|0,Viral Healthy Chocolate Cake,Main,"15 medjool dates, pips removed",15,,medjool dates,pips removed,
daf4379f-3e35-4acd-9173-c434d6c77ade|0|1,Viral Healthy Chocolate Cake,Main,1 cup warm milk,1,cup,warm milk,,
daf4379f-3e35-4acd-9173-c434d6c77ade|0|2,Viral Healthy Chocolate Cake,Main,1 1/4 cups flour (or GF flour),1.25,cup,flour,or GF flour,or-alt
daf4379f-3e35-4acd-9173-c434d6c77ade|0|3,Viral Healthy Chocolate Cake,Main,3 tbsp cacao powder,3,tbsp,cacao powder,,
daf4379f-3e35-4acd-9173-c434d6c77ade|0|4,Viral Healthy Chocolate Cake,Main,1 tsp baking soda,1,tsp,baking soda,,
daf4379f-3e35-4acd-9173-c434d6c77ade|0|5,Viral Healthy Chocolate Cake,Main,1 tsp baking powder,1,tsp,baking powder,,
daf4379f-3e35-4acd-9173-c434d6c77ade|0|6,Viral Healthy Chocolate Cake,Main,2 eggs,2,,eggs,,
daf4379f-3e35-4acd-9173-c434d6c77ade|0|7,Viral Healthy Chocolate Cake,Main,Dark chocolate chips (optional but recommended),,,Dark chocolate chips,optional but recommended,no-qty
793a953e-803d-4136-b8e8-9526e06d30b6|0|0,Viral Mango Yogurt Bites,Main,"1 mango, diced (or frozen mango pieces)",1,,mango,diced; or frozen mango pieces,or-alt
793a953e-803d-4136-b8e8-9526e06d30b6|0|1,Viral Mango Yogurt Bites,Main,Vanilla Greek yoghurt,,,Vanilla Greek yoghurt,,no-qty
793a953e-803d-4136-b8e8-9526e06d30b6|0|2,Viral Mango Yogurt Bites,Main,"1 white chocolate bar (or any white chocolate), melted",1,,white chocolate bar,melted; or any white chocolate,or-alt
793a953e-803d-4136-b8e8-9526e06d30b6|0|3,Viral Mango Yogurt Bites,Main,Handful of crushed macadamias,1,handful,macadamias,crushed,
690b446d-a9f4-4321-b9df-6908607d3393|0|0,XL Gluten Free Rice Paper Dumplings,filling,1 pound ground chicken,1,lb,ground chicken,,
690b446d-a9f4-4321-b9df-6908607d3393|0|1,XL Gluten Free Rice Paper Dumplings,filling,½ cup chopped onion,0.5,cup,onion,chopped,
690b446d-a9f4-4321-b9df-6908607d3393|0|2,XL Gluten Free Rice Paper Dumplings,filling,"2 garlic cloves, minced",2,,garlic cloves,minced,
690b446d-a9f4-4321-b9df-6908607d3393|0|3,XL Gluten Free Rice Paper Dumplings,filling,1½ teaspoon salt,1,,½ teaspoon salt,,
690b446d-a9f4-4321-b9df-6908607d3393|0|4,XL Gluten Free Rice Paper Dumplings,filling,½ teaspoon ground black pepper,0.5,tsp,ground black pepper,,
690b446d-a9f4-4321-b9df-6908607d3393|0|5,XL Gluten Free Rice Paper Dumplings,filling,"1 small zucchini, shredded (or sub with cabbage)",1,,small zucchini,shredded; or sub with cabbage,or-alt
690b446d-a9f4-4321-b9df-6908607d3393|0|6,XL Gluten Free Rice Paper Dumplings,filling,1 tablespoon potato starch,1,tbsp,potato starch,,
690b446d-a9f4-4321-b9df-6908607d3393|0|7,XL Gluten Free Rice Paper Dumplings,filling,1 tablespoon toasted sesame oil,1,tbsp,sesame oil,toasted,
690b446d-a9f4-4321-b9df-6908607d3393|1|0,XL Gluten Free Rice Paper Dumplings,wrappers,Rice paper,,,Rice paper,,no-qty
dfa89be8-b150-40ad-a50c-5d507466afbe|0|0,Zesty + Spicy Chicken Fusion Bowl,Chicken Marinade,2 lb chicken thighs,2,lb,chicken thighs,,
dfa89be8-b150-40ad-a50c-5d507466afbe|0|1,Zesty + Spicy Chicken Fusion Bowl,Chicken Marinade,1 tbsp avocado or olive oil,1,tbsp,avocado or olive oil,,or-alt
dfa89be8-b150-40ad-a50c-5d507466afbe|0|2,Zesty + Spicy Chicken Fusion Bowl,Chicken Marinade,2 tbsp soy sauce,2,tbsp,soy sauce,,
dfa89be8-b150-40ad-a50c-5d507466afbe|0|3,Zesty + Spicy Chicken Fusion Bowl,Chicken Marinade,2 tbsp rice vinegar,2,tbsp,rice vinegar,,
dfa89be8-b150-40ad-a50c-5d507466afbe|0|4,Zesty + Spicy Chicken Fusion Bowl,Chicken Marinade,2 generous pinches salt & pepper,2,,generous pinches salt & pepper,,
dfa89be8-b150-40ad-a50c-5d507466afbe|0|5,Zesty + Spicy Chicken Fusion Bowl,Chicken Marinade,1 tbsp five spice,1,tbsp,five spice,,
dfa89be8-b150-40ad-a50c-5d507466afbe|0|6,Zesty + Spicy Chicken Fusion Bowl,Chicken Marinade,1 tbsp garlic powder,1,tbsp,garlic powder,,
dfa89be8-b150-40ad-a50c-5d507466afbe|0|7,Zesty + Spicy Chicken Fusion Bowl,Chicken Marinade,1 tbsp onion powder,1,tbsp,onion powder,,
dfa89be8-b150-40ad-a50c-5d507466afbe|0|8,Zesty + Spicy Chicken Fusion Bowl,Chicken Marinade,1 tbsp chipotle powder,1,tbsp,chipotle powder,,
dfa89be8-b150-40ad-a50c-5d507466afbe|0|9,Zesty + Spicy Chicken Fusion Bowl,Chicken Marinade,1/2 tsp cayenne powder,0.5,tsp,cayenne powder,,
dfa89be8-b150-40ad-a50c-5d507466afbe|1|0,Zesty + Spicy Chicken Fusion Bowl,Express Pickled Onions,"1 red onion, thinly sliced",1,,red onion,thinly sliced,
dfa89be8-b150-40ad-a50c-5d507466afbe|1|1,Zesty + Spicy Chicken Fusion Bowl,Express Pickled Onions,juice of 2 limes,,,juice of 2 limes,,digit-in-name|no-qty
dfa89be8-b150-40ad-a50c-5d507466afbe|1|2,Zesty + Spicy Chicken Fusion Bowl,Express Pickled Onions,pinch of salt,1,pinch,salt,,
dfa89be8-b150-40ad-a50c-5d507466afbe|1|3,Zesty + Spicy Chicken Fusion Bowl,Express Pickled Onions,1 tbsp chile lime seasoning,1,tbsp,chile lime seasoning,,
dfa89be8-b150-40ad-a50c-5d507466afbe|2|0,Zesty + Spicy Chicken Fusion Bowl,Slaw,"1/2 small purple cabbage, shredded",0.5,,small purple cabbage,shredded,
dfa89be8-b150-40ad-a50c-5d507466afbe|2|1,Zesty + Spicy Chicken Fusion Bowl,Slaw,"3 carrots, shredded",3,,carrots,shredded,
dfa89be8-b150-40ad-a50c-5d507466afbe|2|2,Zesty + Spicy Chicken Fusion Bowl,Slaw,"3 Persian cucumbers, thinly sliced",3,,Persian cucumbers,thinly sliced,
dfa89be8-b150-40ad-a50c-5d507466afbe|2|3,Zesty + Spicy Chicken Fusion Bowl,Slaw,large handful fresh cilantro,1,handful,fresh cilantro,,
dfa89be8-b150-40ad-a50c-5d507466afbe|2|4,Zesty + Spicy Chicken Fusion Bowl,Slaw,"2 scallions, diced",2,,scallions,diced,
dfa89be8-b150-40ad-a50c-5d507466afbe|3|0,Zesty + Spicy Chicken Fusion Bowl,Slaw Sauce,5 tbsp mayo,5,tbsp,mayo,,
dfa89be8-b150-40ad-a50c-5d507466afbe|3|1,Zesty + Spicy Chicken Fusion Bowl,Slaw Sauce,1.5 tbsp sriracha,1.5,tbsp,sriracha,,
dfa89be8-b150-40ad-a50c-5d507466afbe|3|2,Zesty + Spicy Chicken Fusion Bowl,Slaw Sauce,1 tbsp soy sauce,1,tbsp,soy sauce,,
dfa89be8-b150-40ad-a50c-5d507466afbe|3|3,Zesty + Spicy Chicken Fusion Bowl,Slaw Sauce,1 tbsp rice vinegar,1,tbsp,rice vinegar,,
dfa89be8-b150-40ad-a50c-5d507466afbe|3|4,Zesty + Spicy Chicken Fusion Bowl,Slaw Sauce,1 tsp honey or powdered monkfruit,1,tsp,honey or powdered monkfruit,,or-alt
dfa89be8-b150-40ad-a50c-5d507466afbe|3|5,Zesty + Spicy Chicken Fusion Bowl,Slaw Sauce,1 tsp minced garlic,1,tsp,garlic,minced,
dfa89be8-b150-40ad-a50c-5d507466afbe|3|6,Zesty + Spicy Chicken Fusion Bowl,Slaw Sauce,juice of 1 lime,,,juice of 1 lime,,digit-in-name|no-qty
dfa89be8-b150-40ad-a50c-5d507466afbe|4|0,Zesty + Spicy Chicken Fusion Bowl,To Serve,"Kaizen rice (or regular rice, quinoa, or cauli rice)",,,Kaizen rice,"or regular rice, quinoa, or cauli rice",or-alt|no-qty
dfa89be8-b150-40ad-a50c-5d507466afbe|4|1,Zesty + Spicy Chicken Fusion Bowl,To Serve,fresh cilantro,,,fresh cilantro,,no-qty
dfa89be8-b150-40ad-a50c-5d507466afbe|4|2,Zesty + Spicy Chicken Fusion Bowl,To Serve,sesame seeds,,,sesame seeds,,no-qty
dfa89be8-b150-40ad-a50c-5d507466afbe|4|3,Zesty + Spicy Chicken Fusion Bowl,To Serve,avocado,,,avocado,,no-qty
